--- Acyclic_Orientations ---
3888	20
5184	8
5832	150
6804	2
7290	1
7776	142
8424	62
8640	7
8748	426
9072	8
9720	41
10044	5
10206	16
10368	97
10692	7
10854	1
11016	2
11232	27
11664	677
11880	24
12636	535
12960	140
13068	15
13104	2
13122	529
13608	114
13824	32
13932	57
14256	50
14364	8
14472	5
14580	191
14688	21
14742	2
14796	3
15066	60
15120	4
15228	9
15282	1
15336	4
15552	849
15714	8
15876	13
15930	1
15984	1
16038	1
16092	1
16146	1
16200	2
16308	1
16416	1
16524	4
16686	1
16848	723
17172	1
17280	109
17424	7
17496	1214
17820	424
18144	134
18252	133
18576	140
18720	17
18792	40
18828	11
18954	1310
19008	30
19152	7
19440	706
19548	79
19602	75
19656	31
19674	2
19680	1
19872	80
19980	8
20088	45
20124	5
20304	20
20412	371
20448	8
20556	8
20736	705
20880	8
20898	362
20952	13
21060	75
21168	7
21312	5
21384	283
21546	160
21600	14
21708	59
21762	24
21816	8
21834	1
21852	1
21924	4
22032	459
22194	40
22248	11
22356	15
22410	18
22464	554
22482	1
22518	6
22536	1
22554	1
22572	1
22626	1
22680	64
22698	1
22716	1
22788	5
22842	1
22896	64
23004	53
23040	38
23058	9
23112	15
23184	6
23256	1
23274	9
23328	2204
23346	1
23382	1
23400	1
23436	8
23472	1
23490	18
23544	1
23562	1
23580	1
23634	1
23652	23
23688	1
23706	2
23760	386
23778	1
23868	3
23904	1
23976	7
24012	1
24066	1
24084	5
24120	1
24192	206
24300	1
24336	81
24354	4
24408	1
24516	2
24570	2
24624	11
24732	125
24768	59
24840	2
24912	16
25002	1
25056	27
25164	183
25218	1
25272	3125
25344	4
25380	1
25488	172
25704	12
25740	70
25920	1088
26064	50
26136	104
26208	38
26232	1
26316	15
26496	44
26568	25
26640	32
26676	1
26730	1595
26784	16
26892	7
27000	2
27036	15
27072	13
27216	933
27378	998
27468	13
27504	7
27648	381
27792	23
27864	1243
27936	19
28044	28
28080	421
28188	227
28242	145
28296	14
28314	32
28368	46
28392	2
28410	2
28512	485
28728	222
28800	34
28836	21
28944	74
29016	27
29040	2
29088	5
29112	2
29160	325
29178	4
29274	2
29322	711
29328	1
29340	7
29376	538
29448	5
29484	263
29592	42
29664	4
29700	21
29808	783
29880	7
29952	183
29970	148
30024	4
30186	257
30240	106
30348	19
30384	6
30402	6
30456	263
30474	11
30492	2
30528	42
30564	1
30570	1
30672	416
30744	4
30780	17
30816	9
30834	232
30888	134
30960	10
31032	5
31050	34
31104	3183
31122	37
31158	2
31176	18
31194	1
31212	43
31248	8
31266	13
31272	1
31290	1
31320	221
31338	6
31356	8
31392	2
31410	2
31428	117
31464	4
31536	115
31608	19
31644	1
31680	165
31698	48
31752	35
31770	10
31824	130
31896	4
31914	10
31920	1
31968	104
31986	20
31992	1
32058	8
32076	68
32082	1
32112	9
32130	23
32136	1
32154	1
32184	40
32202	4
32208	1
32220	1
32256	104
32274	2
32292	21
32328	4
32370	1
32400	179
32472	22
32490	1
32508	8
32544	2
32616	19
32634	1
32688	33
32760	14
32778	34
32784	1
32832	157
32850	11
32856	1
32922	1
32928	1
32940	21
32976	64
32994	22
33018	1
33048	1567
33066	2
33072	1
33120	9
33138	4
33144	1
33156	32
33192	4
33210	2
33228	8
33264	40
33282	1
33300	2
33306	1
33336	21
33354	3
33360	1
33372	1
33408	3
33426	28
33444	2
33480	60
33498	1
33516	4
33552	105
33624	3
33642	40
33660	2
33696	4592
33714	10
33720	1
33732	3
33768	5
33792	1
33804	20
33840	2
33858	1
33912	6
33930	5
33936	1
33948	27
33984	143
34008	1
34128	92
34146	4
34164	1
34170	1
34224	1
34236	43
34290	1
34296	1
34308	1
34344	375
34380	2
34386	1
34416	13
34434	3
34488	5
34506	147
34512	1
34560	1083
34578	4
34632	5
34650	2
34674	1
34704	25
34776	72
34794	4
34812	1
34848	78
34866	6
34920	14
34944	6
34956	80
34968	1
34992	156
35016	1
35028	2
35064	2
35082	5
35100	1
35136	21
35208	1
35244	1
35280	25
35352	4
35424	25
35442	2
35460	1
35496	2
35532	51
35568	8
35604	3
35640	3111
35658	2
35712	29
35730	3
35784	3
35856	44
35928	1
35946	1
36000	4
36108	9
36144	2
36216	4
36252	1
36288	2340
36360	2
36396	1
36432	66
36450	1
36504	1858
36576	13
36594	1
36612	5
36648	2
36720	140
36864	112
36936	134
37008	3
37026	1
37080	1
37098	774
37152	1484
37260	7
37296	8
37368	356
37440	442
37584	404
37656	136
37728	49
37746	1345
37752	20
37800	2
37824	9
37836	9
37848	2
37890	1
37998	1
38016	619
38160	20
38232	1403
38304	137
38340	2
38376	21
38400	12
38448	107
38556	115
38592	44
38610	1419
38664	17
38688	10
38712	2
38736	7
38784	1
38880	1379
38904	2
38988	4
39000	1
39042	1
39096	1181
39168	246
39240	8
39276	1
39312	897
39456	19
39474	226
39528	14
39546	182
39600	172
39672	2
39708	5
39744	1254
39762	38
39816	2
39834	53
39852	147
39888	26
39930	8
39960	840
39984	4
40008	4
40026	1
40068	6
40104	1
40176	184
40248	519
40320	69
40338	110
40392	2
40464	13
40536	73
40554	354
40560	30
40608	579
40626	51
40632	4
40698	38
40716	92
40728	2
40752	4
40770	2
40794	21
40824	778
40890	3
40896	329
40920	6
40932	1
40944	3
40968	28
41040	132
41112	244
41148	14
41184	177
41202	220
41256	125
41280	19
41328	1
41400	86
41418	96
41472	3233
41496	28
41520	4
41568	12
41580	134
41592	7
41616	56
41664	2
41688	519
41706	37
41760	183
41784	8
41808	4
41832	16
41868	5
41880	2
41904	511
41946	2
42012	15
42042	3
42048	155
42066	669
42090	2
42120	641
42144	8
42192	73
42264	62
42282	70
42336	111
42354	219
42360	6
42408	1
42432	15
42444	82
42456	5
42480	7
42528	4
42552	720
42570	37
42588	28
42600	2
42624	99
42642	6
42648	8
42744	3
42768	198
42816	2
42840	82
42876	2
42912	23
42930	55
42984	86
43032	1
43056	293
43128	26
43146	32
43164	1
43200	560
43218	102
43272	1
43290	95
43296	8
43308	33
43344	184
43416	202
43440	9
43488	23
43506	56
43524	53
43560	58
43578	5
43584	8
43596	8
43602	15
43608	1
43632	107
43674	5
43680	1
43704	218
43722	7
43728	3
43740	4
43752	5
43770	5
43776	174
43794	6
43800	4
43848	16
43884	8
43890	4
43920	89
43968	2
43986	2
43992	208
44010	134
44028	10
44064	4072
44082	71
44088	4
44136	3
44154	42
44160	13
44172	111
44208	100
44280	33
44298	16
44304	21
44328	1
44352	90
44370	46
44376	7
44400	3
44442	11
44448	8
44472	5
44496	74
44538	25
44568	57
44586	1
44592	2
44604	1
44616	3
44634	5
44640	100
44658	27
44676	4
44688	4
44712	715
44730	8
44748	23
44754	9
44760	2
44784	15
44832	2
44856	187
44874	41
44880	6
44892	4
44904	2
44922	3
44928	4373
44946	1
44952	7
44976	3
45000	1
45018	1
45024	7
45036	28
45048	1
45072	62
45090	1
45144	25
45162	29
45216	66
45234	27
45240	35
45252	1
45264	4
45306	15
45324	23
45336	6
45360	317
45396	15
45402	6
45408	5
45414	1
45432	15
45468	1
45498	2
45504	109
45522	21
45528	8
45546	1
45552	7
45576	87
45594	2
45612	9
45624	9
45648	100
45666	6
45690	2
45720	82
45738	3
45744	4
45786	8
45792	746
45810	5
45828	7
45840	4
45864	9
45882	1
45888	4
45900	1
45906	4
45912	5
45936	32
46002	2
46008	1532
46026	21
46074	2
46080	606
46098	71
46104	4
46116	2
46152	30
46170	2
46176	15
46188	16
46200	5
46224	107
46272	6
46290	1
46296	35
46314	8
46332	4
46344	2
46368	113
46386	19
46392	9
46416	2
46440	72
46464	26
46476	11
46482	1
46488	9
46512	10
46548	2
46560	9
46578	1
46584	13
46602	2
46620	12
46650	1
46656	2239
46674	38
46704	3
46728	3
46746	3
46752	2
46764	1
46770	2
46776	4
46794	2
46800	78
46812	1
46848	3
46860	1
46872	51
46896	5
46938	5
46944	19
46962	31
46968	2
46980	1
47016	28
47034	9
47040	7
47052	4
47058	2
47064	5
47088	106
47136	4
47160	26
47178	25
47184	2
47196	2
47208	2
47226	2
47232	16
47244	1
47250	9
47256	2
47304	265
47340	5
47346	2
47352	2
47376	30
47400	1
47412	2
47424	5
47448	67
47466	2
47484	6
47496	2
47514	2
47520	3654
47538	4
47544	2
47562	2
47568	1
47592	8
47610	7
47628	39
47634	1
47640	4
47664	103
47688	1
47700	5
47712	2
47730	1
47736	1760
47808	23
47826	56
47832	2
47844	3
47850	2
47856	2
47880	22
47898	2
47904	1
47922	2
47928	3
47952	195
47964	1
47994	1
48000	4
48024	18
48048	2
48090	2
48096	6
48114	421
48120	2
48144	2
48168	5
48186	14
48204	7
48210	1
48216	3
48234	1
48240	15
48288	3
48306	3
48312	43
48336	4
48348	2
48360	1
48366	1
48378	3
48384	3149
48402	3
48408	1
48420	3
48432	4
48474	1
48498	5
48528	20
48546	1
48552	1
48576	3
48594	3
48600	1069
48648	1
48666	2
48672	1640
48690	2
48696	4
48714	1
48720	1
48792	1
48816	40
48828	1
48840	3
48876	1
48882	4
48888	9
48906	1
48924	5
48936	1
48960	315
48978	4
48984	7
49032	238
49050	4
49056	1
49080	5
49104	27
49116	1
49146	1
49152	3
49170	1
49176	36
49194	1
49224	2
49242	2
49248	1587
49266	2
49296	6
49308	1
49320	15
49338	1
49356	1
49362	2
49368	18
49428	1
49440	4
49464	1253
49488	3
49500	1
49518	1
49530	3
49536	976
49584	3
49608	207
49626	2
49632	2
49656	2
49680	30
49704	2
49746	6
49752	41
49770	2
49776	1
49800	1
49824	422
49842	124
49848	2
49866	1
49872	3
49896	61
49920	159
49944	1
49968	1
50016	1
50034	2
50040	47
50058	1
50088	1
50106	1
50112	409
50160	2
50184	11
50202	1
50208	55
50220	30
50232	20
50256	1
50292	5
50304	28
50328	2384
50346	1
50352	3
50376	4
50400	11
50424	1
50448	3
50472	14
50496	1
50520	5
50544	163
50556	1
50568	1
50592	1
50616	1
50640	1
50652	5
50682	4
50688	348
50712	3
50736	3
50760	42
50796	1
50808	5
50832	1
50868	1
50874	1
50880	14
50898	2
50904	2
50922	315
50970	1
50976	3251
50994	3
51000	3
51024	4
51048	9
51072	41
51084	2
51096	2
51120	48
51144	2
51156	1
51168	20
51186	1
51192	1205
51240	2
51264	80
51282	1
51336	2
51354	245
51384	6
51408	322
51456	14
51480	1822
51546	1
51552	10
51576	1
51600	1
51612	1
51624	155
51666	1
51672	6
51696	1
51768	20
51792	1
51840	3141
51858	3
51864	1
51888	1
51906	1
51912	5
51936	1
51948	1
51960	1
51984	34
52020	10
52032	2
52050	1
52056	557
52128	832
52152	1
52188	1
52200	1
52248	1
52272	108
52314	1
52320	2
52380	34
52410	1
52416	1330
52434	1362
52440	2
52488	231
52536	1
52560	23
52584	2
52596	1
52632	366
52650	16
52680	1
52704	545
52728	141
52800	95
52920	531
52992	871
53016	19
53064	18
53112	27
53136	614
53178	1
53184	11
53208	7
53280	922
53298	1025
53304	1
53352	147
53424	14
53490	1
53496	168
53568	1072
53586	351
53592	3
53640	31
53664	255
53676	13
53706	1
53712	62
53724	1
53736	1
53760	30
53778	2
53784	1226
53832	1
53856	118
53928	39
53940	1
53976	61
54000	193
54048	49
54072	419
54120	1
54144	507
54162	188
54168	27
54216	26
54240	3
54264	22
54288	122
54324	3
54336	12
54360	42
54378	11
54396	1
54432	2305
54450	368
54456	2
54504	43
54522	630
54528	65
54540	71
54576	158
54624	17
54648	1503
54720	135
54792	30
54810	39
54816	85
54864	347
54912	55
54936	189
54954	3
54960	19
54984	9
55008	190
55080	1034
55122	9
55128	7
55152	4
55176	1
55200	42
55224	933
55272	3
55290	12
55296	2598
55320	5
55338	1
55368	11
55386	1
55392	5
55404	57
55416	1
55440	149
55488	4
55512	310
55530	109
55560	2
55584	639
55602	101
55608	20
55656	6
55674	178
55680	50
55692	15
55728	44
55770	142
55776	11
55800	26
55848	1
55860	1
55872	625
55890	163
55920	33
55944	182
55992	5
56016	81
56034	22
56064	24
56088	1092
56106	56
56136	2
56154	14
56160	2001
56184	2
56232	8
56250	10
56268	60
56304	5
56346	1
56352	24
56376	559
56424	2
56448	238
56466	36
56472	155
56520	3
56544	5
56568	2
56592	272
56616	3
56640	31
56664	50
56700	2
56736	832
56754	259
56760	91
56784	73
56808	28
56826	64
56832	27
56844	10
56856	4
56880	10
56928	7
56952	182
56970	14
56988	4
57000	1
57018	36
57024	1609
57042	130
57048	7
57066	7
57096	22
57114	4
57120	44
57132	7
57138	16
57144	10
57168	74
57216	2
57240	723
57288	1
57306	30
57312	269
57330	123
57384	14
57402	14
57408	182
57420	32
57432	4
57456	190
57492	1
57498	2
57504	28
57528	285
57546	18
57552	2
57564	21
57600	664
57618	19
57624	49
57672	739
57708	18
57720	146
57744	48
57792	53
57816	42
57834	49
57888	317
57912	1
57960	119
57984	2
57996	11
58008	47
58032	179
58080	28
58104	204
58152	1
58170	2
58176	358
58194	229
58200	7
58248	56
58266	107
58272	103
58290	4
58296	17
58320	448
58368	31
58392	63
58416	6
58428	1
58440	12
58458	8
58464	84
58482	99
58488	9
58512	3
58536	15
58554	10
58572	5
58578	42
58584	6
58608	6
58650	5
58656	145
58680	357
58698	10
58716	37
58728	4
58752	5448
58770	4
58776	45
58824	109
58848	3
58860	99
58872	33
58896	240
58944	62
58962	6
58968	980
58986	9
59034	2
59040	163
59058	218
59064	29
59112	8
59130	121
59136	23
59148	8
59160	25
59184	101
59208	1
59232	9
59256	130
59328	191
59346	160
59352	15
59376	2
59400	470
59418	30
59424	23
59448	9
59472	64
59490	16
59514	24
59520	39
59544	435
59562	71
59568	15
59592	27
59616	2212
59634	4
59640	4
59652	16
59664	6
59688	19
59706	16
59712	3
59724	8
59730	61
59760	20
59808	89
59832	701
59856	1
59868	6
59898	13
59904	2610
59922	25
59928	6
59952	8
59976	36
59994	9
60000	6
60012	4
60024	6
60048	195
60090	2
60096	31
60114	8
60120	276
60156	4
60168	1
60192	141
60210	61
60216	111
60264	729
60282	209
60288	33
60300	4
60312	13
60336	40
60360	7
60384	4
60408	42
60426	3
60432	2
60444	3
60456	2
60480	927
60498	27
60504	8
60522	6
60528	58
60552	1
60570	40
60576	8
60588	2
60594	4
60600	13
60624	13
60642	1
60672	38
60696	425
60720	45
60744	1
60762	84
60768	406
60786	54
60792	8
60816	6
60840	221
60858	5
60864	45
60888	9
60912	53
60936	1
60960	38
60978	10
60984	206
61002	58
61020	20
61050	9
61056	739
61074	30
61080	22
61104	3
61128	79
61146	11
61152	4
61164	55
61176	3
61200	105
61218	3
61224	1
61236	2
61242	1
61248	35
61266	6
61272	74
61290	19
61308	27
61320	8
61344	2873
61362	26
61368	26
61416	70
61434	16
61440	140
61452	2
61464	153
61488	49
61512	2
61524	10
61530	1
61536	34
61560	133
61584	4
61608	1
61626	1
61632	245
61650	8
61656	5
61674	1
61680	12
61704	37
61722	78
61728	21
61740	3
61746	21
61752	40
61776	59
61824	52
61848	269
61896	2
61914	32
61920	232
61938	75
61944	14
61968	8
61992	11
62010	22
62016	8
62028	26
62040	24
62064	57
62082	3
62088	1
62106	6
62112	9
62130	8
62136	113
62154	4
62160	27
62172	4
62184	1
62202	16
62208	4360
62226	6
62232	40
62256	6
62280	45
62298	30
62304	4
62316	4
62322	7
62328	15
62352	21
62370	1
62388	3
62394	12
62400	105
62418	5
62424	820
62442	1
62448	8
62460	3
62472	1
62496	85
62514	16
62520	3
62532	15
62538	4
62544	3
62568	35
62586	28
62592	4
62604	4
62616	33
62640	147
62664	6
62676	1
62682	5
62688	26
62700	2
62712	70
62736	2
62760	7
62784	133
62802	52
62808	32
62856	307
62874	38
62880	32
62892	1
62904	69
62928	74
62970	1
62976	3
63000	49
63024	3
63066	12
63072	1802
63090	80
63096	19
63120	2
63132	1
63144	42
63162	6
63168	6
63180	4
63186	1
63192	5
63210	1
63216	13
63240	1
63258	2
63264	48
63282	8
63288	1457
63306	1
63312	9
63324	19
63336	1
63360	2388
63378	2
63384	19
63408	14
63432	25
63450	19
63456	5
63474	5
63480	8
63504	107
63528	2
63540	1
63546	8
63552	67
63570	20
63576	63
63594	1
63600	6
63612	20
63642	4
63648	2744
63666	21
63672	26
63690	4
63696	2
63720	189
63738	30
63744	18
63762	1
63768	42
63792	77
63804	10
63816	8
63828	2
63834	5
63840	23
63852	2
63858	8
63864	106
63888	1
63912	4
63936	635
63954	28
63960	22
63984	1
64008	2
64026	12
64032	19
64044	1
64056	18
64080	67
64104	1
64128	12
64152	1098
64176	16
64218	1
64224	23
64236	3
64242	5
64248	35
64272	13
64296	3
64314	7
64320	16
64332	2
64338	7
64344	8
64368	49
64386	15
64404	1
64416	38
64434	2
64440	129
64464	9
64476	9
64494	1
64506	3
64512	2318
64530	2
64536	6
64560	14
64572	3
64584	393
64602	7
64608	14
64632	7
64656	15
64674	1
64680	1
64692	1
64698	6
64704	14
64716	3
64722	19
64728	50
64746	1
64794	4
64800	3184
64818	25
64824	13
64848	12
64872	182
64890	29
64896	607
64920	13
64944	49
64962	1
64968	5
64980	7
64986	7
64992	1
65010	5
65016	1878
65064	4
65082	2
65088	193
65106	10
65112	19
65160	155
65178	21
65184	20
65196	3
65202	10
65208	16
65226	4
65232	92
65256	10
65268	1
65274	1
65280	143
65298	4
65304	72
65328	4
65340	2
65352	2
65370	1
65376	347
65394	4
65400	10
65436	2
65448	34
65466	1
65472	28
65496	10
65520	63
65556	1
65568	30
65592	39
65610	1
65616	2
65658	17
65664	3281
65682	1
65688	31
65712	10
65730	1
65736	97
65754	10
65760	23
65784	12
65808	46
65832	14
65850	6
65856	3
65874	11
65880	1929
65904	5
65916	7
65952	1137
65970	6
65976	2
66000	12
66024	123
66042	44
66048	295
66060	2
66072	16
66096	82
66120	4
66132	1
66138	8
66144	174
66168	14
66186	1
66192	3
66216	3
66240	177
66252	1
66258	275
66264	3
66312	288
66330	3
66336	43
66354	7
66360	30
66378	1
66384	48
66408	4
66432	172
66450	1
66456	830
66480	3
66492	2
66504	2
66522	7
66528	1121
66546	1
66552	7
66576	4
66600	71
66618	4
66624	18
66642	4
66648	15
66672	1
66690	2
66714	3
66720	35
66738	12
66744	916
66762	1
66768	1
66780	2
66810	2
66816	193
66828	1
66840	9
66864	19
66876	7
66882	1
66888	7
66906	16
66912	22
66924	2
66936	7
66960	162
66984	4
67002	3
67008	12
67026	6
67032	18
67056	12
67068	3
67080	4
67104	2047
67122	319
67128	15
67152	3
67176	38
67194	6
67200	6
67224	13
67248	11
67272	2
67284	18
67290	1
67296	16
67320	893
67338	1
67344	8
67356	1
67368	1
67386	4
67392	1929
67410	5
67416	10
67440	1
67464	7
67482	11
67488	3
67506	4
67512	23
67536	21
67560	4
67578	7
67584	48
67608	284
67632	6
67674	1
67680	302
67698	1
67704	14
67728	6
67752	3
67764	1
67770	2
67776	12
67794	3
67800	4
67818	1
67824	137
67860	1
67866	1
67872	6
67890	1
67896	318
67920	17
67968	2954
67986	342
67992	19
68004	2
68016	4
68040	833
68052	1
68058	5
68064	23
68082	1
68088	5
68112	29
68148	2
68154	3
68160	57
68184	23
68208	8
68256	1978
68274	4
68280	29
68304	3
68328	239
68346	2
68352	2
68364	14
68376	15
68400	12
68424	1
68442	25
68448	3
68466	1
68472	1541
68496	2
68508	1
68520	8
68544	817
68568	22
68592	1
68616	182
68634	3
68640	814
68658	1
68664	5
68688	287
68712	2
68730	3
68760	139
68784	1
68808	1
68826	2
68832	411
68850	2
68856	13
68880	2
68904	102
68922	5
68928	14
68946	2
68952	203
68976	2
69000	4
69024	20
69048	104
69066	1
69072	1
69096	2
69120	4195
69138	1
69144	12
69168	1
69180	2
69192	118
69210	2
69216	7
69240	2
69264	60
69300	1
69306	2
69312	4
69330	1
69336	1461
69354	85
69360	5
69402	1
69408	1063
69426	1
69432	18
69450	1
69456	2
69480	338
69498	191
69504	269
69528	11
69552	136
69570	1
69576	4
69594	4
69600	12
69624	34
69648	3
69672	2
69690	1
69696	446
69720	14
69768	144
69786	3
69792	3
69816	1
69840	41
69864	2
69882	1
69888	666
69912	1465
69960	54
69978	1
69984	608
70002	1
70008	4
70026	1
70056	72
70074	6
70080	14
70092	20
70104	4
70128	9
70140	1
70152	1
70176	270
70200	1109
70236	11
70248	2
70272	679
70290	56
70296	10
70314	1
70320	2
70344	106
70362	2
70368	18
70392	9
70416	388
70440	3
70452	1
70464	7
70488	113
70512	1
70548	3
70560	1058
70584	43
70608	2
70632	808
70650	2
70656	265
70680	27
70704	13
70728	6
70752	21
70776	124
70812	12
70824	48
70842	1
70848	1162
70860	1
70866	1
70872	12
70896	1
70920	62
70968	17
70992	56
71010	16
71034	2
71040	363
71064	2020
71088	2
71112	2
71130	1
71136	680
71154	1
71160	8
71184	1
71208	21
71226	1
71232	16
71250	5
71256	1
71280	502
71304	1
71316	1
71322	2
71328	106
71352	45
71376	3
71400	6
71424	1126
71442	639
71448	255
71466	1
71496	38
71514	20
71520	63
71544	21
71568	80
71592	4
71610	5
71616	12
71640	27
71658	12
71688	1
71706	3
71712	1609
71736	10
71760	1
71772	1
71784	17
71802	24
71808	67
71820	13
71832	31
71856	16
71880	2
71904	41
71928	570
71946	1
71952	2
71976	5
71994	17
72000	965
72018	425
72024	7
72072	144
72096	160
72120	9
72144	49
72168	2
72192	148
72216	667
72240	3
72282	1
72288	733
72306	136
72312	2
72360	130
72378	1
72384	12
72402	4
72408	13
72432	17
72444	2
72480	32
72504	227
72522	15
72528	2
72540	7
72552	1
72570	1
72576	3378
72600	251
72636	3
72648	86
72666	1
72672	43
72696	451
72720	53
72744	3
72768	98
72792	225
72852	5
72858	1
72864	2116
72882	235
72888	2
72912	1
72936	130
72960	54
72984	15
73008	418
73032	4
73056	22
73080	331
73116	3
73128	2
73152	1065
73176	3
73200	1
73224	275
73242	53
73248	73
73272	13
73296	21
73320	1
73344	86
73368	247
73386	109
73416	1
73440	3579
73458	7
73464	4
73488	1
73512	55
73536	4
73554	46
73560	5
73584	20
73620	1
73632	721
73650	2
73656	360
73722	1
73728	1782
73746	1
73776	2
73788	1
73800	208
73818	7
73824	3
73848	55
73872	416
73920	152
73944	245
73992	1
74010	2
74016	806
74034	555
74040	75
74088	331
74106	550
74112	252
74124	22
74136	64
74160	15
74178	110
74184	2
74208	6
74232	209
74268	1
74280	1
74298	1
74304	441
74322	1
74328	60
74376	155
74400	18
74412	25
74424	29
74448	35
74496	252
74520	1211
74544	1
74568	34
74592	490
74610	4
74616	4
74664	184
74688	3
74712	17
74736	64
74784	491
74808	458
74844	9
74856	1
74880	2278
74898	41
74904	1
74928	33
74952	170
74970	1
74976	30
75000	19
75024	68
75036	1
75048	7
75072	55
75096	251
75144	8
75168	927
75186	62
75192	93
75216	3
75240	101
75258	632
75264	136
75288	78
75312	27
75330	9
75336	10
75354	1
75360	20
75384	51
75420	1
75432	10
75456	647
75480	50
75498	17
75528	108
75546	16
75552	67
75570	90
75576	73
75600	205
75624	1
75648	332
75672	754
75696	2
75720	10
75738	218
75744	427
75768	48
75792	1
75816	48
75834	4
75840	23
75852	18
75858	1
75864	29
75888	66
75936	132
75954	1
75960	634
75978	99
76008	2
76032	3077
76050	48
76056	62
76080	10
76104	57
76122	3
76128	87
76140	15
76152	11
76176	24
76200	10
76224	16
76248	273
76296	4
76320	1039
76338	22
76344	13
76392	158
76410	226
76416	166
76440	205
76464	94
76488	21
76512	55
76536	464
76584	4
76608	1216
76626	71
76632	21
76656	1
76680	663
76704	201
76716	5
76728	76
76752	81
76770	78
76776	5
76800	307
76824	452
76842	11
76872	1
76890	159
76896	2281
76914	6
76920	6
76968	20
76986	162
76992	24
77004	14
77016	19
77040	43
77058	2
77064	4
77076	1
77088	76
77106	21
77112	1276
77130	14
77136	62
77148	13
77184	370
77208	14
77232	4
77256	17
77274	30
77280	100
77304	4
77328	28
77346	1
77352	7
77370	12
77376	163
77400	55
77448	1
77466	9
77472	648
77496	8
77520	15
77544	160
77562	41
77568	184
77592	154
77616	28
77634	1
77640	9
77652	3
77664	61
77688	360
77712	5
77736	8
77754	1
77760	2542
77778	68
77784	8
77808	1
77832	102
77850	14
77856	61
77868	38
77880	188
77904	18
77922	11
77928	9
77946	1
77952	61
77976	1189
78000	23
78024	8
78048	526
78072	33
78120	53
78138	8
78144	24
78156	12
78162	30
78168	33
78192	10
78216	1
78234	30
78240	205
78258	15
78264	225
78288	4
78300	26
78336	4437
78354	6
78360	18
78384	45
78408	200
78426	38
78432	78
78456	44
78480	251
78504	6
78522	63
78528	161
78546	33
78552	69
78588	3
78600	4
78618	38
78624	2467
78642	130
78648	25
78672	8
78696	90
78714	140
78720	83
78732	3
78744	135
78768	18
78786	1
78792	11
78816	15
78840	708
78888	9
78906	8
78912	290
78930	88
78936	244
78960	1
78984	220
79002	23
79008	98
79026	11
79032	17
79056	30
79080	2
79098	1
79104	133
79122	5
79128	322
79152	21
79176	11
79200	1123
79218	3
79224	86
79248	38
79272	103
79290	13
79296	31
79308	4
79320	50
79344	11
79362	2
79380	1
79392	292
79416	287
79452	14
79464	1
79488	2542
79512	37
79536	51
79560	780
79578	12
79584	18
79608	95
79632	47
79650	1
79656	2
79674	6
79680	13
79698	44
79704	537
79728	2
79752	6
79770	4
79776	831
79794	72
79800	9
79824	1
79848	194
79866	130
79872	799
79884	9
79896	64
79920	173
79938	1
79944	20
79962	20
79968	43
79992	115
80016	2
80040	2
80058	19
80064	450
80082	86
80088	48
80106	2
80112	9
80136	125
80154	46
80160	207
80184	50
80208	60
80226	49
80232	3
80250	6
80256	121
80280	305
80328	5
80352	3097
80370	11
80376	134
80400	2
80418	6
80424	116
80442	14
80448	105
80472	74
80496	8
80544	78
80562	12
80568	1471
80604	11
80616	1
80634	39
80640	1186
80658	22
80664	39
80688	1
80712	27
80730	19
80736	56
80748	41
80760	73
80784	102
80808	25
80826	3
80832	40
80850	12
80856	297
80874	5
80904	5
80928	466
80946	20
80952	29
80976	9
81000	639
81018	109
81024	222
81036	1
81048	58
81072	35
81096	14
81114	4
81120	273
81144	83
81168	3
81192	1
81216	1002
81234	5
81240	33
81264	7
81288	65
81306	76
81312	179
81330	5
81336	126
81360	82
81378	45
81384	9
81402	1
81408	360
81432	1216
81456	2
81480	18
81504	204
81522	1
81528	10
81552	29
81576	24
81594	2
81600	104
81612	44
81624	30
81648	119
81672	2
81690	8
81696	108
81714	54
81720	299
81744	30
81756	5
81786	5
81792	2701
81816	53
81840	20
81864	33
81882	67
81888	65
81912	21
81936	24
81954	8
81960	8
81972	3
81978	27
81984	82
82008	153
82026	2
82032	35
82056	1
82080	842
82098	28
82104	41
82128	7
82152	44
82170	128
82176	144
82188	2
82200	100
82224	24
82248	34
82266	38
82272	59
82296	1325
82320	3
82344	4
82362	12
82368	954
82386	50
82392	14
82416	19
82440	238
82458	43
82464	173
82476	3
82482	2
82488	38
82512	242
82536	10
82554	3
82560	165
82584	176
82608	1
82620	13
82632	18
82650	2
82656	376
82674	99
82680	116
82704	9
82728	51
82746	6
82752	63
82764	1
82776	18
82800	27
82818	7
82824	2
82848	134
82866	15
82872	272
82896	30
82908	2
82920	9
82944	3939
82962	3
82968	54
82992	25
83016	57
83034	27
83040	77
83064	28
83088	7
83106	5
83112	15
83124	1
83130	2
83136	39
83154	11
83160	1096
83184	1
83196	30
83208	3
83226	5
83232	1836
83250	18
83256	33
83280	33
83304	499
83322	18
83328	63
83346	2
83352	86
83376	123
83394	1
83400	9
83418	78
83424	62
83448	27
83472	1
83496	7
83514	39
83520	364
83538	16
83544	18
83568	20
83592	203
83610	23
83616	59
83628	1
83634	6
83640	27
83658	13
83664	18
83688	2
83706	4
83712	47
83730	4
83736	107
83760	3
83784	6
83802	35
83808	1258
83820	9
83826	2
83832	88
83856	6
83880	413
83898	11
83904	67
83916	1
83922	1
83928	30
83952	6
83970	34
83976	5
83988	1
83994	3
84000	48
84018	4
84024	1617
84060	2
84072	4
84096	2399
84114	2
84120	130
84144	19
84156	1
84168	38
84186	41
84192	71
84216	80
84240	615
84258	1
84264	3
84276	1
84282	4
84288	44
84306	14
84312	80
84360	4
84378	1
84384	2102
84402	10
84408	86
84432	33
84456	485
84474	30
84480	752
84504	67
84528	23
84552	1
84570	56
84576	33
84600	80
84624	9
84648	7
84666	44
84672	977
84684	7
84690	2
84696	28
84720	6
84744	196
84762	14
84768	101
84780	1
84786	6
84792	73
84816	146
84834	12
84840	3
84858	9
84864	1434
84882	1
84888	772
84936	8
84954	20
84960	762
84978	27
84984	42
85008	13
85020	13
85026	4
85032	13
85050	76
85056	146
85080	59
85104	161
85122	40
85128	4
85140	1
85146	3
85152	119
85176	243
85200	5
85212	1
85224	13
85242	5
85248	808
85266	129
85272	36
85296	15
85320	199
85338	9
85344	29
85356	2
85368	94
85392	14
85410	1
85416	2
85434	6
85440	103
85464	93
85488	1
85500	17
85512	2
85536	1827
85560	50
85584	6
85608	239
85626	41
85632	49
85650	3
85656	53
85680	102
85698	1
85704	16
85722	1
85728	51
85752	1232
85776	4
85800	105
85818	6
85824	281
85836	10
85842	48
85848	61
85872	9
85896	248
85914	57
85920	135
85932	3
85938	7
85944	22
85968	531
85992	2
86010	1
86016	772
86034	9
86040	87
86064	15
86088	14
86106	16
86112	617
86130	144
86136	40
86160	7
86184	104
86202	19
86208	63
86226	8
86232	44
86256	61
86274	1
86280	3
86298	27
86304	106
86322	6
86328	262
86346	13
86364	3
86376	7
86394	10
86400	4148
86418	6
86424	111
86448	16
86460	17
86466	3
86472	29
86490	8
86496	214
86508	1
86514	1
86520	50
86544	11
86562	1
86568	10
86586	6
86592	88
86604	1
86616	475
86640	14
86664	4
86682	10
86688	2668
86706	9
86712	46
86736	7
86760	148
86778	7
86784	115
86808	49
86832	214
86856	5
86868	14
86874	16
86880	173
86898	1
86904	544
86922	1
86928	9
86952	7
86970	5
86976	194
86994	4
87000	49
87024	25
87048	612
87066	2
87072	95
87084	1
87090	8
87096	51
87120	36
87132	2
87138	3
87162	13
87168	200
87192	43
87216	20
87240	9
87258	6
87264	251
87282	4
87288	35
87312	8
87330	3
87336	102
87354	13
87360	143
87378	16
87384	43
87408	18
87426	3
87450	3
87456	66
87474	19
87480	229
87498	1
87504	8
87528	4
87546	2
87552	3288
87576	39
87600	18
87612	2
87624	59
87642	6
87648	103
87660	1
87672	70
87696	160
87714	21
87720	21
87738	6
87744	32
87762	2
87768	67
87786	1
87816	3
87834	15
87840	2747
87858	13
87864	33
87888	15
87912	35
87930	2
87936	441
87948	1
87960	40
87984	10
87996	1
88002	2
88008	7
88026	16
88032	129
88044	1
88056	46
88080	12
88092	20
88104	13
88122	7
88128	1389
88146	1
88152	71
88176	19
88200	148
88218	1
88224	48
88236	5
88242	1
88248	62
88272	129
88284	2
88290	20
88296	12
88314	9
88320	149
88344	982
88368	20
88380	1
88392	10
88410	23
88416	694
88434	2
88440	33
88464	3
88482	1
88488	59
88506	21
88512	36
88530	5
88536	81
88560	816
88578	13
88584	4
88602	1
88608	594
88626	8
88632	64
88680	3
88698	3
88704	1479
88722	8
88728	42
88752	7
88770	2
88776	218
88794	3
88800	101
88818	1
88824	26
88848	17
88866	1
88872	5
88890	6
88896	42
88914	3
88920	240
88944	3
88986	10
88992	2439
89010	7
89016	29
89040	3
89064	640
89082	5
89088	45
89112	35
89136	6
89148	1
89154	33
89160	15
89178	9
89184	41
89202	4
89208	346
89232	10
89244	4
89256	13
89274	9
89280	817
89298	2
89304	26
89328	7
89352	567
89370	1
89376	27
89394	9
89400	39
89424	628
89448	1
89466	5
89472	726
89490	1
89496	1136
89520	4
89532	7
89544	14
89562	15
89568	326
89592	22
89616	5
89634	1
89640	299
89658	12
89664	28
89682	4
89688	31
89712	46
89724	4
89730	32
89736	1
89754	2
89760	725
89778	4
89784	30
89808	20
89832	2
89856	2133
89874	1
89880	35
89892	2
89904	7
89922	1
89928	246
89946	7
89952	32
89964	5
89976	30
89994	1
90000	77
90018	1
90024	16
90042	22
90048	37
90072	273
90096	11
90120	18
90132	3
90138	3
90144	924
90162	2
90168	155
90192	7
90216	273
90234	4
90240	174
90258	1
90264	30
90288	45
90300	1
90312	27
90330	3
90336	30
90348	1
90360	657
90384	10
90408	2
90420	1
90426	7
90432	636
90450	94
90456	18
90480	5
90492	1
90504	307
90522	8
90528	172
90546	1
90552	25
90576	46
90594	1
90600	7
90618	3
90624	1080
90642	2
90648	449
90672	3
90684	2
90696	5
90714	7
90720	2801
90738	9
90744	23
90756	1
90768	9
90792	307
90810	8
90816	27
90828	1
90840	15
90864	96
90888	2
90906	5
90912	22
90930	8
90936	118
90960	4
90984	6
91002	3
91008	1557
91032	29
91056	2
91080	329
91098	9
91104	423
91128	31
91152	32
91164	2
91170	1
91176	6
91194	16
91200	28
91218	1
91224	123
91248	8
91260	10
91266	1
91272	2
91290	8
91296	1862
91314	3
91320	12
91344	17
91356	3
91368	152
91386	5
91392	607
91410	1
91416	301
91434	1
91440	57
91464	13
91482	4
91488	149
91506	3
91512	379
91530	200
91536	9
91548	3
91554	2
91560	11
91578	11
91584	1559
91602	1
91608	12
91632	6
91656	368
91674	11
91680	108
91704	16
91728	45
91740	1
91746	11
91752	8
91770	5
91776	231
91794	4
91800	1654
91848	1
91866	5
91872	1042
91890	1
91896	64
91920	2
91938	2
91944	166
91962	1
91968	27
91992	56
92016	300
92028	1
92040	34
92058	1
92064	112
92088	62
92112	2
92136	1
92154	2
92160	3229
92184	15
92208	14
92232	92
92250	9
92256	116
92280	37
92304	37
92322	2
92328	13
92346	11
92352	106
92364	1
92370	1
92376	178
92394	1
92400	5
92412	2
92424	1
92442	7
92448	2414
92466	226
92472	68
92496	20
92520	215
92538	2
92544	515
92556	8
92562	1
92568	31
92592	10
92610	3
92616	28
92634	4
92640	272
92658	1
92664	308
92688	2
92712	1
92730	20
92736	1204
92754	2
92760	43
92784	3
92796	2
92808	192
92826	3
92832	56
92850	1
92856	16
92880	345
92904	2
92922	4
92928	268
92946	2
92952	201
92976	8
92988	4
93000	11
93018	4
93024	1599
93048	69
93072	1
93084	3
93096	191
93114	4
93120	160
93138	3
93144	52
93156	2
93168	15
93204	7
93210	3
93216	629
93240	41
93264	6
93288	16
93312	903
93336	26
93360	3
93384	140
93408	68
93432	177
93450	1
93456	40
93468	2
93480	35
93504	27
93522	1
93528	305
93546	1
93552	6
93564	1
93576	1
93600	2390
93618	1
93624	33
93648	7
93672	370
93690	273
93696	288
93720	213
93744	53
93756	2
93768	24
93786	1
93792	90
93810	1
93816	17
93840	6
93852	1
93864	5
93882	6
93888	1388
93906	3
93912	373
93930	23
93936	8
93960	779
93972	1
93978	1
93984	79
94008	42
94032	43
94056	7
94080	533
94098	1
94104	380
94128	2
94140	2
94152	10
94170	3
94176	2454
94200	25
94248	389
94266	2
94272	56
94296	38
94320	45
94344	2
94362	11
94368	74
94386	5
94392	166
94416	10
94440	12
94464	1357
94482	102
94488	18
94512	5
94524	1
94536	504
94554	6
94560	105
94578	1
94584	18
94602	1
94608	49
94620	2
94632	12
94650	7
94656	53
94680	210
94704	6
94716	1
94728	15
94746	1
94752	1990
94770	1
94776	27
94800	5
94824	478
94842	299
94848	564
94872	19
94896	24
94920	36
94938	3
94944	39
94962	1
94968	172
94986	148
94992	4
95016	8
95034	1
95040	2401
95058	1
95064	230
95088	2
95100	1
95112	470
95130	3
95136	115
95160	353
95184	38
95202	27
95208	2
95226	2
95232	454
95250	1
95256	1220
95280	4
95292	2
95322	1
95328	633
95352	26
95376	5
95388	1
95400	572
95418	2
95424	70
95436	7
95448	16
95472	106
95496	1
95514	1
95520	31
95538	5
95544	142
95568	1
95592	2
95610	2
95616	1222
95634	2
95640	97
95664	3
95688	134
95706	38
95712	55
95730	1
95736	27
95760	95
95784	48
95808	14
95820	1
95832	190
95856	2
95880	9
95898	4
95904	925
95922	3
95928	19
95952	10
95976	279
95994	184
96000	575
96012	2
96024	259
96048	35
96060	2
96066	8
96072	19
96090	2
96096	287
96120	1851
96144	1
96168	5
96186	2
96192	972
96216	13
96240	7
96252	3
96264	346
96282	1
96288	653
96306	2
96312	16
96336	49
96354	17
96360	22
96378	2
96384	461
96402	1
96408	668
96432	2
96456	19
96474	5
96480	684
96504	13
96528	12
96552	290
96570	1
96576	97
96588	7
96600	24
96624	66
96648	4
96672	220
96690	2
96696	486
96720	16
96732	4
96744	1
96762	1
96768	2827
96786	2
96792	94
96816	8
96834	1
96840	164
96858	2
96864	90
96888	48
96912	84
96924	2
96936	32
96954	51
96960	38
96984	75
97002	1
97008	8
97020	1
97056	764
97080	102
97104	1
97128	171
97152	980
97176	209
97200	481
97212	1
97218	1
97224	29
97248	111
97266	1
97272	103
97290	1
97296	2
97320	5
97344	1383
97368	22
97392	8
97416	97
97434	1
97440	264
97464	31
97488	41
97506	42
97512	18
97536	576
97554	6
97560	291
97584	1
97608	41
97632	1840
97650	1
97656	113
97680	7
97704	353
97722	2
97728	51
97752	37
97776	80
97794	1
97800	9
97818	4
97824	221
97848	434
97866	1
97872	1
97884	4
97896	24
97914	3
97920	5045
97944	85
97992	355
98010	45
98016	183
98034	1
98040	79
98064	36
98076	2
98088	15
98106	1
98112	80
98130	82
98136	84
98160	5
98184	1
98202	57
98208	821
98226	248
98232	41
98256	1
98280	697
98298	12
98304	725
98316	3
98328	95
98352	22
98376	15
98400	197
98424	127
98448	1
98466	1
98472	14
98490	1
98496	958
98514	23
98520	26
98544	10
98556	3
98568	435
98586	4
98592	131
98616	63
98640	28
98688	422
98712	1308
98736	20
98760	32
98784	908
98802	4
98808	362
98856	434
98874	1
98880	69
98904	291
98928	12
98952	1
98970	3
98976	106
99000	384
99024	3
99036	11
99048	11
99066	5
99072	965
99090	1
99096	46
99120	2
99144	475
99168	178
99192	30
99216	70
99240	36
99258	13
99264	93
99282	1
99288	75
99312	6
99336	16
99360	2490
99378	184
99384	25
99432	324
99450	338
99456	320
99480	44
99504	52
99528	4
99546	1
99552	272
99576	1158
99600	20
99624	17
99642	1
99648	837
99666	4
99672	42
99696	7
99720	607
99738	2
99744	410
99768	14
99792	32
99816	10
99834	12
99840	1042
99864	170
99888	5
99912	5
99930	2
99936	764
99954	1
99960	72
99984	17
100008	321
100026	26
100032	147
100056	44
100080	137
100104	5
100122	11
100128	197
100146	92
100152	379
100176	3
100188	7
100200	7
100218	9
100224	742
100242	3
100248	128
100272	3
100296	129
100314	3
100320	254
100344	391
100368	110
100392	20
100416	125
100440	1036
100464	1
100488	3
100512	363
100530	18
100536	63
100560	5
100584	417
100602	84
100608	374
100632	40
100656	398
100680	23
100704	115
100728	107
100752	2
100776	15
100800	607
100818	3
100824	60
100848	1
100866	1
100872	473
100890	24
100896	521
100914	7
100920	23
100944	23
100962	290
100968	19
100992	310
101016	147
101040	8
101064	8
101082	5
101088	323
101106	1
101112	109
101136	13
101160	273
101178	6
101184	120
101196	9
101208	41
101232	110
101256	3
101274	10
101280	496
101304	462
101328	3
101340	4
101352	6
101376	3022
101400	232
101424	10
101448	189
101472	106
101496	68
101520	653
101538	6
101544	15
101568	149
101592	279
101616	2
101640	1
101664	438
101682	80
101688	127
101712	58
101736	196
101754	109
101760	523
101784	113
101808	62
101826	1
101832	19
101850	142
101856	164
101880	162
101904	1
101928	2
101952	545
101976	137
102000	5
102024	722
102042	237
102048	426
102060	2
102072	156
102096	63
102114	94
102120	4
102138	2
102144	689
102168	707
102192	3
102216	49
102234	2
102240	1626
102264	19
102288	13
102312	152
102330	1
102336	96
102360	86
102384	55
102402	1
102408	3
102432	335
102456	331
102480	1
102492	1
102504	28
102528	2708
102546	3
102552	108
102576	9
102600	283
102624	113
102648	119
102672	98
102690	3
102696	15
102720	109
102744	250
102768	4
102792	16
102816	2385
102834	69
102840	121
102864	8
102888	123
102906	21
102912	301
102930	1
102936	47
102960	275
102978	3
102984	3
103002	189
103008	94
103032	408
103056	11
103080	35
103104	387
103128	52
103152	1
103176	197
103194	168
103200	205
103212	1
103224	176
103248	115
103290	12
103296	450
103314	4
103320	234
103344	4
103368	15
103386	28
103392	630
103416	74
103440	19
103464	289
103482	24
103488	62
103500	6
103512	74
103536	110
103554	57
103560	3
103578	12
103584	220
103608	182
103632	8
103644	10
103656	8
103680	4137
103698	6
103704	175
103728	10
103752	234
103770	4
103776	183
103800	50
103824	100
103842	5
103848	7
103860	2
103866	4
103872	115
103896	1064
103914	30
103920	6
103944	3
103962	3
103968	1883
103986	2
103992	98
104016	2
104040	738
104058	19
104064	394
104088	63
104112	1109
104136	34
104160	171
104184	79
104208	18
104232	29
104250	2
104256	220
104274	14
104280	66
104304	17
104328	298
104346	4
104352	200
104364	1
104370	30
104376	129
104400	107
104424	13
104442	18
104448	1758
104472	119
104490	1
104496	5
104520	6
104538	126
104544	550
104562	48
104568	118
104592	37
104610	31
104616	297
104634	236
104640	365
104664	91
104688	24
104706	34
104712	5
104724	1
104730	53
104736	123
104760	467
104784	11
104796	1
104808	21
104820	2
104826	6
104832	2063
104856	172
104880	4
104904	143
104928	175
104952	157
104976	591
105000	15
105018	11
105024	93
105048	85
105066	23
105072	10
105084	9
105096	23
105114	2
105120	1743
105144	122
105168	11
105192	67
105210	4
105216	223
105234	6
105240	131
105264	84
105288	36
105306	2
105312	321
105330	2
105336	181
105354	1
105360	16
105384	16
105402	2
105408	114
105426	90
105432	42
105456	45
105480	771
105498	67
105504	198
105528	87
105552	16
105570	19
105576	14
105594	1
105600	654
105618	4
105624	70
105648	58
105672	31
105690	36
105696	256
105714	1
105720	173
105744	9
105768	509
105786	10
105792	115
105810	5
105816	42
105840	575
105858	12
105864	8
105888	325
105912	93
105936	1
105960	17
105978	3
105984	1668
106002	18
106008	75
106032	56
106056	141
106074	50
106080	948
106104	67
106128	132
106146	4
106152	10
106170	84
106176	212
106200	198
106218	12
106224	24
106236	3
106248	23
106266	140
106272	865
106296	34
106320	2
106344	219
106362	37
106368	404
106392	235
106416	88
106440	14
106458	8
106464	209
106488	359
106512	11
106536	16
106560	568
106578	2
106584	178
106608	3
106632	234
106650	84
106656	173
106668	7
106674	16
106680	44
106704	281
106722	1
106728	4
106746	20
106752	245
106776	152
106800	9
106824	30
106842	19
106848	244
106866	1
106872	113
106896	16
106920	413
106938	6
106944	114
106956	37
106962	14
106968	211
106992	100
107010	43
107016	6
107040	281
107064	145
107088	8
107100	2
107112	14
107136	3752
107154	8
107160	93
107184	41
107208	170
107226	27
107232	162
107256	161
107280	278
107298	2
107304	15
107322	5
107328	124
107352	684
107376	19
107400	14
107418	21
107424	2490
107448	53
107472	3
107496	166
107514	1
107520	736
107544	79
107568	518
107586	2
107592	18
107616	101
107640	223
107658	4
107664	31
107688	14
107706	17
107712	932
107736	75
107760	42
107784	59
107802	67
107808	232
107820	2
107826	22
107832	127
107856	9
107880	9
107898	56
107904	277
107928	70
107952	19
107976	16
107994	24
108000	2016
108018	4
108024	113
108048	35
108066	13
108072	55
108090	8
108096	132
108120	268
108144	31
108162	25
108168	7
108186	12
108192	225
108216	287
108240	9
108264	5
108282	41
108288	1480
108306	1
108312	124
108336	24
108360	482
108378	24
108384	134
108408	120
108432	598
108450	1
108456	6
108474	1
108480	127
108498	19
108504	173
108522	13
108528	10
108540	18
108552	6
108576	2288
108600	195
108624	4
108648	292
108672	206
108690	1
108696	107
108720	82
108738	2
108744	20
108762	5
108768	116
108792	81
108810	22
108816	29
108840	15
108858	1
108864	624
108882	6
108888	151
108912	38
108936	864
108954	10
108960	259
108972	2
108978	6
108984	109
109008	10
109032	12
109044	1
109056	1172
109080	77
109104	18
109116	2
109128	25
109146	24
109152	235
109176	55
109200	23
109218	2
109224	381
109242	8
109248	103
109272	106
109296	153
109314	18
109320	4
109338	24
109344	227
109362	20
109368	238
109392	13
109416	7
109434	20
109440	1464
109464	130
109488	10
109512	52
109530	71
109536	174
109548	1
109560	121
109584	15
109602	47
109608	10
109632	105
109656	121
109674	37
109680	23
109692	1
109722	1
109728	2014
109746	22
109752	205
109776	23
109800	925
109818	11
109824	830
109842	1
109848	105
109872	60
109890	11
109896	13
109914	19
109920	320
109932	9
109944	360
109962	26
109968	3
109986	1
109992	23
110010	1
110016	1075
110034	6
110040	91
110064	7
110088	554
110106	13
110112	189
110130	5
110136	126
110160	215
110178	12
110184	7
110202	7
110208	258
110226	3
110232	129
110256	10
110280	32
110298	8
110304	218
110322	1
110328	82
110352	15
110370	1
110376	552
110400	75
110418	1
110424	80
110448	180
110466	21
110472	13
110490	3
110496	202
110514	22
110520	274
110544	44
110568	16
110586	2
110592	1941
110616	79
110640	19
110664	160
110682	35
110688	160
110712	86
110736	174
110754	26
110760	158
110778	32
110784	133
110808	42
110826	32
110832	7
110844	8
110850	2
110856	11
110880	2041
110898	16
110904	78
110928	52
110952	79
110970	6
110976	1253
111000	123
111024	123
111042	1
111048	27
111066	13
111072	577
111096	124
111114	1
111120	13
111144	26
111162	38
111168	1367
111192	64
111216	13
111240	607
111258	12
111264	108
111282	10
111288	62
111312	61
111336	13
111360	201
111378	5
111384	291
111408	9
111420	1
111432	37
111450	17
111456	237
111474	4
111480	61
111504	11
111528	542
111546	19
111552	95
111570	2
111576	64
111600	171
111612	1
111624	9
111642	12
111648	113
111672	82
111696	4
111720	25
111738	2
111744	1404
111762	1
111768	97
111792	27
111816	265
111834	14
111840	458
111858	3
111864	170
111888	119
111906	29
111912	20
111930	4
111936	135
111948	14
111960	491
111978	11
111984	11
111996	1
112008	7
112032	2748
112050	1
112056	116
112080	19
112104	438
112122	3
112128	1134
112152	112
112176	66
112194	1
112200	158
112218	14
112224	143
112248	104
112272	15
112284	11
112296	17
112314	34
112320	2056
112344	83
112368	19
112392	127
112410	14
112416	175
112434	8
112440	71
112464	72
112476	5
112488	9
112506	12
112512	1048
112536	261
112560	36
112584	12
112602	23
112608	1364
112626	1
112632	258
112656	12
112674	8
112680	485
112698	51
112704	87
112716	1
112728	80
112752	46
112770	1
112776	11
112794	34
112800	150
112818	9
112824	77
112848	6
112872	6
112890	25
112896	1456
112920	78
112944	34
112968	203
112986	24
112992	250
113016	122
113040	194
113064	16
113082	16
113088	157
113100	7
113112	242
113136	11
113160	25
113178	8
113184	1485
113208	120
113232	12
113256	322
113274	17
113280	616
113292	1
113298	2
113304	51
113328	44
113346	1
113352	6
113370	14
113376	94
113394	1
113400	1061
113418	5
113424	21
113448	11
113466	8
113472	1192
113490	25
113496	144
113520	16
113538	9
113544	821
113562	5
113568	310
113586	1
113592	134
113616	17
113634	1
113640	9
113658	1
113664	373
113682	2
113688	224
113706	21
113712	28
113724	3
113736	16
113754	22
113760	1091
113784	105
113808	22
113832	533
113850	14
113856	57
113874	3
113880	224
113904	26
113922	1
113928	9
113946	35
113952	109
113976	184
113994	1
114000	30
114024	12
114042	4
114048	1188
114066	1
114072	56
114096	33
114120	398
114138	1
114144	235
114168	104
114192	25
114204	12
114210	5
114216	8
114234	16
114240	286
114264	110
114282	7
114288	19
114312	7
114330	30
114336	2300
114354	1
114360	110
114378	2
114384	40
114408	166
114426	35
114432	317
114456	120
114480	220
114498	3
114504	4
114516	1
114522	9
114528	291
114552	290
114570	1
114576	12
114600	29
114618	11
114624	1338
114648	229
114672	15
114696	564
114714	7
114720	171
114738	23
114744	136
114768	21
114786	1
114792	12
114810	6
114816	306
114834	6
114840	582
114864	27
114876	10
114888	12
114906	11
114912	561
114930	9
114936	77
114960	30
114984	964
115002	8
115008	126
115032	110
115056	331
115074	60
115080	28
115098	9
115104	233
115122	7
115128	191
115152	15
115176	7
115194	5
115200	3223
115218	2
115224	63
115236	5
115248	12
115260	1
115272	466
115290	3
115296	77
115320	84
115344	70
115356	9
115362	15
115368	2
115386	25
115392	55
115410	1
115416	191
115434	4
115440	14
115458	1
115464	7
115482	19
115488	889
115506	8
115512	42
115536	12
115560	362
115578	23
115584	1245
115602	5
115608	58
115632	54
115644	7
115650	1
115656	3
115674	2
115680	288
115704	373
115722	23
115728	12
115752	6
115770	9
115776	953
115794	6
115800	139
115824	53
115848	567
115866	10
115872	639
115890	1
115896	102
115920	151
115944	5
115962	5
115968	145
115992	61
116010	1
116016	20
116040	8
116058	33
116064	1331
116088	56
116106	2
116112	20
116130	4
116136	855
116154	6
116160	284
116178	2
116184	113
116208	105
116226	2
116232	9
116250	14
116256	63
116274	3
116280	191
116304	16
116328	5
116346	17
116352	871
116376	299
116400	70
116412	1
116424	532
116442	9
116448	138
116466	4
116472	62
116496	194
116520	82
116538	3
116544	45
116562	14
116568	200
116592	11
116616	6
116634	14
116640	897
116658	57
116664	101
116688	25
116712	77
116730	7
116736	1378
116754	14
116760	97
116784	171
116796	1
116808	2
116826	1
116832	104
116850	10
116856	62
116880	13
116904	12
116922	1
116928	1505
116946	4
116952	55
116976	17
117000	659
117018	11
117024	89
117042	3
117048	166
117072	31
117096	11
117114	3
117120	1339
117144	420
117168	9
117192	9
117210	8
117216	942
117234	1
117240	98
117264	29
117276	4
117282	1
117288	257
117306	4
117312	187
117336	46
117360	169
117378	7
117384	11
117402	2
117408	25
117426	4
117432	143
117456	31
117468	10
117480	118
117498	5
117504	1657
117528	43
117552	43
117576	418
117594	8
117600	215
117618	1
117624	292
117648	208
117666	1
117672	10
117690	6
117696	136
117714	6
117720	977
117744	7
117768	10
117786	8
117792	1367
117810	36
117816	70
117840	27
117864	265
117882	41
117888	430
117900	9
117906	2
117912	103
117936	234
117948	1
117954	3
117960	21
117978	16
117984	111
118008	141
118032	22
118056	18
118074	5
118080	1606
118098	6
118104	89
118128	9
118152	95
118170	37
118176	109
118194	3
118200	96
118224	83
118248	4
118266	3
118272	681
118290	9
118296	75
118320	17
118344	7
118362	7
118368	271
118392	67
118404	2
118416	27
118428	3
118440	735
118458	13
118464	34
118476	1
118482	2
118488	96
118512	20
118536	5
118554	7
118560	318
118578	4
118584	69
118608	22
118632	4
118650	9
118656	1970
118674	41
118680	133
118704	47
118728	862
118746	10
118752	519
118776	103
118800	1009
118818	2
118824	6
118842	4
118848	37
118866	5
118872	347
118896	19
118908	4
118920	11
118944	961
118962	10
118968	78
118992	43
119016	360
119034	105
119040	581
119058	7
119064	69
119088	140
119112	6
119130	20
119136	705
119154	1
119160	116
119184	60
119202	6
119226	20
119232	1818
119250	4
119256	87
119280	22
119304	452
119316	7
119322	13
119328	717
119340	2
119346	1
119352	54
119370	1
119376	56
119394	7
119400	18
119418	5
119424	295
119448	118
119472	4
119496	14
119514	7
119520	1048
119538	2
119544	288
119568	12
119580	4
119586	1
119592	1040
119610	6
119616	146
119628	4
119640	103
119664	147
119676	1
119682	1
119688	44
119712	58
119736	85
119754	1
119760	35
119784	1
119802	3
119808	1332
119826	2
119832	125
119856	16
119880	682
119898	4
119904	272
119928	78
119952	65
119970	1
119976	6
119994	7
120000	159
120018	7
120024	122
120042	1
120048	14
120072	3
120090	7
120096	736
120114	8
120120	226
120144	33
120168	337
120186	95
120192	652
120210	2
120216	43
120240	154
120252	2
120264	41
120282	2
120288	305
120306	2
120312	217
120336	15
120360	86
120378	23
120384	456
120396	1
120408	42
120432	8
120456	670
120474	13
120480	506
120498	3
120504	43
120528	68
120540	3
120546	62
120552	4
120570	4
120576	500
120594	1
120600	119
120624	13
120648	3
120666	6
120672	800
120690	2
120696	51
120714	2
120720	7
120732	1
120738	1
120744	853
120762	12
120768	274
120786	5
120792	174
120816	234
120840	35
120858	1
120864	220
120882	1
120888	143
120912	25
120924	2
120936	15
120954	1
120960	3476
120978	2
120984	106
121008	31
121032	603
121050	1
121056	444
121074	1
121080	131
121098	1
121104	48
121122	1
121128	18
121146	2
121152	159
121170	2
121176	635
121200	37
121224	3
121242	4
121248	457
121266	1
121272	106
121296	13
121320	264
121338	5
121344	543
121368	342
121392	231
121434	8
121440	381
121458	4
121464	105
121488	26
121500	3
121512	9
121530	5
121536	574
121554	3
121560	86
121584	24
121608	470
121626	8
121632	123
121650	2
121656	62
121680	489
121698	63
121704	17
121722	4
121728	794
121746	10
121752	47
121776	18
121800	46
121818	1
121824	448
121848	48
121872	11
121896	664
121914	3
121920	155
121932	2
121938	2
121944	73
121968	68
121992	3
122010	7
122016	300
122034	6
122040	791
122064	3
122088	23
122112	1276
122130	2
122136	196
122154	2
122160	41
122172	4
122184	410
122202	8
122208	387
122232	66
122256	848
122274	1
122280	38
122298	2
122304	163
122328	69
122352	17
122364	7
122376	8
122400	3210
122424	99
122448	35
122460	1
122472	314
122490	15
122496	723
122508	2
122520	51
122544	368
122568	1
122592	183
122610	3
122616	198
122640	18
122664	10
122682	13
122688	777
122706	32
122712	109
122736	30
122754	1
122760	359
122778	2
122784	102
122802	2
122808	285
122832	280
122856	6
122874	11
122880	1193
122898	3
122904	45
122928	24
122952	25
122970	1
122976	551
122988	1
122994	3
123000	93
123024	12
123048	428
123066	3
123072	74
123096	111
123120	976
123132	1
123144	11
123162	25
123168	167
123192	446
123216	20
123228	2
123240	6
123258	2
123264	1976
123282	4
123288	193
123312	13
123336	415
123354	4
123360	233
123384	52
123408	218
123432	2
123456	24
123480	126
123504	5
123528	2
123546	5
123552	622
123570	5
123576	59
123600	45
123624	354
123642	3
123648	764
123666	1
123672	57
123696	278
123720	116
123738	8
123744	377
123762	3
123768	39
123792	21
123804	3
123816	14
123834	2
123840	919
123858	1
123864	257
123888	14
123912	171
123930	11
123936	220
123960	93
123978	1
123984	266
123996	2
124008	5
124026	15
124032	1331
124056	157
124080	37
124092	1
124104	4
124122	7
124128	1271
124146	1
124152	120
124176	112
124200	1136
124218	5
124224	35
124242	1
124248	76
124272	93
124296	19
124314	9
124320	145
124338	2
124344	77
124362	2
124368	12
124380	4
124392	17
124410	30
124416	1108
124440	444
124464	16
124476	1
124482	1
124488	518
124506	5
124512	231
124530	2
124536	147
124560	152
124572	2
124584	25
124602	2
124608	107
124626	1
124632	52
124656	14
124680	20
124698	1
124704	649
124722	1
124728	108
124752	36
124776	576
124800	1395
124818	2
124824	44
124848	165
124872	66
124890	1
124896	405
124920	237
124944	31
124968	13
124986	5
124992	215
125016	61
125040	22
125064	284
125088	36
125112	130
125136	148
125160	25
125184	921
125208	102
125232	20
125256	67
125280	1022
125304	32
125328	18
125352	527
125376	108
125394	6
125400	95
125424	93
125448	32
125466	7
125472	312
125496	58
125520	24
125532	2
125544	45
125562	13
125568	2803
125586	1
125592	106
125616	32
125640	468
125652	1
125658	5
125664	748
125682	3
125688	173
125706	1
125712	452
125730	8
125736	29
125754	3
125760	308
125778	1
125784	49
125808	40
125832	6
125856	440
125874	1
125880	44
125898	2
125904	43
125916	2
125928	322
125946	4
125952	775
125976	94
125994	2
126000	261
126024	54
126036	1
126042	1
126048	503
126072	216
126096	14
126108	6
126120	40
126138	15
126144	239
126162	1
126168	127
126192	23
126216	378
126234	205
126240	249
126258	47
126264	96
126288	82
126312	1
126336	843
126360	224
126384	23
126396	1
126402	1
126408	31
126432	507
126456	292
126480	31
126492	1
126498	1
126504	606
126522	4
126528	164
126546	2
126552	272
126576	352
126588	2
126600	32
126618	1
126624	214
126636	2
126642	3
126648	267
126672	48
126696	24
126720	2993
126738	5
126744	34
126768	20
126792	378
126810	1
126816	525
126834	1
126840	69
126864	152
126876	1
126882	1
126888	30
126906	1
126912	181
126930	1
126936	154
126960	15
126984	6
127002	4
127008	1186
127026	2
127032	41
127056	21
127080	316
127098	2
127104	549
127122	2
127128	54
127152	504
127170	1
127176	33
127194	4
127200	614
127218	6
127224	91
127248	20
127272	1
127290	2
127296	502
127320	142
127344	5
127362	1
127368	384
127386	203
127392	292
127404	2
127410	35
127416	98
127440	744
127464	32
127482	1
127488	458
127506	3
127512	189
127530	1
127536	11
127548	1
127560	45
127584	393
127608	213
127626	1
127632	13
127656	639
127680	416
127704	393
127728	294
127746	147
127752	1
127776	262
127794	1
127800	443
127818	1
127824	8
127848	2
127866	1
127872	564
127896	58
127920	157
127944	198
127962	62
127968	327
127986	1
127992	181
128016	289
128034	1
128040	43
128058	1
128064	182
128082	1
128088	170
128112	7
128136	18
128160	3361
128178	6
128184	126
128208	30
128220	3
128232	486
128256	679
128274	2
128280	169
128304	383
128328	23
128346	3
128352	331
128370	2
128376	91
128394	1
128400	36
128424	11
128442	2
128448	155
128472	119
128496	11
128520	1379
128538	8
128544	401
128556	2
128562	1
128568	127
128592	435
128616	23
128634	2
128640	587
128658	2
128664	134
128682	1
128688	27
128712	46
128730	2
128736	502
128760	38
128778	1
128784	14
128808	182
128826	2
128832	213
128856	131
128880	192
128898	55
128904	22
128922	1
128928	439
128952	110
128976	11
129000	7
129024	1273
129048	66
129072	29
129096	218
129114	26
129120	272
129138	4
129144	88
129168	244
129192	32
129210	2
129216	236
129240	333
129258	15
129264	17
129288	21
129306	3
129312	470
129336	515
129360	31
129384	336
129402	5
129408	521
129432	218
129456	402
129480	56
129498	1
129504	294
129522	1
129528	72
129546	2
129552	23
129576	28
129594	8
129600	1844
129624	260
129642	1
129648	43
129660	1
129672	85
129690	4
129696	230
129714	1
129720	290
129744	293
129768	21
129792	854
129810	15
129816	158
129834	3
129840	40
129864	58
129888	240
129912	64
129936	48
129960	618
129984	129
130002	1
130008	103
130032	122
130050	22
130056	14
130068	1
130074	10
130080	306
130098	3
130104	148
130128	19
130152	44
130170	3
130176	2100
130194	1
130200	88
130224	19
130248	367
130266	44
130272	407
130296	63
130320	374
130332	1
130344	22
130368	258
130392	65
130410	1
130416	19
130428	3
130440	15
130464	459
130482	2
130488	114
130512	29
130536	158
130554	3
130560	2523
130584	82
130608	101
130632	10
130650	48
130656	487
130680	85
130698	56
130704	26
130728	43
130746	94
130752	224
130770	138
130776	86
130800	38
130824	249
130842	1
130848	265
130872	85
130890	1
130896	180
130920	16
130944	615
130968	480
130992	37
131010	2
131016	37
131034	1
131040	1325
131064	200
131088	27
131112	205
131136	114
131160	99
131184	105
131208	3
131232	268
131250	2
131256	261
131280	31
131304	9
131328	592
131346	2
131352	275
131376	22
131400	523
131418	1
131424	562
131442	1
131448	211
131472	193
131496	34
131520	127
131544	74
131568	34
131592	3
131616	1506
131640	117
131664	17
131688	139
131712	587
131736	160
131760	261
131784	26
131802	49
131808	547
131826	1
131832	113
131850	22
131856	22
131880	31
131904	195
131928	69
131952	10
131976	405
131994	1
132000	547
132024	55
132048	261
132072	19
132096	627
132120	166
132144	38
132168	24
132192	935
132210	45
132216	135
132240	29
132264	199
132282	41
132288	237
132312	102
132336	207
132354	164
132360	58
132378	43
132384	192
132408	61
132432	11
132456	13
132474	39
132480	2415
132504	279
132528	17
132546	1
132552	276
132570	4
132576	523
132594	1
132600	617
132624	326
132648	16
132666	1
132672	241
132696	154
132714	1
132720	11
132732	3
132744	26
132762	14
132768	2016
132792	111
132816	12
132840	461
132858	7
132864	645
132882	1
132888	158
132912	199
132936	27
132960	692
132984	183
133008	30
133032	28
133056	514
133080	189
133104	3
133128	189
133146	1
133152	180
133176	110
133194	1
133200	445
133224	58
133248	570
133272	210
133296	35
133320	31
133332	2
133338	33
133344	376
133368	169
133392	17
133404	1
133416	671
133434	20
133440	366
133452	2
133464	126
133488	161
133506	28
133512	23
133530	36
133536	303
133560	365
133584	32
133608	53
133626	1
133632	758
133656	114
133680	22
133704	111
133722	1
133728	265
133752	142
133776	236
133794	7
133800	35
133818	14
133824	441
133848	137
133872	48
133896	32
133914	71
133920	2640
133932	2
133938	54
133944	98
133968	38
133992	67
134010	46
134016	353
134034	1
134040	174
134058	2
134064	203
134082	9
134088	38
134112	549
134130	3
134136	178
134160	80
134184	22
134202	1
134208	906
134226	2
134232	347
134256	14
134280	735
134304	219
134322	4
134328	152
134352	212
134370	2
134376	22
134394	13
134400	532
134424	240
134448	17
134472	72
134490	16
134496	668
134514	1
134520	95
134544	46
134568	690
134586	1
134592	307
134616	411
134640	615
134664	4
134688	308
134712	252
134736	52
134760	60
134784	210
134808	172
134826	3
134832	28
134856	83
134880	369
134892	4
134904	123
134928	521
134946	34
134952	22
134976	310
134994	2
135000	547
135024	40
135042	3
135048	26
135066	1
135072	681
135096	126
135120	49
135144	58
135162	1
135168	1357
135186	3
135192	134
135216	179
135234	10
135240	24
135264	357
135282	1
135288	100
135312	34
135330	3
135336	14
135354	6
135360	1805
135378	1
135384	197
135408	24
135432	26
135450	1
135456	253
135474	1
135480	208
135498	1
135504	78
135528	6
135546	54
135552	237
135576	157
135594	21
135600	44
135624	17
135642	12
135648	341
135666	56
135672	134
135696	16
135720	1174
135744	203
135756	1
135768	130
135792	100
135816	20
135840	202
135858	4
135864	392
135882	1
135888	56
135912	13
135930	11
135936	528
135960	173
135984	20
136008	375
136026	18
136032	810
136056	233
136080	816
136098	19
136104	31
136122	1
136128	192
136152	566
136176	6
136194	2
136200	29
136224	936
136248	243
136272	41
136296	23
136320	1147
136344	253
136368	114
136392	20
136404	2
136410	4
136416	295
136434	2
136440	99
136458	12
136464	44
136488	7
136506	2
136512	616
136536	106
136560	36
136578	1
136584	77
136602	8
136608	258
136626	66
136632	283
136656	88
136680	52
136704	1199
136728	187
136746	83
136752	42
136776	10
136794	112
136800	985
136818	22
136824	109
136848	86
136866	5
136872	95
136896	259
136920	93
136944	49
136968	33
136992	296
137010	1
137016	156
137040	29
137064	18
137082	4
137088	1463
137106	2
137112	221
137136	27
137160	905
137184	326
137202	23
137208	116
137232	122
137256	7
137280	566
137304	146
137328	12
137352	35
137376	1186
137400	202
137424	35
137448	15
137466	6
137472	354
137496	345
137520	703
137544	46
137562	21
137568	327
137592	278
137610	22
137616	31
137628	10
137640	8
137664	178
137688	159
137712	10
137736	151
137754	5
137760	323
137784	302
137796	1
137808	115
137832	36
137850	1
137856	440
137874	4
137880	244
137898	40
137904	31
137928	39
137946	2
137952	505
137976	174
138000	30
138024	532
138048	230
138060	7
138072	199
138096	87
138114	1
138120	10
138144	178
138162	28
138168	174
138192	24
138216	36
138240	2586
138264	222
138288	59
138312	159
138330	14
138336	335
138360	69
138384	115
138408	21
138426	100
138432	273
138456	83
138480	35
138492	1
138504	23
138528	1661
138546	1
138552	132
138576	34
138600	559
138618	51
138624	987
138642	1
138648	171
138672	84
138696	6
138714	7
138720	1169
138738	1
138744	286
138768	42
138792	22
138810	6
138816	2516
138840	448
138864	38
138888	53
138906	98
138912	191
138936	164
138960	217
138984	6
139008	278
139032	176
139050	11
139056	12
139080	54
139098	7
139104	621
139128	214
139152	63
139176	292
139200	234
139224	156
139242	2
139248	23
139272	7
139296	197
139320	377
139344	27
139368	14
139392	362
139410	22
139416	192
139434	2
139440	30
139464	545
139488	406
139500	14
139512	126
139536	353
139560	27
139578	7
139584	172
139608	187
139632	50
139656	9
139680	1214
139704	158
139728	30
139752	78
139776	769
139800	183
139824	191
139848	13
139866	7
139872	271
139896	235
139920	88
139944	36
139962	26
139968	1586
139992	90
140016	78
140040	619
140058	9
140064	149
140082	4
140088	130
140112	51
140136	9
140160	1272
140178	4
140184	250
140202	1
140208	28
140232	17
140250	40
140256	665
140280	143
140304	99
140322	48
140328	594
140346	2
140352	261
140364	1
140376	169
140400	1252
140424	16
140442	80
140448	163
140472	140
140496	48
140520	16
140538	138
140544	142
140568	198
140592	37
140616	1233
140628	1
140634	15
140640	946
140664	158
140688	42
140712	32
140730	5
140736	183
140760	515
140784	38
140808	35
140826	6
140832	87
140856	148
140868	1
140874	1
140880	76
140904	37
140928	185
140952	196
140976	61
141000	8
141018	18
141024	647
141048	142
141072	45
141096	18
141114	7
141120	1428
141132	1
141138	9
141144	258
141168	27
141192	88
141216	149
141240	219
141258	2
141264	139
141288	6
141312	485
141336	178
141354	19
141360	69
141384	13
141402	7
141408	618
141432	126
141456	28
141480	954
141498	12
141504	306
141522	3
141528	237
141552	15
141576	19
141594	25
141600	313
141624	137
141648	56
141672	17
141690	12
141696	410
141714	19
141720	139
141744	33
141768	521
141786	3
141792	332
141816	130
141840	651
141858	9
141864	13
141882	45
141888	225
141912	162
141936	64
141960	48
141978	54
141984	262
142008	139
142032	93
142056	130
142074	32
142080	375
142092	1
142104	169
142128	503
142152	8
142170	41
142176	265
142200	132
142224	18
142242	2
142248	10
142272	734
142296	211
142320	25
142344	37
142362	19
142368	145
142392	266
142416	290
142440	19
142458	1
142464	140
142488	199
142506	1
142512	49
142536	16
142554	75
142560	1382
142584	274
142608	55
142626	1
142632	37
142650	6
142656	199
142674	12
142680	316
142704	27
142728	6
142746	6
142752	200
142770	11
142776	209
142794	24
142800	133
142824	18
142848	1798
142872	157
142896	47
142920	941
142938	9
142944	207
142968	129
142992	24
143010	8
143016	15
143040	328
143052	1
143058	10
143064	147
143082	1
143088	26
143112	7
143130	11
143136	1174
143154	1
143160	205
143184	41
143208	456
143226	9
143232	1350
143256	137
143280	494
143304	11
143322	4
143328	252
143352	142
143376	59
143388	4
143394	1
143400	20
143418	28
143424	881
143442	1
143448	132
143472	17
143496	151
143514	27
143520	366
143544	199
143568	564
143592	7
143610	37
143616	1041
143640	214
143664	33
143688	8
143706	20
143712	805
143736	161
143754	1
143760	85
143784	259
143802	5
143808	101
143832	366
143856	135
143874	1
143880	143
143898	10
143904	154
143928	315
143952	34
143976	13
143994	24
144000	2202
144024	171
144048	35
144060	1
144072	255
144090	29
144096	132
144114	1
144120	164
144144	47
144168	17
144186	8
144192	180
144210	48
144216	258
144240	47
144264	16
144282	4
144288	551
144306	5
144312	271
144336	26
144360	467
144378	13
144384	785
144408	134
144432	61
144456	7
144474	29
144480	609
144504	140
144528	58
144552	20
144570	3
144576	1232
144594	3
144600	141
144624	71
144648	105
144666	6
144672	139
144690	19
144696	189
144720	869
144744	7
144762	16
144768	1353
144786	13
144792	122
144816	61
144840	185
144858	18
144864	1109
144888	99
144912	58
144930	2
144936	898
144954	5
144960	169
144984	107
145008	118
145032	17
145050	6
145056	134
145074	19
145080	713
145104	33
145128	6
145146	7
145152	1102
145170	24
145176	153
145200	167
145212	1
145224	653
145242	27
145248	986
145272	91
145290	3
145296	80
145320	13
145344	63
145362	1
145368	205
145386	3
145392	125
145416	20
145434	5
145440	387
145464	222
145488	33
145512	297
145530	8
145536	204
145560	170
145584	94
145608	32
145626	21
145632	422
145656	266
145680	41
145692	2
145704	13
145722	6
145728	493
145740	11
145746	12
145752	139
145776	54
145800	681
145824	298
145842	6
145848	164
145872	116
145896	13
145920	938
145938	2
145944	143
145968	42
145992	9
146010	28
146016	736
146040	151
146064	50
146088	302
146106	11
146112	98
146136	152
146154	1
146160	297
146184	22
146202	5
146208	86
146226	43
146232	285
146256	73
146280	18
146298	4
146304	1082
146322	8
146328	170
146352	62
146376	847
146394	5
146400	980
146424	150
146448	329
146466	4
146472	16
146490	37
146496	137
146520	191
146538	7
146544	87
146568	24
146586	5
146592	279
146616	132
146640	197
146652	3
146664	524
146682	2
146688	830
146706	7
146712	199
146736	503
146760	29
146778	10
146784	548
146802	1
146808	88
146826	3
146832	67
146856	7
146874	26
146880	1313
146892	10
146898	14
146904	114
146928	69
146952	60
146976	73
147000	165
147024	95
147048	17
147066	14
147072	105
147090	18
147096	129
147120	75
147144	19
147162	20
147168	862
147186	2
147192	107
147216	58
147240	676
147264	187
147288	395
147312	60
147330	1
147336	36
147354	10
147360	284
147378	2
147384	255
147408	102
147432	4
147456	622
147480	111
147504	26
147528	607
147546	11
147552	228
147576	281
147600	398
147624	26
147642	32
147648	215
147666	5
147672	216
147696	49
147720	32
147744	332
147762	10
147768	215
147792	85
147816	557
147840	1212
147858	8
147864	181
147888	528
147912	10
147936	142
147960	132
147984	55
148008	12
148026	18
148032	178
148056	109
148080	105
148104	96
148122	20
148128	95
148146	2
148152	126
148176	860
148200	81
148224	972
148242	4
148248	136
148272	52
148296	4
148314	5
148320	1206
148344	129
148368	44
148386	6
148392	20
148410	7
148416	103
148440	202
148464	475
148488	20
148506	28
148512	247
148536	167
148560	79
148584	12
148602	11
148608	360
148632	148
148656	45
148680	364
148698	9
148704	490
148722	6
148728	101
148752	54
148776	19
148794	2
148800	395
148824	297
148842	9
148848	47
148872	16
148890	1
148896	267
148920	409
148944	90
148968	464
148986	4
148992	587
149010	6
149016	110
149040	614
149064	13
149082	9
149088	374
149106	4
149112	119
149136	31
149148	9
149154	1
149160	146
149178	15
149184	196
149202	15
149208	175
149232	64
149250	4
149256	403
149274	3
149280	468
149298	2
149304	290
149328	758
149352	10
149370	2
149376	1580
149400	211
149424	39
149436	6
149448	15
149466	5
149472	950
149496	147
149520	54
149538	1
149544	11
149562	11
149568	121
149586	2
149592	123
149616	560
149640	12
149658	9
149664	86
149682	2
149688	419
149712	68
149736	13
149754	6
149760	1932
149778	3
149784	111
149808	51
149832	446
149850	3
149856	133
149874	2
149880	141
149904	110
149916	1
149928	6
149946	5
149952	267
149976	351
150000	74
150024	28
150042	11
150048	603
150072	242
150096	46
150120	716
150138	7
150144	716
150168	125
150192	39
150216	64
150234	9
150240	564
150258	5
150264	186
150282	1
150288	84
150312	8
150330	1
150336	261
150360	165
150378	1
150384	266
150402	1
150408	383
150426	30
150432	98
150456	152
150480	514
150504	25
150522	4
150528	709
150546	22
150552	143
150576	31
150600	75
150618	8
150624	409
150642	4
150648	74
150672	33
150684	1
150696	99
150714	6
150720	352
150738	12
150744	113
150768	275
150786	6
150792	16
150810	13
150816	160
150834	8
150840	530
150858	5
150864	80
150888	16
150906	7
150912	1164
150936	75
150960	90
150984	643
151002	6
151008	311
151026	2
151032	98
151056	190
151080	68
151104	87
151122	12
151128	281
151152	33
151176	8
151194	7
151200	3102
151218	9
151224	167
151248	51
151260	6
151272	324
151290	8
151296	870
151314	5
151320	296
151344	94
151368	13
151392	699
151416	111
151440	129
151464	21
151482	5
151488	151
151512	52
151536	54
151560	407
151578	42
151584	132
151608	133
151626	1
151632	357
151656	81
151674	1
151680	796
151698	3
151704	245
151728	69
151746	6
151752	10
151764	1
151770	5
151776	974
151794	5
151800	130
151824	91
151848	214
151866	1
151872	63
151896	64
151920	282
151938	25
151944	28
151962	8
151968	412
151986	1
151992	89
152016	60
152040	20
152058	18
152064	478
152082	3
152088	85
152112	30
152136	425
152154	4
152160	458
152178	1
152184	273
152208	222
152220	3
152232	9
152250	13
152256	24
152274	6
152280	391
152298	1
152304	47
152328	15
152346	7
152352	124
152370	11
152376	56
152394	1
152400	92
152424	392
152442	7
152448	1278
152466	5
152472	82
152496	240
152520	144
152538	6
152544	159
152562	1
152568	80
152592	58
152604	11
152616	20
152634	12
152640	728
152658	6
152664	148
152688	58
152700	3
152712	490
152730	3
152736	308
152754	1
152760	173
152778	1
152784	589
152808	51
152832	863
152850	2
152856	182
152880	138
152904	14
152922	11
152928	640
152946	1
152952	105
152976	50
153000	684
153018	8
153024	35
153042	1
153048	68
153072	282
153090	35
153096	20
153120	449
153138	6
153144	119
153162	4
153168	58
153192	14
153210	16
153216	595
153234	4
153240	146
153264	40
153288	215
153306	5
153312	832
153324	1
153330	2
153336	73
153360	481
153372	6
153384	13
153402	4
153408	549
153432	370
153450	5
153456	95
153474	1
153480	69
153498	22
153504	45
153522	1
153528	78
153552	55
153576	342
153594	12
153600	1296
153618	1
153624	88
153648	260
153672	27
153690	32
153696	599
153720	224
153744	41
153768	32
153786	13
153792	271
153810	3
153816	350
153840	74
153864	145
153882	2
153888	135
153906	9
153912	244
153930	1
153936	803
153948	1
153960	48
153978	9
153984	510
154008	102
154032	57
154056	9
154074	4
154080	607
154098	1
154104	100
154128	72
154140	4
154152	51
154170	16
154176	101
154188	2
154194	1
154200	135
154224	574
154242	10
154248	24
154266	9
154272	395
154290	7
154296	446
154320	83
154344	75
154368	891
154386	2
154392	159
154416	74
154440	65
154458	5
154464	552
154482	2
154488	179
154512	393
154536	28
154554	9
154560	520
154578	3
154584	483
154608	38
154620	1
154632	11
154650	3
154656	187
154674	1
154680	111
154704	35
154728	168
154746	2
154752	430
154770	7
154776	99
154800	363
154824	6
154842	6
154848	797
154872	157
154896	66
154920	59
154938	7
154944	268
154968	88
154986	1
154992	45
155016	201
155040	445
155064	165
155088	524
155112	7
155130	7
155136	625
155154	3
155160	222
155184	79
155208	7
155226	3
155232	613
155250	2
155256	78
155280	90
155292	2
155298	1
155304	17
155322	16
155328	481
155340	1
155346	1
155352	257
155370	3
155376	636
155400	45
155418	1
155424	206
155442	4
155448	922
155466	1
155472	63
155496	19
155514	14
155520	1513
155538	7
155544	124
155568	41
155592	155
155610	6
155616	180
155640	53
155664	290
155688	11
155706	8
155712	237
155736	726
155760	86
155772	4
155784	7
155802	12
155808	160
155826	18
155832	185
155850	4
155856	82
155880	97
155904	1074
155922	3
155928	134
155952	71
155976	68
155994	1
156000	828
156018	4
156024	415
156048	90
156072	16
156090	2
156096	363
156120	139
156138	3
156144	27
156168	446
156186	4
156192	435
156210	2
156216	110
156240	264
156252	6
156264	29
156282	6
156288	761
156306	2
156312	174
156336	77
156360	37
156384	566
156408	73
156432	76
156444	2
156456	50
156474	1
156480	454
156498	3
156504	104
156528	384
156552	13
156570	4
156576	67
156594	8
156600	416
156624	165
156648	16
156672	430
156690	6
156696	67
156720	76
156744	282
156762	3
156768	405
156786	9
156792	62
156816	245
156834	1
156840	56
156858	9
156864	258
156882	1
156888	492
156912	68
156924	2
156936	65
156960	2441
156978	2
156984	128
157002	2
157008	87
157032	69
157056	688
157080	397
157104	142
157128	51
157146	4
157152	324
157170	2
157176	444
157194	1
157200	78
157224	10
157242	2
157248	567
157266	4
157272	82
157296	56
157320	255
157338	5
157344	135
157362	6
157368	208
157386	1
157392	99
157416	33
157434	1
157440	1011
157458	5
157464	183
157488	66
157506	2
157512	16
157530	4
157536	284
157554	3
157560	145
157584	93
157596	2
157608	152
157626	1
157632	126
157650	4
157656	74
157674	1
157680	352
157704	23
157722	3
157728	42
157746	2
157752	126
157776	36
157800	147
157818	11
157824	311
157842	1
157848	189
157866	4
157872	119
157884	4
157890	4
157896	193
157920	694
157938	2
157944	140
157962	2
157968	175
157992	30
158010	1
158016	182
158034	4
158040	433
158064	43
158088	51
158106	2
158112	164
158130	1
158136	36
158154	1
158160	68
158184	119
158202	2
158208	459
158226	5
158232	314
158256	405
158280	36
158298	1
158304	1068
158322	6
158328	168
158346	1
158352	99
158376	13
158394	2
158400	2600
158418	6
158424	61
158442	1
158448	80
158472	138
158490	2
158496	115
158514	19
158520	197
158538	1
158544	160
158568	27
158592	552
158610	1
158616	74
158640	59
158664	51
158682	1
158688	374
158712	288
158730	1
158736	40
158760	710
158778	62
158784	173
158796	1
158802	7
158808	66
158832	587
158844	1
158856	21
158874	6
158880	299
158898	1
158904	167
158922	8
158928	41
158952	44
158970	6
158976	1197
158994	5
159000	252
159024	24
159048	66
159066	2
159072	428
159090	2
159096	103
159120	762
159138	58
159144	13
159168	168
159186	5
159192	245
159210	1
159216	47
159240	46
159258	4
159264	77
159282	2
159288	140
159306	3
159312	21
159324	3
159336	61
159354	4
159360	643
159378	2
159384	113
159402	2
159408	264
159426	1
159432	25
159456	1041
159474	9
159480	380
159498	1
159504	53
159528	9
159546	10
159552	248
159570	1
159576	41
159594	1
159600	77
159624	49
159642	5
159648	133
159666	1
159672	56
159696	181
159708	7
159720	51
159738	2
159744	684
159762	2
159768	240
159792	19
159816	22
159834	2
159840	1279
159858	3
159864	167
159882	2
159888	75
159912	37
159930	3
159936	319
159948	1
159954	5
159960	176
159984	378
160008	25
160026	7
160032	306
160044	1
160056	237
160080	74
160104	14
160122	10
160128	478
160146	4
160152	67
160176	15
160200	1050
160218	20
160224	586
160248	246
160272	654
160284	1
160290	31
160296	33
160320	404
160338	1
160344	781
160362	1
160368	62
160392	30
160410	2
160416	500
160434	1
160440	168
160458	4
160464	58
160476	1
160482	2
160488	43
160506	5
160512	360
160536	69
160554	3
160560	539
160584	38
160602	6
160608	640
160632	393
160656	31
160680	57
160698	1
160704	210
160722	4
160728	84
160752	35
160776	35
160794	6
160800	272
160818	1
160824	80
160848	59
160872	25
160890	3
160896	521
160914	2
160920	459
160938	21
160944	105
160968	21
160986	2
160992	745
161010	2
161016	20
161040	79
161058	1
161064	21
161088	476
161112	80
161136	261
161160	111
161184	121
161202	19
161208	361
161232	34
161256	52
161280	1806
161298	2
161304	216
161322	1
161328	74
161352	26
161376	635
161394	11
161400	106
161424	171
161436	1
161448	45
161466	1
161472	295
161490	2
161496	412
161520	86
161544	73
161568	948
161592	228
161616	23
161634	1
161640	119
161664	233
161688	79
161706	3
161712	228
161736	14
161754	1
161760	430
161778	3
161784	511
161808	49
161832	18
161850	6
161856	594
161874	3
161880	157
161904	61
161928	140
161946	3
161952	192
161970	4
161976	433
161994	3
162000	693
162024	51
162048	491
162066	10
162072	265
162090	37
162096	36
162108	3
162120	86
162138	1
162144	742
162162	1
162168	32
162186	1
162192	45
162216	35
162234	5
162240	760
162258	4
162264	269
162288	167
162300	3
162306	1
162312	14
162330	12
162336	212
162348	2
162354	4
162360	612
162384	139
162396	1
162408	51
162426	1
162432	530
162450	55
162456	107
162474	3
162480	102
162504	42
162528	645
162546	1
162552	67
162576	170
162600	51
162618	2
162624	198
162648	352
162672	22
162690	3
162696	30
162714	3
162720	1208
162738	1
162744	88
162768	21
162792	78
162816	369
162834	2
162840	111
162864	106
162888	16
162906	26
162912	508
162930	4
162936	418
162954	1
162960	91
162984	39
163008	1575
163026	3
163032	144
163056	26
163080	312
163104	63
163122	4
163128	206
163152	50
163176	26
163200	2085
163224	227
163242	20
163248	88
163272	28
163296	675
163314	1
163320	68
163344	64
163368	37
163392	394
163410	2
163416	153
163434	2
163440	157
163464	11
163488	206
163512	346
163530	1
163536	32
163548	1
163560	51
163584	498
163602	17
163608	399
163632	75
163656	53
163680	330
163698	1
163704	129
163722	3
163728	76
163740	4
163752	28
163770	1
163776	429
163794	1
163800	413
163824	35
163848	30
163866	1
163872	283
163896	231
163914	3
163920	86
163944	127
163968	417
163992	286
164010	2
164016	311
164040	70
164058	24
164064	475
164082	5
164088	288
164112	145
164124	1
164136	36
164160	2271
164178	2
164184	57
164202	1
164208	58
164232	12
164250	1
164256	423
164280	236
164304	73
164328	26
164352	693
164370	2
164376	329
164400	107
164424	21
164448	652
164466	3
164472	116
164490	1
164496	94
164520	430
164538	37
164544	276
164562	2
164568	53
164592	160
164616	76
164640	287
164664	134
164682	1
164688	35
164706	1
164712	48
164724	1
164736	469
164754	2
164760	208
164784	75
164802	2
164808	327
164832	464
164844	2
164856	59
164874	2
164880	439
164904	23
164928	413
164946	2
164952	158
164976	81
165000	171
165018	28
165024	187
165048	155
165066	2
165072	42
165096	37
165120	548
165138	3
165144	168
165162	1
165168	170
165192	16
165216	439
165234	1
165240	412
165264	78
165288	41
165312	313
165336	170
165354	1
165360	133
165384	6
165402	13
165408	277
165432	152
165450	2
165456	161
165480	72
165498	1
165504	865
165528	651
165552	70
165570	1
165576	55
165594	21
165600	2522
165624	203
165642	2
165648	89
165672	7
165696	190
165720	103
165738	2
165744	151
165768	21
165786	1
165792	190
165816	142
165840	53
165852	5
165858	1
165864	61
165888	485
165912	248
165936	69
165960	971
165984	665
166002	2
166008	143
166032	101
166056	32
166080	334
166104	218
166128	69
166146	1
166152	46
166170	20
166176	420
166194	2
166200	129
166218	9
166224	30
166248	36
166272	403
166290	1
166296	148
166320	876
166344	45
166368	662
166380	2
166392	254
166416	84
166440	31
166464	316
166482	5
166488	130
166512	117
166536	49
166554	16
166560	315
166578	3
166584	105
166602	1
166608	288
166632	27
166650	10
166656	216
166674	2
166680	577
166704	24
166728	61
166746	10
166752	631
166770	2
166776	115
166794	1
166800	80
166824	31
166848	327
166866	3
166872	202
166890	1
166896	59
166920	22
166944	180
166962	1
166968	238
166986	5
166992	53
167016	58
167040	770
167052	1
167058	1
167064	132
167082	3
167088	53
167106	1
167112	20
167136	569
167148	1
167160	120
167184	32
167208	13
167232	336
167250	2
167256	312
167274	2
167280	138
167304	49
167328	321
167340	1
167346	1
167352	141
167370	2
167376	22
167400	1000
167424	1252
167448	226
167472	81
167490	2
167496	27
167520	542
167544	276
167562	1
167568	47
167586	12
167592	39
167610	5
167616	1021
167634	2
167640	214
167664	60
167682	1
167688	72
167706	14
167712	121
167730	2
167736	29
167754	1
167760	911
167784	18
167802	21
167808	281
167832	235
167850	3
167856	70
167880	34
167904	605
167922	1
167928	189
167952	58
167964	1
167970	3
167976	28
167994	2
168000	402
168018	1
168024	173
168048	91
168072	36
168096	175
168114	2
168120	539
168138	97
168144	59
168168	26
168186	18
168192	437
168216	62
168240	53
168264	62
168282	28
168288	408
168306	1
168312	288
168330	1
168336	23
168360	36
168372	1
168384	279
168402	1
168408	248
168426	2
168432	81
168456	13
168480	699
168504	255
168522	1
168528	84
168552	27
168576	176
168600	307
168618	1
168624	63
168648	35
168666	4
168672	611
168696	99
168720	51
168744	21
168762	2
168768	841
168792	191
168816	41
168834	1
168840	217
168858	7
168864	242
168882	3
168888	199
168912	210
168936	34
168960	1579
168984	250
169002	3
169008	153
169032	31
169056	1124
169074	1
169080	138
169104	99
169122	13
169128	106
169152	344
169170	1
169176	120
169200	731
169224	28
169248	290
169266	1
169272	207
169290	11
169296	135
169320	37
169344	580
169362	3
169368	159
169386	6
169392	31
169416	440
169440	381
169464	99
169482	2
169488	45
169512	38
169536	700
169554	1
169560	403
169584	45
169602	2
169608	19
169626	1
169632	280
169644	1
169650	11
169656	170
169674	1
169680	63
169704	36
169722	7
169728	148
169752	184
169776	63
169800	50
169818	31
169824	491
169848	250
169872	78
169896	37
169920	1766
169938	1
169944	298
169968	55
169992	25
170016	210
170034	1
170040	512
170058	1
170064	177
170076	1
170088	61
170112	210
170136	222
170160	87
170172	4
170184	21
170202	16
170208	1111
170232	168
170256	67
170280	346
170298	5
170304	489
170322	1
170328	197
170346	1
170352	50
170376	8
170394	1
170400	714
170418	3
170424	244
170442	2
170448	93
170472	47
170496	258
170520	246
170538	3
170544	158
170568	355
170592	254
170610	1
170616	83
170640	253
170664	31
170688	438
170712	208
170736	68
170760	68
170784	298
170802	13
170808	220
170832	47
170844	1
170856	484
170874	9
170880	1930
170898	2
170904	214
170928	294
170952	29
170976	576
171000	220
171024	98
171042	1
171048	48
171072	435
171090	1
171096	107
171120	89
171138	3
171144	36
171162	40
171168	296
171192	192
171216	84
171234	3
171240	34
171264	173
171276	1
171288	224
171312	95
171336	20
171360	2332
171384	82
171408	88
171432	19
171450	41
171456	447
171474	1
171480	125
171504	93
171528	23
171552	356
171576	395
171600	348
171624	30
171648	333
171666	1
171672	232
171690	2
171696	44
171714	1
171720	782
171738	4
171744	264
171768	206
171792	124
171810	1
171816	52
171834	14
171840	325
171864	310
171888	95
171912	21
171924	1
171936	230
171960	188
171978	1
171984	49
172008	383
172032	286
172056	345
172080	403
172098	1
172104	22
172128	335
172152	171
172176	108
172200	23
172224	305
172248	149
172272	67
172296	5
172320	345
172344	236
172368	389
172392	37
172416	335
172434	2
172440	264
172464	105
172482	2
172488	8
172506	50
172512	807
172536	185
172554	2
172560	196
172584	17
172602	23
172608	451
172626	2
172632	103
172656	169
172680	64
172704	216
172728	164
172752	35
172770	1
172776	19
172800	2545
172818	2
172824	266
172842	2
172848	54
172872	11
172890	7
172896	217
172914	2
172920	187
172944	176
172962	7
172968	12
172992	305
173010	1
173016	127
173034	2
173040	106
173064	38
173076	2
173088	285
173112	244
173136	62
173160	1009
173184	183
173208	293
173232	33
173256	22
173280	804
173304	257
173328	72
173352	10
173370	1
173376	327
173400	442
173424	117
173448	18
173472	180
173496	197
173520	1454
173544	65
173568	1048
173592	330
173616	39
173640	26
173664	524
173676	1
173688	283
173706	1
173712	77
173736	64
173760	518
173784	205
173808	623
173832	7
173856	116
173874	1
173880	416
173904	64
173922	1
173928	63
173952	446
173976	349
174000	107
174024	179
174048	303
174072	162
174096	166
174114	1
174120	33
174138	30
174144	206
174168	507
174192	221
174216	17
174240	380
174264	253
174288	106
174306	1
174312	33
174336	181
174360	282
174378	1
174384	64
174408	43
174432	435
174450	4
174456	281
174480	133
174504	16
174528	334
174552	119
174576	183
174600	410
174618	30
174624	174
174648	155
174672	104
174696	11
174720	722
174744	184
174768	46
174792	51
174816	452
174840	195
174864	64
174876	1
174888	53
174906	2
174912	257
174930	1
174936	119
174960	1024
174984	8
175008	213
175032	250
175050	2
175056	84
175080	59
175104	122
175128	254
175152	53
175176	169
175194	34
175200	696
175224	198
175248	67
175266	2
175272	23
175296	291
175320	776
175344	96
175368	6
175386	1
175392	102
175416	172
175434	1
175440	281
175458	1
175464	261
175488	819
175506	1
175512	209
175536	153
175560	47
175584	199
175608	370
175632	88
175650	1
175656	14
175674	46
175680	794
175704	134
175728	84
175752	153
175770	50
175776	129
175800	332
175824	139
175848	25
175866	1
175872	114
175890	1
175896	267
175920	89
175944	38
175968	631
175986	15
175992	280
176010	1
176016	115
176034	14
176040	186
176058	1
176064	359
176088	185
176112	165
176136	25
176154	4
176160	196
176184	136
176208	260
176232	12
176250	42
176256	718
176274	1
176280	204
176304	50
176328	118
176346	1
176352	284
176376	245
176400	632
176418	49
176424	32
176448	253
176472	239
176496	70
176520	24
176544	216
176568	173
176592	212
176616	559
176640	994
176664	159
176688	101
176712	31
176730	4
176736	296
176760	586
176784	42
176808	23
176826	2
176832	359
176850	3
176856	135
176880	103
176904	108
176922	1
176928	158
176952	155
176976	306
177000	50
177018	1
177024	1139
177042	1
177048	232
177072	156
177084	1
177090	2
177096	46
177120	1029
177144	153
177168	78
177192	45
177210	17
177216	319
177240	192
177264	184
177288	15
177312	117
177330	1
177336	171
177360	122
177384	12
177402	26
177408	683
177432	191
177456	118
177480	334
177498	1
177504	243
177528	179
177540	1
177546	1
177552	111
177570	12
177576	54
177600	562
177624	225
177648	177
177666	2
177672	22
177690	12
177696	252
177720	132
177744	109
177768	242
177786	49
177792	103
177816	109
177840	835
177864	42
177882	33
177888	819
177912	128
177936	125
177960	53
177984	308
178008	225
178032	72
178050	1
178056	398
178080	442
178104	261
178128	413
178152	29
178176	396
178200	569
178224	125
178248	30
178266	23
178272	192
178296	88
178320	80
178344	34
178362	4
178368	305
178392	140
178416	731
178434	1
178440	38
178458	1
178464	191
178482	89
178488	215
178512	88
178530	2
178536	16
178560	2424
178584	256
178608	160
178632	37
178656	161
178680	181
178704	103
178722	6
178728	36
178746	1
178752	240
178776	190
178800	116
178824	45
178848	221
178872	262
178896	48
178914	1
178920	643
178938	5
178944	445
178962	1
178968	159
178992	171
179004	1
179016	27
179034	1
179040	894
179064	204
179088	117
179112	76
179136	274
179160	105
179184	99
179208	253
179232	311
179256	193
179280	830
179298	1
179304	25
179322	13
179328	184
179346	2
179352	198
179376	95
179400	145
179418	20
179424	789
179442	1
179448	147
179472	118
179496	44
179520	953
179544	89
179568	813
179586	2
179592	19
179616	238
179640	293
179664	71
179688	34
179712	93
179736	205
179760	100
179784	26
179802	13
179808	168
179832	138
179856	353
179880	26
179898	10
179904	545
179928	411
179952	86
179976	28
180000	1196
180018	70
180024	204
180048	74
180072	49
180096	389
180120	206
180144	142
180162	8
180168	49
180186	25
180192	170
180216	550
180240	176
180264	33
180282	5
180288	295
180312	157
180336	67
180360	329
180378	3
180384	170
180408	192
180432	52
180450	1
180456	17
180480	1233
180498	33
180504	295
180528	93
180552	34
180570	1
180576	150
180600	302
180624	112
180648	95
180666	1
180672	130
180696	118
180720	782
180744	42
180768	210
180792	159
180816	98
180840	59
180864	248
180888	285
180912	101
180936	12
180954	8
180960	1324
180984	213
181008	666
181032	33
181050	1
181056	119
181080	486
181098	6
181104	180
181128	52
181152	194
181176	158
181200	111
181224	56
181248	164
181272	262
181296	55
181320	42
181344	403
181368	720
181392	75
181404	1
181416	28
181434	9
181440	1598
181464	141
181488	126
181512	202
181536	359
181554	1
181560	683
181584	173
181608	29
181632	614
181656	283
181680	94
181704	38
181722	10
181728	251
181752	213
181776	69
181800	169
181818	28
181824	173
181848	124
181872	185
181896	21
181914	12
181920	171
181944	238
181962	1
181968	132
181986	1
181992	17
182016	633
182034	19
182040	263
182064	84
182088	61
182112	110
182136	262
182160	565
182178	44
182184	33
182208	107
182232	126
182256	119
182280	68
182298	96
182304	148
182328	195
182352	131
182370	1
182376	159
182400	825
182418	20
182424	173
182448	77
182472	50
182496	158
182514	4
182520	822
182544	124
182568	29
182592	330
182616	135
182634	6
182640	162
182664	61
182682	2
182688	103
182712	84
182736	246
182760	34
182784	83
182802	3
182808	357
182832	136
182856	39
182880	1502
182898	3
182904	218
182928	64
182952	245
182970	13
182976	147
182994	1
183000	354
183024	187
183048	22
183072	72
183096	110
183114	6
183120	199
183144	36
183168	1118
183192	149
183216	93
183240	93
183258	5
183264	49
183288	152
183312	113
183336	37
183354	23
183360	966
183384	123
183408	105
183432	23
183450	2
183456	192
183480	348
183504	173
183528	358
183552	60
183570	3
183576	104
183600	721
183624	48
183648	196
183672	184
183696	122
183720	57
183738	6
183744	161
183768	156
183792	106
183816	121
183834	13
183840	168
183864	117
183888	184
183912	11
183930	9
183936	219
183954	4
183960	685
183984	105
184008	73
184032	529
184050	2
184056	155
184080	349
184104	300
184122	4
184128	144
184152	153
184176	463
184200	100
184218	5
184224	175
184248	120
184266	9
184272	92
184296	24
184320	1224
184344	129
184368	92
184392	165
184410	48
184416	337
184434	16
184440	216
184464	410
184476	1
184488	60
184506	3
184512	168
184536	166
184560	222
184584	40
184602	5
184608	131
184626	1
184632	112
184650	2
184656	165
184680	218
184698	1
184704	819
184728	88
184752	107
184776	78
184800	680
184818	1
184824	135
184848	80
184866	3
184872	62
184896	124
184914	32
184920	126
184944	139
184956	1
184968	42
184986	5
184992	232
185016	103
185034	10
185040	303
185064	28
185088	1512
185112	196
185136	131
185160	98
185184	95
185208	142
185232	95
185250	1
185256	89
185274	3
185280	490
185298	1
185304	123
185328	255
185352	41
185370	6
185376	85
185400	386
185424	99
185436	1
185448	25
185466	10
185472	154
185490	2
185496	149
185514	2
185520	149
185544	61
185568	408
185592	159
185616	638
185640	113
185658	2
185664	83
185688	260
185712	65
185736	140
185754	12
185760	697
185784	139
185808	110
185832	21
185850	18
185856	151
185880	281
185904	380
185928	62
185946	10
185952	494
185970	7
185976	457
186000	262
186024	85
186042	8
186048	324
186072	168
186096	65
186120	91
186138	6
186144	116
186168	104
186192	173
186216	31
186240	877
186264	491
186288	174
186312	31
186336	134
186360	166
186384	42
186408	69
186432	183
186450	10
186456	286
186480	360
186498	2
186504	41
186522	2
186528	237
186546	2
186552	111
186576	124
186600	119
186618	2
186624	1039
186648	133
186672	139
186696	38
186720	854
186744	85
186768	412
186786	1
186792	83
186810	30
186816	106
186840	305
186864	53
186888	51
186912	313
186936	193
186960	123
186984	42
187002	3
187008	478
187026	37
187032	196
187050	11
187056	339
187080	56
187104	585
187128	673
187146	4
187152	107
187176	68
187200	2306
187218	2
187224	140
187248	94
187272	59
187290	9
187296	99
187320	156
187344	81
187368	45
187386	8
187392	68
187416	678
187440	169
187464	35
187482	3
187488	1490
187512	163
187536	99
187560	176
187584	44
187608	114
187632	100
187650	4
187656	41
187674	2
187680	612
187698	1
187704	96
187728	80
187752	38
187770	6
187776	387
187800	281
187824	95
187848	34
187866	7
187872	40
187896	107
187920	285
187932	4
187944	52
187962	6
187968	266
187986	4
187992	179
188016	85
188040	55
188064	184
188082	3
188088	453
188112	109
188136	186
188154	41
188160	928
188178	3
188184	111
188208	275
188220	1
188232	29
188250	4
188256	149
188274	1
188280	409
188304	79
188328	44
188346	10
188352	340
188376	107
188400	158
188424	65
188442	6
188448	62
188466	3
188472	87
188496	86
188520	147
188538	1
188544	420
188562	4
188568	655
188586	3
188592	98
188616	61
188634	1
188640	1602
188664	225
188688	90
188712	86
188730	3
188736	53
188760	239
188784	97
188808	73
188826	46
188832	65
188856	165
188880	107
188904	26
188922	4
188928	455
188946	3
188952	166
188976	107
189000	771
189018	8
189024	749
189042	5
189048	79
189066	4
189072	139
189084	3
189096	49
189120	929
189144	80
189168	90
189186	1
189192	22
189216	505
189234	3
189240	321
189258	8
189264	105
189288	92
189312	64
189330	11
189336	106
189360	223
189384	69
189402	2
189408	284
189426	18
189432	85
189456	61
189480	42
189498	12
189504	564
189522	1
189528	67
189552	106
189576	179
189594	2
189600	370
189624	178
189648	145
189666	1
189672	56
189690	9
189696	484
189720	1034
189744	120
189768	47
189786	12
189792	101
189816	78
189840	114
189864	139
189882	3
189888	357
189912	87
189936	76
189960	54
189978	4
189984	73
190002	4
190008	338
190032	130
190044	6
190056	42
190080	1577
190098	10
190104	269
190128	204
190152	59
190176	58
190200	233
190224	217
190248	80
190266	32
190272	122
190284	8
190296	107
190320	125
190344	63
190362	12
190368	585
190392	85
190416	107
190440	263
190458	8
190464	96
190482	58
190488	166
190512	139
190530	7
190536	56
190560	1163
190578	5
190584	118
190602	1
190608	132
190632	119
190650	2
190656	110
190680	164
190698	5
190704	142
190728	226
190746	1
190752	40
190770	5
190776	104
190794	2
190800	448
190824	30
190848	511
190866	1
190872	145
190896	75
190920	117
190944	531
190962	7
190968	122
190992	114
191016	101
191034	12
191040	726
191058	1
191064	62
191088	101
191106	4
191112	46
191130	1
191136	180
191160	624
191178	2
191184	102
191208	91
191232	359
191256	49
191280	131
191304	54
191322	10
191328	134
191352	118
191376	168
191400	105
191424	509
191442	12
191448	180
191472	103
191496	44
191514	11
191520	758
191538	1
191544	70
191562	1
191568	136
191586	1
191592	36
191616	729
191634	6
191640	587
191658	7
191664	139
191682	20
191688	70
191712	268
191736	67
191760	305
191784	55
191802	16
191808	256
191832	86
191856	78
191874	1
191880	311
191898	12
191904	147
191928	90
191946	2
191952	320
191976	66
191994	3
192000	1143
192018	12
192024	481
192048	70
192072	86
192096	334
192114	4
192120	187
192138	1
192144	173
192156	2
192168	87
192186	1
192192	30
192216	67
192240	337
192264	97
192282	1
192288	131
192312	248
192330	7
192336	117
192360	65
192378	5
192384	351
192408	76
192432	100
192456	66
192480	604
192498	22
192504	275
192528	144
192552	74
192576	85
192594	4
192600	248
192624	168
192642	2
192648	50
192666	1
192672	62
192696	76
192714	1
192720	201
192744	71
192762	10
192768	721
192792	49
192816	208
192840	124
192864	247
192882	3
192888	235
192912	76
192936	50
192954	4
192960	1677
192978	3
192984	322
193002	3
193008	113
193032	46
193050	3
193056	181
193074	7
193080	204
193098	1
193104	113
193128	64
193146	1
193152	696
193176	182
193194	2
193200	237
193224	66
193248	914
193266	8
193272	32
193296	76
193320	193
193344	124
193368	41
193392	57
193416	33
193434	22
193440	697
193464	326
193482	2
193488	115
193512	34
193536	968
193554	2
193560	427
193584	100
193608	63
193632	583
193650	9
193656	44
193674	5
193680	185
193698	14
193704	75
193728	178
193752	114
193776	62
193794	3
193800	187
193824	255
193842	9
193848	49
193872	57
193896	89
193914	4
193920	523
193944	146
193962	17
193968	88
193992	43
194016	532
194034	17
194040	305
194064	119
194076	1
194088	93
194112	235
194136	123
194160	286
194184	69
194202	1
194208	47
194232	235
194250	3
194256	60
194268	1
194280	139
194298	6
194304	270
194328	264
194352	109
194376	33
194400	1797
194418	1
194424	89
194448	91
194472	101
194496	157
194514	9
194520	91
194544	122
194568	46
194592	107
194610	2
194616	234
194634	1
194640	230
194652	6
194664	106
194682	4
194688	711
194712	112
194730	1
194736	86
194760	142
194778	5
194784	289
194802	2
194808	46
194832	69
194856	64
194874	6
194880	636
194898	1
194904	179
194928	76
194952	38
194976	609
194994	22
195000	255
195024	107
195048	59
195072	98
195096	92
195114	7
195120	191
195144	59
195168	882
195186	1
195192	53
195216	71
195228	1
195240	127
195258	5
195264	498
195288	102
195312	45
195336	288
195360	566
195378	10
195384	50
195408	67
195432	56
195450	6
195456	184
195480	186
195498	4
195504	68
195528	43
195552	588
195570	3
195576	88
195600	196
195618	12
195624	97
195648	590
195666	1
195672	50
195696	79
195714	14
195720	69
195744	84
195768	140
195792	42
195816	55
195834	4
195840	1198
195864	66
195888	76
195912	92
195936	241
195954	4
195960	214
195978	1
195984	76
196008	54
196032	99
196050	10
196056	244
196080	195
196098	1
196104	88
196128	487
196146	3
196152	188
196176	49
196194	3
196200	926
196218	7
196224	212
196236	1
196248	373
196266	1
196272	51
196290	1
196296	76
196314	7
196320	750
196338	2
196344	57
196368	76
196392	49
196410	1
196416	436
196440	95
196464	39
196488	253
196506	6
196512	313
196530	3
196536	127
196554	7
196560	829
196584	53
196602	5
196608	259
196632	156
196650	3
196656	293
196668	5
196680	93
196698	2
196704	684
196728	36
196752	94
196776	322
196800	617
196824	31
196848	121
196872	50
196890	9
196896	47
196914	4
196920	264
196944	77
196968	34
196986	1
196992	250
197016	37
197034	2
197040	140
197064	181
197088	605
197106	4
197112	39
197130	7
197136	147
197154	6
197160	148
197184	484
197202	2
197208	76
197232	71
197250	1
197256	72
197280	479
197298	1
197304	94
197328	62
197352	47
197376	64
197394	4
197400	285
197418	4
197424	57
197448	39
197466	1
197472	186
197490	1
197496	173
197514	2
197520	86
197544	60
197568	1134
197586	5
197592	34
197610	5
197616	47
197634	9
197640	323
197664	33
197682	1
197688	212
197712	79
197730	1
197736	62
197754	6
197760	623
197784	139
197808	38
197832	41
197850	1
197856	119
197880	319
197904	65
197928	277
197946	1
197952	494
197976	135
198000	1138
198024	62
198042	1
198048	212
198066	2
198072	220
198096	63
198108	1
198114	1
198120	134
198138	1
198144	278
198168	379
198186	3
198192	158
198210	1
198216	121
198240	569
198264	59
198288	305
198300	1
198312	22
198330	6
198336	134
198354	1
198360	334
198378	6
198384	119
198408	41
198426	3
198432	141
198450	5
198456	79
198480	169
198504	26
198528	271
198540	1
198546	6
198552	223
198570	2
198576	62
198600	115
198624	595
198642	5
198648	322
198666	7
198672	203
198696	61
198720	1266
198738	1
198744	38
198768	137
198792	40
198816	130
198834	7
198840	151
198864	104
198888	125
198912	30
198930	4
198936	42
198960	110
198984	46
199002	3
199008	716
199026	3
199032	85
199050	1
199056	113
199080	263
199104	685
199128	37
199146	3
199152	52
199170	2
199176	57
199194	1
199200	437
199224	99
199242	1
199248	31
199266	3
199272	80
199290	7
199296	637
199320	391
199338	1
199344	54
199368	60
199392	43
199416	30
199440	274
199464	36
199488	695
199506	8
199512	67
199536	85
199560	71
199584	288
199602	1
199608	128
199632	72
199644	2
199650	7
199656	128
199680	989
199704	197
199722	2
199728	106
199746	1
199752	45
199770	2
199776	576
199800	583
199824	43
199848	64
199866	1
199872	205
199890	1
199896	66
199920	241
199944	103
199962	4
199968	405
199986	2
199992	52
200016	58
200040	33
200064	544
200082	4
200088	374
200106	2
200112	72
200136	52
200160	1175
200178	4
200184	164
200202	1
200208	97
200220	1
200226	2
200232	164
200250	1
200256	96
200280	167
200304	128
200328	54
200346	2
200352	278
200376	22
200400	161
200424	85
200442	9
200448	225
200472	65
200496	36
200520	185
200538	4
200544	527
200562	12
200568	279
200586	1
200592	158
200616	67
200634	1
200640	662
200664	49
200682	2
200688	243
200712	97
200730	1
200736	256
200760	199
200784	67
200802	2
200808	186
200826	2
200832	121
200856	32
200874	1
200880	321
200904	55
200928	113
200946	1
200952	144
200976	48
200994	4
201000	85
201024	311
201048	95
201066	4
201072	137
201096	53
201114	4
201120	539
201132	1
201138	2
201144	153
201162	1
201168	85
201186	2
201192	52
201210	3
201216	409
201234	3
201240	316
201258	2
201264	51
201282	1
201288	82
201312	926
201336	48
201360	209
201384	158
201408	304
201432	98
201450	4
201456	52
201480	109
201504	318
201528	34
201546	2
201552	69
201576	73
201594	8
201600	3245
201624	225
201642	4
201648	75
201666	2
201672	149
201696	433
201714	6
201720	306
201738	3
201744	99
201768	50
201792	117
201810	1
201816	39
201834	3
201840	200
201864	32
201888	310
201912	30
201936	31
201960	630
201978	1
201984	108
202002	3
202008	113
202026	4
202032	37
202044	2
202056	44
202074	10
202080	492
202104	408
202122	2
202128	93
202152	55
202176	426
202200	199
202224	154
202248	82
202272	97
202296	42
202320	580
202344	109
202362	1
202368	194
202392	120
202416	20
202440	119
202458	1
202464	338
202482	5
202488	202
202512	28
202536	152
202560	465
202578	1
202584	183
202602	3
202608	207
202632	42
202656	87
202674	3
202680	156
202704	173
202722	1
202728	66
202746	2
202752	110
202770	4
202776	106
202800	329
202824	327
202842	27
202848	524
202866	1
202872	137
202896	112
202920	77
202944	188
202968	54
202992	23
203010	3
203016	76
203040	695
203058	9
203064	151
203088	170
203112	161
203136	171
203160	315
203178	3
203184	381
203202	10
203208	86
203232	410
203256	37
203280	158
203304	83
203328	371
203346	2
203352	73
203376	21
203400	418
203424	165
203448	101
203472	77
203496	24
203520	471
203544	45
203562	1
203568	38
203592	41
203616	650
203640	253
203658	3
203664	46
203676	3
203688	144
203712	497
203730	3
203736	83
203760	960
203778	3
203784	39
203802	3
203808	306
203826	6
203832	74
203850	1
203856	17
203880	83
203904	72
203928	96
203946	2
203952	28
203976	167
203994	18
204000	1010
204018	1
204024	157
204048	65
204066	1
204072	41
204096	490
204120	446
204138	3
204144	73
204162	3
204168	37
204192	182
204216	264
204240	266
204264	172
204282	3
204288	185
204306	1
204312	212
204336	89
204360	141
204384	289
204402	3
204408	129
204426	1
204432	16
204450	1
204456	26
204480	725
204504	121
204528	60
204546	4
204552	39
204576	415
204594	5
204600	214
204618	1
204624	162
204642	3
204648	28
204672	37
204696	222
204714	2
204720	318
204738	1
204744	56
204762	9
204768	419
204792	193
204810	2
204816	146
204840	244
204858	1
204864	350
204888	125
204912	121
204936	40
204960	310
204978	2
204984	88
205002	3
205008	107
205032	55
205056	302
205080	200
205098	1
205104	210
205128	77
205152	197
205176	51
205194	4
205200	1290
205224	123
205248	834
205272	32
205296	23
205314	4
205320	115
205344	181
205356	1
205368	93
205392	57
205410	3
205416	73
205440	306
205458	2
205464	74
205488	98
205512	26
205536	115
205560	691
205578	2
205584	138
205608	41
205632	537
205656	88
205674	1
205680	112
205698	1
205704	70
205728	568
205752	105
205776	45
205794	2
205800	118
205824	249
205848	216
205866	1
205872	14
205896	34
205920	375
205938	2
205944	50
205962	1
205968	39
205992	49
206016	444
206040	190
206058	1
206064	60
206088	47
206112	402
206130	4
206136	113
206154	13
206160	183
206178	3
206184	29
206202	2
206208	378
206232	227
206250	3
206256	27
206274	3
206280	276
206304	384
206328	145
206346	3
206352	115
206376	25
206394	4
206400	554
206418	8
206424	78
206448	121
206472	88
206496	320
206514	3
206520	190
206544	104
206556	1
206562	1
206568	168
206592	166
206610	2
206616	169
206634	1
206640	305
206664	52
206688	331
206712	261
206730	6
206736	118
206748	1
206760	100
206784	449
206808	110
206826	3
206832	184
206856	240
206874	9
206880	459
206904	162
206928	96
206946	1
206952	120
206976	160
206994	1
207000	854
207018	2
207024	72
207048	45
207072	78
207096	157
207114	2
207120	226
207144	80
207168	655
207192	45
207210	2
207216	170
207234	5
207240	84
207258	1
207264	514
207288	196
207306	4
207312	77
207330	5
207336	76
207354	1
207360	1784
207384	147
207402	1
207408	35
207432	60
207450	11
207456	160
207480	250
207504	114
207528	54
207552	362
207576	42
207594	3
207600	171
207624	65
207648	865
207672	58
207690	1
207696	75
207708	1
207714	6
207720	254
207744	148
207768	281
207792	37
207810	1
207816	36
207840	220
207858	1
207864	163
207888	50
207912	35
207930	14
207936	163
207960	252
207984	56
208002	1
208008	82
208032	477
208050	3
208056	74
208080	374
208104	31
208128	325
208152	136
208176	20
208194	2
208200	60
208218	2
208224	501
208248	344
208266	1
208272	99
208290	2
208296	21
208314	1
208320	348
208344	120
208362	1
208368	190
208392	32
208410	7
208416	292
208434	1
208440	189
208464	90
208488	36
208512	73
208530	28
208536	149
208554	1
208560	130
208584	63
208608	250
208632	276
208650	2
208656	283
208680	69
208704	393
208728	138
208746	4
208752	275
208770	2
208776	10
208794	6
208800	927
208824	63
208848	173
208866	2
208872	65
208890	1
208896	140
208914	1
208920	340
208944	55
208962	3
208968	25
208986	3
208992	272
209016	186
209040	218
209064	16
209082	3
209088	334
209112	189
209130	1
209136	215
209160	351
209184	399
209208	66
209226	2
209232	229
209250	5
209256	48
209274	1
209280	1610
209304	160
209328	56
209346	3
209352	62
209376	129
209400	256
209418	2
209424	52
209442	4
209448	63
209472	156
209490	1
209496	58
209520	684
209544	56
209562	7
209568	401
209586	1
209592	44
209616	58
209640	56
209664	219
209682	3
209688	237
209706	1
209712	111
209736	62
209760	403
209784	198
209808	558
209826	1
209832	45
209850	2
209856	163
209880	237
209904	94
209928	33
209946	4
209952	148
209970	1
209976	39
209994	1
210000	204
210012	4
210024	35
210042	11
210048	168
210072	102
210096	84
210120	94
210144	253
210168	529
210186	2
210192	36
210216	47
210234	3
210240	541
210264	208
210288	201
210306	1
210312	15
210330	3
210336	151
210360	114
210384	261
210408	44
210432	145
210456	88
210480	141
210504	44
210528	186
210546	2
210552	145
210576	16
210588	1
210594	1
210600	442
210624	422
210642	1
210648	245
210666	1
210672	218
210690	1
210696	24
210714	1
210720	488
210744	112
210762	1
210768	230
210792	25
210816	166
210834	3
210840	172
210864	83
210882	2
210888	51
210912	217
210936	100
210960	980
210978	12
210984	46
211008	397
211026	4
211032	255
211056	65
211074	4
211080	74
211104	205
211122	2
211128	91
211152	204
211176	17
211194	4
211200	1910
211224	190
211242	2
211248	299
211266	1
211272	48
211296	176
211320	438
211338	1
211344	99
211362	2
211368	84
211386	1
211392	188
211410	6
211416	71
211434	3
211440	103
211464	52
211488	209
211512	98
211536	63
211560	69
211578	8
211584	96
211602	2
211608	413
211632	100
211650	2
211656	23
211674	9
211680	998
211698	1
211704	302
211728	108
211746	2
211752	170
211776	671
211800	247
211824	85
211848	74
211866	1
211872	187
211896	92
211920	335
211944	45
211968	117
211992	21
212016	83
212034	1
212040	130
212058	6
212064	115
212088	177
212112	116
212124	4
212136	142
212154	12
212160	1005
212178	3
212184	197
212202	39
212208	91
212226	2
212232	47
212250	1
212256	216
212280	146
212304	210
212328	41
212346	1
212352	179
212376	141
212400	824
212424	38
212448	178
212472	41
212490	2
212496	41
212520	75
212544	349
212568	204
212592	25
212616	74
212640	468
212652	2
212658	1
212664	183
212688	266
212706	1
212712	11
212736	83
212754	6
212760	840
212784	239
212802	2
212808	31
212826	1
212832	79
212856	116
212880	139
212904	90
212928	246
212952	133
212976	27
213000	134
213024	169
213048	160
213072	71
213096	12
213120	1110
213144	199
213168	166
213192	45
213210	4
213216	107
213240	262
213264	156
213282	1
213288	131
213306	3
213312	384
213336	55
213354	13
213360	254
213384	84
213402	3
213408	426
213432	120
213456	66
213480	71
213498	1
213504	132
213528	69
213546	1
213552	52
213576	33
213594	6
213600	1288
213624	123
213642	4
213648	205
213672	106
213690	7
213696	556
213720	286
213738	1
213744	147
213762	1
213768	170
213786	1
213792	359
213810	1
213816	103
213840	222
213858	4
213864	82
213888	341
213912	212
213930	1
213936	17
213960	77
213984	153
214008	85
214026	1
214032	100
214056	98
214074	3
214080	550
214104	110
214128	71
214146	1
214152	80
214170	2
214176	348
214200	1091
214224	118
214248	54
214272	175
214290	8
214296	187
214320	259
214344	69
214368	166
214392	150
214416	282
214440	49
214464	127
214488	83
214512	43
214536	39
214560	1228
214584	287
214608	101
214626	1
214632	29
214656	182
214674	4
214680	174
214704	227
214722	4
214728	32
214752	138
214764	1
214770	2
214776	224
214800	211
214824	74
214848	319
214872	109
214896	38
214920	457
214944	412
214968	177
214992	101
215010	1
215016	18
215040	234
215064	217
215088	88
215112	26
215136	98
215154	5
215160	268
215184	277
215208	54
215226	9
215232	142
215244	3
215256	153
215274	1
215280	451
215304	115
215328	374
215346	3
215352	96
215376	130
215394	1
215400	99
215418	1
215424	538
215448	304
215466	1
215472	66
215496	241
215520	235
215544	198
215568	227
215586	2
215592	78
215616	285
215634	1
215640	238
215658	1
215664	105
215682	3
215688	135
215712	395
215736	77
215760	267
215778	2
215784	109
215808	345
215820	1
215832	192
215850	1
215856	179
215880	95
215904	207
215928	429
215952	85
215970	1
215976	39
216000	1684
216024	106
216042	1
216048	91
216072	51
216096	235
216120	126
216144	60
216168	51
216192	238
216216	230
216240	215
216264	30
216288	209
216306	6
216312	293
216336	41
216360	443
216384	162
216408	126
216432	89
216456	10
216480	447
216504	62
216528	65
216552	34
216576	229
216600	296
216624	113
216648	87
216672	111
216696	267
216720	611
216738	1
216744	61
216768	228
216786	2
216792	121
216816	189
216828	1
216840	130
216858	1
216864	258
216882	1
216888	191
216912	153
216936	16
216954	1
216960	807
216984	165
217008	177
217032	61
217050	15
217056	138
217080	251
217098	1
217104	107
217128	25
217146	1
217152	77
217176	193
217200	348
217224	80
217242	3
217248	372
217272	157
217296	255
217320	75
217344	715
217368	350
217392	74
217416	53
217440	522
217458	1
217464	189
217488	85
217506	1
217512	47
217536	118
217560	100
217584	160
217608	58
217632	181
217656	222
217680	169
217704	47
217728	321
217752	125
217776	170
217800	264
217824	148
217842	3
217848	329
217872	53
217890	18
217896	54
217920	262
217944	215
217968	97
217986	1
217992	19
218016	153
218040	111
218064	155
218088	30
218112	167
218136	126
218160	480
218184	33
218202	1
218208	134
218232	263
218256	51
218274	1
218280	68
218298	1
218304	241
218328	314
218352	121
218370	2
218376	40
218394	4
218400	499
218418	2
218424	140
218448	260
218472	11
218496	154
218514	1
218520	404
218544	105
218568	79
218592	112
218610	1
218616	182
218640	139
218664	60
218688	374
218712	135
218736	131
218760	64
218784	220
218808	518
218832	226
218856	10
218874	1
218880	1537
218904	82
218928	228
218952	65
218976	40
219000	288
219024	86
219048	119
219066	11
219072	102
219096	159
219120	125
219144	28
219168	512
219192	118
219216	222
219240	106
219258	2
219264	129
219276	2
219288	100
219312	174
219330	1
219336	39
219348	2
219360	606
219384	161
219408	89
219432	82
219456	144
219474	1
219480	254
219504	81
219522	2
219528	75
219546	1
219552	129
219576	66
219600	310
219624	25
219642	30
219648	109
219672	64
219696	140
219720	68
219744	417
219756	1
219762	1
219768	149
219792	73
219816	199
219840	491
219864	181
219888	121
219906	1
219912	104
219936	133
219960	551
219984	139
220002	1
220008	29
220032	127
220050	1
220056	52
220080	156
220104	87
220122	7
220128	38
220152	89
220176	149
220200	138
220224	189
220248	287
220272	73
220296	81
220320	1313
220344	147
220368	225
220386	1
220392	107
220410	13
220416	106
220434	1
220440	146
220464	215
220488	53
220512	75
220530	1
220536	43
220560	150
220578	6
220584	109
220608	630
220632	81
220656	39
220680	146
220704	320
220728	155
220752	198
220776	55
220800	1647
220824	97
220848	365
220872	27
220896	87
220914	2
220920	168
220944	144
220968	150
220992	98
221016	125
221040	118
221064	97
221088	105
221106	1
221112	108
221130	1
221136	84
221148	1
221160	46
221184	80
221208	127
221232	184
221256	8
221274	15
221280	1217
221304	151
221328	207
221352	122
221376	97
221400	481
221424	79
221448	174
221466	1
221472	194
221496	86
221520	272
221544	49
221568	334
221592	100
221616	165
221640	47
221658	14
221664	43
221688	66
221712	240
221736	54
221760	1815
221784	137
221808	87
221832	148
221856	195
221874	2
221880	160
221904	114
221928	94
221952	141
221976	107
222000	179
222024	44
222042	12
222048	126
222072	109
222096	104
222120	535
222144	278
222168	189
222192	105
222216	131
222234	1
222240	329
222264	251
222288	142
222312	82
222336	362
222348	1
222354	1
222360	543
222384	179
222408	145
222432	149
222456	139
222480	526
222504	67
222522	16
222528	88
222546	1
222552	99
222576	106
222600	178
222624	178
222648	129
222666	1
222672	47
222696	67
222720	407
222744	154
222768	342
222792	22
222816	179
222840	238
222864	171
222888	87
222912	113
222930	2
222936	83
222960	147
222984	95
223008	175
223026	1
223032	106
223056	31
223080	98
223104	171
223122	1
223128	61
223152	80
223176	10
223194	4
223200	1840
223224	102
223248	213
223272	53
223296	80
223320	143
223344	208
223368	162
223392	160
223416	139
223440	159
223464	117
223488	493
223512	169
223536	83
223560	405
223578	13
223584	154
223608	125
223632	155
223656	44
223680	1005
223704	166
223728	124
223752	137
223770	1
223776	227
223788	1
223800	325
223812	1
223824	182
223842	1
223848	133
223872	137
223896	89
223920	847
223944	69
223968	147
223992	122
224016	82
224040	66
224058	10
224064	126
224088	69
224112	128
224136	62
224154	19
224160	431
224184	139
224208	94
224220	1
224232	98
224256	190
224280	732
224304	121
224328	76
224352	186
224376	118
224400	552
224424	87
224448	203
224472	180
224490	12
224496	136
224520	124
224538	11
224544	164
224568	182
224592	55
224616	51
224640	924
224658	3
224664	70
224688	105
224712	57
224736	165
224754	19
224760	199
224784	132
224808	71
224832	124
224856	144
224880	282
224904	124
224928	121
224952	159
224970	14
224976	144
225000	405
225024	415
225048	102
225072	67
225096	27
225120	333
225138	7
225144	139
225168	108
225192	26
225210	16
225216	372
225234	1
225240	173
225264	223
225288	149
225312	80
225336	159
225360	519
225378	1
225384	143
225408	664
225432	140
225456	128
225480	119
225504	157
225528	127
225552	97
225576	45
225594	7
225600	971
225624	126
225648	144
225672	44
225690	12
225696	96
225720	246
225744	171
225768	98
225792	172
225816	75
225840	184
225864	119
225888	576
225906	1
225912	156
225936	109
225960	65
225984	138
226008	284
226032	70
226056	25
226074	10
226080	655
226104	80
226128	83
226152	69
226170	10
226176	233
226200	450
226224	126
226248	60
226272	74
226290	10
226296	168
226320	151
226344	50
226368	473
226392	122
226416	137
226440	242
226464	78
226488	124
226506	6
226512	170
226536	51
226560	1149
226584	78
226608	91
226632	28
226656	504
226674	1
226680	216
226704	141
226728	207
226752	179
226770	17
226776	179
226800	848
226824	106
226848	154
226872	149
226896	137
226920	189
226944	542
226968	100
226986	1
226992	143
227016	321
227040	511
227064	109
227088	94
227106	2
227112	67
227136	52
227160	138
227184	83
227208	42
227226	5
227232	57
227256	120
227280	205
227304	106
227328	74
227352	102
227370	6
227376	204
227400	117
227424	411
227448	128
227472	119
227496	49
227520	693
227544	83
227568	94
227586	2
227592	53
227616	129
227640	88
227664	176
227688	76
227706	10
227712	107
227736	76
227754	1
227760	227
227784	72
227808	830
227820	1
227826	13
227832	98
227850	1
227856	118
227880	294
227904	237
227928	161
227952	101
227976	90
228000	471
228024	136
228048	142
228072	37
228090	5
228096	41
228120	85
228144	137
228168	458
228192	24
228216	78
228240	333
228264	81
228288	138
228306	12
228312	110
228330	14
228336	61
228354	1
228360	135
228384	128
228402	1
228408	155
228432	117
228450	1
228456	88
228480	719
228504	101
228528	293
228552	48
228576	65
228600	455
228624	140
228648	72
228672	96
228690	7
228696	100
228720	104
228744	96
228768	107
228786	10
228792	55
228816	222
228840	133
228864	122
228888	178
228906	5
228912	159
228936	30
228960	1391
228984	80
229008	175
229032	67
229056	61
229080	118
229104	70
229122	2
229128	113
229152	103
229170	1
229176	70
229200	372
229224	56
229248	68
229272	49
229296	159
229320	431
229344	435
229368	128
229386	7
229392	120
229416	85
229440	403
229464	86
229488	111
229512	152
229536	42
229560	144
229584	51
229608	164
229632	128
229656	44
229674	3
229680	590
229704	36
229728	88
229752	39
229776	196
229800	131
229824	382
229842	5
229848	110
229872	88
229896	134
229920	303
229944	92
229968	463
229986	1
229992	102
230010	34
230016	323
230040	282
230064	157
230088	51
230106	6
230112	86
230136	43
230160	194
230184	69
230208	211
230226	1
230232	87
230256	61
230280	145
230304	60
230322	3
230328	243
230352	81
230376	139
230400	1699
230424	122
230442	1
230448	157
230472	63
230496	139
230520	223
230544	139
230568	60
230592	63
230616	239
230640	133
230664	105
230688	85
230712	59
230736	53
230760	332
230784	122
230802	1
230808	84
230832	139
230856	47
230880	1136
230904	37
230928	350
230952	41
230976	88
231000	190
231024	78
231042	1
231048	121
231072	108
231096	84
231120	641
231144	78
231168	136
231192	73
231216	98
231240	86
231264	203
231288	45
231306	4
231312	143
231336	32
231360	1750
231384	113
231402	1
231408	181
231432	94
231456	188
231480	376
231504	160
231528	127
231546	27
231552	197
231576	50
231600	185
231624	81
231642	4
231648	142
231672	72
231696	120
231720	54
231744	615
231768	140
231792	101
231816	113
231840	687
231858	2
231864	89
231888	60
231906	5
231912	176
231930	1
231936	187
231960	292
231984	102
232008	109
232032	283
232056	48
232080	140
232104	48
232122	32
232128	71
232152	62
232176	87
232200	290
232224	310
232248	66
232272	87
232296	120
232320	384
232338	2
232344	203
232368	64
232386	1
232392	84
232416	329
232440	252
232458	1
232464	103
232476	2
232488	59
232512	141
232536	42
232560	719
232584	92
232608	126
232626	7
232632	102
232656	52
232680	105
232704	182
232722	3
232728	60
232752	66
232776	158
232800	698
232824	142
232842	3
232848	147
232872	52
232896	99
232920	280
232944	279
232968	111
232992	74
233016	92
233040	136
233058	1
233064	128
233088	262
233112	68
233136	42
233160	92
233178	3
233184	125
233208	67
233232	43
233256	54
233280	1571
233304	106
233322	3
233328	116
233352	115
233376	87
233400	257
233424	70
233448	146
233472	46
233496	101
233520	67
233544	149
233568	337
233592	58
233616	72
233640	94
233664	97
233688	48
233712	96
233736	155
233760	883
233784	94
233808	74
233832	103
233856	227
233874	24
233880	397
233904	80
233922	6
233928	279
233952	264
233976	87
234000	993
234024	52
234042	1
234048	242
234072	70
234096	77
234120	60
234138	1
234144	161
234168	54
234192	63
234216	198
234234	4
234240	565
234264	70
234288	121
234312	106
234336	168
234354	44
234360	822
234384	117
234408	93
234432	128
234456	76
234480	247
234504	178
234522	4
234528	172
234552	79
234576	142
234600	294
234624	246
234648	141
234672	56
234696	78
234720	291
234738	19
234744	127
234768	56
234792	60
234816	133
234828	1
234834	2
234840	195
234858	5
234864	204
234888	74
234906	1
234912	201
234936	99
234960	301
234984	100
235008	524
235032	226
235056	51
235080	237
235104	139
235122	2
235128	73
235152	47
235176	44
235200	865
235224	147
235248	67
235272	65
235290	8
235296	86
235320	115
235338	1
235344	159
235368	287
235392	43
235416	75
235434	1
235440	361
235458	1
235464	132
235488	548
235512	98
235536	87
235548	2
235560	76
235584	126
235608	60
235632	54
235656	121
235674	3
235680	778
235704	101
235728	215
235752	76
235770	5
235776	66
235800	448
235824	119
235848	115
235872	118
235890	6
235896	70
235920	201
235938	1
235944	78
235968	288
235992	54
236016	548
236040	81
236058	10
236064	146
236088	100
236112	74
236136	57
236154	1
236160	823
236184	67
236208	43
236232	53
236256	136
236274	2
236280	374
236304	93
236328	81
236352	138
236370	8
236376	232
236400	377
236424	54
236448	134
236472	50
236490	1
236496	72
236520	197
236538	19
236544	253
236568	72
236592	64
236616	53
236634	1
236640	385
236658	3
236664	128
236688	91
236712	47
236736	57
236754	14
236760	130
236784	56
236808	75
236832	94
236850	8
236856	153
236874	1
236880	687
236904	91
236928	129
236952	63
236970	10
236976	52
237000	180
237024	364
237048	96
237072	68
237096	28
237114	2
237120	862
237138	1
237144	79
237168	176
237192	42
237216	46
237240	114
237264	90
237288	78
237306	4
237312	81
237336	71
237354	1
237360	331
237384	106
237408	569
237432	60
237456	200
237468	1
237474	1
237480	149
237504	368
237522	1
237528	179
237552	77
237576	52
237600	1461
237624	38
237648	80
237672	71
237690	5
237696	67
237720	67
237738	1
237744	75
237768	72
237792	66
237816	143
237840	141
237864	76
237888	842
237906	4
237912	52
237936	113
237954	10
237960	157
237984	75
238008	98
238032	45
238056	34
238074	7
238080	602
238104	41
238128	49
238152	42
238170	5
238176	38
238194	3
238200	400
238218	1
238224	61
238248	45
238272	62
238290	5
238296	74
238320	214
238344	129
238368	226
238386	1
238392	63
238416	57
238440	166
238464	127
238488	158
238506	2
238512	47
238536	64
238560	755
238584	56
238602	1
238608	114
238632	39
238656	76
238680	511
238704	67
238728	55
238752	101
238770	54
238776	85
238800	309
238824	73
238848	86
238872	47
238896	70
238920	128
238938	1
238944	266
238968	278
238986	3
238992	265
239016	41
239034	1
239040	1323
239058	1
239064	40
239088	181
239106	1
239112	67
239136	88
239160	152
239184	67
239208	81
239232	30
239256	30
239274	1
239280	369
239304	45
239328	152
239352	147
239376	61
239400	211
239424	804
239448	68
239472	63
239496	44
239520	454
239544	58
239568	78
239586	1
239592	76
239616	89
239640	180
239664	22
239682	1
239688	78
239706	8
239712	57
239736	25
239760	387
239784	32
239808	462
239832	34
239856	73
239880	184
239904	242
239922	1
239928	80
239952	42
239970	14
239976	127
240000	977
240024	136
240048	39
240072	96
240096	85
240120	260
240144	56
240168	77
240186	4
240192	182
240216	50
240234	1
240240	201
240264	50
240288	466
240306	19
240312	56
240336	49
240348	1
240360	129
240384	104
240408	145
240432	43
240456	99
240480	631
240504	106
240522	4
240528	43
240540	1
240552	87
240570	11
240576	105
240600	234
240624	120
240648	59
240672	95
240696	25
240720	313
240744	79
240768	97
240786	7
240792	31
240816	27
240834	2
240840	207
240858	5
240864	203
240888	265
240906	6
240912	76
240936	53
240960	937
240984	60
241002	3
241008	106
241032	63
241056	111
241080	166
241104	70
241128	180
241152	145
241176	56
241200	743
241224	79
241248	61
241272	54
241296	37
241320	66
241344	603
241368	64
241386	7
241392	147
241416	36
241440	757
241464	31
241488	29
241500	1
241512	53
241536	82
241560	581
241584	40
241608	118
241632	82
241656	63
241674	8
241680	143
241704	54
241728	68
241752	25
241776	89
241800	271
241824	577
241842	2
241848	53
241866	3
241872	36
241890	16
241896	95
241920	1147
241938	1
241944	101
241968	39
241986	12
241992	108
242010	6
242016	282
242040	367
242064	66
242088	74
242112	113
242136	42
242160	136
242184	33
242208	290
242232	52
242256	25
242280	83
242304	208
242322	4
242328	110
242352	48
242370	1
242376	67
242400	326
242418	2
242424	341
242448	63
242460	1
242472	106
242496	234
242520	161
242544	40
242568	22
242586	12
242592	86
242616	53
242640	383
242664	69
242688	291
242712	165
242736	43
242760	235
242784	35
242808	193
242832	44
242856	53
242880	786
242904	124
242922	5
242928	311
242952	37
242976	167
243000	679
243024	88
243048	31
243072	73
243090	4
243096	45
243120	148
243144	82
243162	43
243168	233
243186	3
243192	80
243216	84
243240	79
243264	107
243288	174
243312	27
243336	70
243360	1365
243384	124
243402	2
243408	213
243426	5
243432	46
243456	270
243474	2
243480	236
243504	74
243522	3
243528	94
243552	68
243570	1
243576	101
243594	7
243600	159
243624	58
243648	196
243672	63
243690	2
243696	26
243720	55
243744	427
243768	31
243786	5
243792	29
243816	40
243840	757
243858	1
243864	210
243888	46
243906	8
243912	34
243936	339
243960	476
243978	2
243984	161
244002	2
244008	60
244032	135
244056	57
244080	272
244104	31
244122	3
244128	184
244152	55
244176	49
244200	170
244224	334
244248	68
244272	24
244296	30
244320	157
244344	182
244368	37
244392	59
244416	308
244440	403
244464	41
244488	45
244506	6
244512	105
244536	44
244560	428
244572	1
244584	33
244602	1
244608	223
244626	6
244632	96
244656	25
244680	167
244698	4
244704	411
244728	162
244746	6
244752	53
244776	33
244794	6
244800	1416
244818	6
244824	72
244848	35
244872	29
244896	107
244920	114
244938	4
244944	299
244968	43
244992	59
245016	91
245040	485
245064	58
245088	186
245106	11
245112	78
245130	2
245136	33
245160	345
245184	75
245202	2
245208	113
245232	39
245256	88
245280	630
245304	99
245322	5
245328	135
245352	51
245376	253
245400	276
245424	182
245436	3
245442	3
245448	69
245472	220
245496	153
245520	171
245538	2
245544	105
245568	347
245592	79
245616	43
245640	42
245664	109
245676	5
245688	60
245706	2
245712	64
245736	24
245760	881
245778	24
245784	25
245802	2
245808	79
245832	37
245856	96
245880	364
245904	80
245922	5
245928	86
245952	334
245970	1
245976	121
246000	243
246024	86
246048	122
246072	34
246090	4
246096	68
246120	100
246138	2
246144	116
246168	72
246186	1
246192	42
246216	35
246234	3
246240	529
246264	63
246288	38
246312	37
246336	97
246360	404
246384	38
246402	4
246408	89
246432	104
246456	83
246474	1
246480	387
246504	31
246528	207
246552	67
246576	21
246594	1
246600	217
246624	97
246642	2
246648	77
246672	20
246696	23
246720	266
246744	149
246768	46
246792	23
246816	177
246834	1
246840	226
246858	4
246864	97
246882	1
246888	99
246912	48
246936	92
246960	1070
246984	23
247002	2
247008	155
247026	1
247032	142
247056	15
247074	1
247080	217
247104	201
247122	10
247128	80
247152	61
247176	17
247200	420
247224	72
247242	2
247248	56
247272	23
247296	29
247314	4
247320	183
247338	9
247344	201
247368	38
247392	71
247416	67
247434	5
247440	288
247458	3
247464	57
247488	679
247512	77
247536	43
247560	226
247584	146
247608	124
247626	8
247632	105
247656	57
247680	627
247704	30
247722	3
247728	52
247752	31
247776	49
247800	205
247818	1
247824	136
247848	24
247872	313
247896	36
247920	138
247938	1
247944	145
247968	477
247992	38
248010	4
248016	54
248040	238
248064	99
248088	216
248106	1
248112	54
248136	47
248160	396
248184	71
248208	43
248232	32
248250	3
248256	167
248280	317
248304	54
248322	1
248328	32
248352	466
248376	102
248400	651
248418	2
248424	124
248448	144
248472	101
248496	25
248520	93
248538	4
248544	96
248568	222
248592	20
248616	32
248640	421
248664	41
248688	29
248712	51
248736	162
248760	456
248784	44
248802	1
248808	45
248832	94
248856	100
248880	502
248898	25
248904	24
248928	67
248952	106
248970	1
248976	31
249000	158
249024	363
249042	4
249048	74
249072	58
249096	14
249120	518
249138	3
249144	67
249168	49
249192	85
249216	139
249234	1
249240	169
249258	2
249264	51
249288	59
249312	59
249336	31
249354	1
249360	439
249384	20
249408	327
249432	53
249450	3
249456	200
249474	2
249480	249
249504	644
249522	2
249528	77
249546	3
249552	64
249576	43
249600	1483
249624	48
249648	81
249672	106
249696	89
249720	225
249738	1
249744	82
249768	32
249786	1
249792	95
249816	47
249834	1
249840	199
249858	2
249864	74
249888	672
249912	48
249936	72
249954	1
249960	231
249984	249
250008	135
250032	49
250050	3
250056	23
250074	1
250080	333
250104	159
250128	38
250152	37
250176	38
250200	513
250224	21
250248	26
250272	35
250296	31
250320	118
250338	1
250344	69
250368	291
250386	8
250392	99
250416	21
250434	2
250440	96
250464	132
250488	355
250512	25
250536	72
250554	1
250560	983
250584	86
250608	24
250626	1
250632	58
250656	77
250674	1
250680	248
250704	104
250728	44
250752	230
250776	39
250800	282
250824	33
250848	175
250872	54
250896	44
250920	83
250944	312
250968	170
250986	2
250992	106
251016	19
251040	460
251058	1
251064	39
251082	1
251088	185
251112	14
251130	4
251136	86
251160	184
251184	60
251208	50
251232	29
251250	1
251256	126
251274	2
251280	343
251304	17
251328	50
251352	70
251376	78
251400	195
251424	562
251448	47
251472	190
251496	86
251520	802
251538	1
251544	78
251568	111
251586	1
251592	122
251616	52
251640	268
251664	50
251688	61
251712	136
251736	57
251760	215
251784	23
251808	277
251832	77
251856	122
251880	228
251904	486
251928	72
251952	43
251970	5
251976	16
252000	2053
252024	181
252048	50
252066	1
252072	71
252096	101
252120	348
252138	7
252144	57
252168	18
252192	69
252216	60
252240	155
252258	1
252264	33
252288	594
252312	62
252336	12
252354	5
252360	376
252384	97
252408	141
252432	28
252450	1
252456	17
252480	461
252504	165
252528	144
252546	1
252552	28
252570	1
252576	39
252594	14
252600	178
252624	106
252648	28
252666	3
252672	45
252696	32
252720	341
252744	37
252768	217
252792	96
252816	25
252840	93
252864	187
252888	306
252912	41
252936	52
252960	842
252984	55
253002	2
253008	305
253032	10
253050	2
253056	63
253074	1
253080	198
253104	269
253128	25
253146	2
253152	138
253176	32
253200	277
253224	72
253248	32
253272	118
253296	118
253320	124
253344	196
253368	130
253392	115
253416	20
253440	1020
253464	53
253488	368
253506	3
253512	31
253536	55
253554	2
253560	269
253584	64
253602	2
253608	113
253626	5
253632	114
253656	78
253674	5
253680	161
253704	54
253728	69
253746	6
253752	80
253770	13
253776	50
253800	418
253824	310
253848	63
253872	13
253896	20
253914	8
253920	425
253944	109
253968	130
253986	5
253992	38
254016	194
254040	365
254064	45
254088	97
254112	24
254130	3
254136	61
254154	2
254160	624
254184	28
254202	2
254208	148
254232	65
254250	1
254256	55
254280	86
254304	189
254328	48
254352	88
254370	6
254376	14
254400	704
254424	286
254448	39
254460	1
254472	56
254496	120
254520	420
254544	164
254568	22
254586	1
254592	15
254616	33
254640	371
254664	26
254688	126
254712	64
254736	28
254760	83
254784	133
254808	252
254832	27
254850	1
254856	28
254880	545
254904	100
254922	2
254928	140
254946	2
254952	30
254970	1
254976	74
255000	379
255024	275
255048	16
255066	6
255072	52
255096	29
255120	377
255138	1
255144	73
255162	3
255168	216
255186	1
255192	27
255216	24
255240	120
255258	1
255264	239
255288	167
255306	1
255312	26
255336	32
255360	541
255384	60
255408	236
255432	20
255450	1
255456	26
255480	221
255504	200
255522	2
255528	77
255552	145
255570	12
255576	34
255600	435
255618	2
255624	207
255648	81
255672	60
255690	3
255696	53
255720	121
255744	141
255768	75
255786	1
255792	36
255816	15
255840	339
255864	38
255888	207
255906	10
255912	10
255936	241
255960	530
255984	105
256002	2
256008	172
256032	161
256056	70
256080	273
256104	71
256122	2
256128	155
256152	48
256176	38
256200	88
256224	90
256242	6
256248	98
256272	77
256296	16
256320	807
256344	126
256368	23
256386	4
256392	61
256416	343
256440	297
256464	63
256482	2
256488	95
256506	4
256512	62
256536	35
256560	523
256584	69
256602	4
256608	263
256626	1
256632	61
256656	35
256674	1
256680	103
256704	124
256722	3
256728	63
256752	22
256776	25
256800	297
256824	104
256848	35
256872	42
256896	49
256920	180
256944	206
256962	1
256968	46
256986	3
256992	97
257016	132
257040	616
257064	41
257088	256
257106	2
257112	64
257136	19
257160	291
257184	145
257208	77
257232	26
257256	13
257280	819
257304	182
257322	1
257328	41
257352	18
257376	38
257400	151
257424	292
257448	8
257472	42
257496	76
257520	373
257538	1
257544	127
257562	1
257568	184
257586	6
257592	49
257616	49
257640	224
257658	2
257664	108
257682	2
257688	77
257706	7
257712	27
257736	14
257760	465
257784	66
257802	1
257808	99
257832	49
257856	83
257880	190
257904	79
257922	4
257928	60
257952	271
257976	32
258000	297
258018	3
258024	239
258048	618
258072	40
258090	5
258096	83
258120	120
258138	3
258144	199
258162	1
258168	89
258186	9
258192	53
258210	1
258216	19
258240	212
258264	28
258288	136
258306	1
258312	18
258336	129
258360	191
258384	88
258402	1
258408	254
258432	163
258450	2
258456	101
258480	240
258498	4
258504	85
258528	241
258552	105
258576	39
258594	1
258600	175
258618	1
258624	219
258642	3
258648	133
258672	21
258696	22
258720	166
258738	3
258744	80
258768	29
258786	1
258792	49
258816	230
258840	152
258864	44
258888	101
258912	21
258936	94
258960	458
258978	5
258984	21
259008	175
259032	103
259056	183
259080	210
259104	250
259122	6
259128	123
259152	48
259176	17
259200	2033
259218	2
259224	96
259248	48
259272	19
259296	57
259320	241
259338	1
259344	107
259362	4
259368	20
259392	34
259416	104
259440	321
259464	57
259488	199
259512	46
259536	122
259560	776
259584	294
259602	1
259608	58
259632	94
259656	6
259674	1
259680	268
259704	117
259722	1
259728	84
259746	4
259752	48
259776	11
259800	126
259824	189
259848	31
259872	30
259896	31
259920	503
259938	1
259944	137
259968	582
259992	74
260016	92
260028	3
260034	3
260040	262
260064	91
260088	131
260112	41
260136	34
260160	357
260184	63
260202	4
260208	49
260232	29
260256	17
260280	173
260304	68
260328	34
260352	303
260376	30
260400	185
260418	1
260424	171
260448	206
260466	4
260472	41
260496	26
260514	1
260520	139
260544	214
260568	240
260592	68
260616	31
260640	313
260664	58
260688	124
260712	32
260736	102
260760	183
260784	69
260808	28
260832	69
260856	38
260880	267
260898	1
260904	51
260928	120
260952	180
260976	34
261000	302
261018	1
261024	188
261048	183
261072	134
261096	11
261120	581
261138	4
261144	128
261168	201
261192	16
261216	170
261240	132
261264	82
261288	22
261312	20
261336	126
261360	807
261384	8
261402	1
261408	100
261432	50
261456	214
261480	242
261504	383
261528	99
261552	195
261576	36
261594	3
261600	1215
261618	1
261624	89
261642	3
261648	167
261672	46
261696	87
261720	283
261738	3
261744	97
261768	44
261792	11
261816	142
261840	200
261858	2
261864	22
261888	259
261912	14
261936	106
261960	218
261978	1
261984	218
262002	1
262008	99
262032	134
262050	1
262056	31
262080	997
262104	179
262122	2
262128	48
262152	155
262176	24
262200	195
262218	1
262224	56
262248	46
262266	4
262272	58
262296	5
262320	158
262344	65
262368	298
262392	13
262416	50
262434	8
262440	190
262464	172
262482	4
262488	224
262512	17
262536	77
262560	501
262584	95
262608	153
262632	43
262656	197
262674	2
262680	247
262704	157
262728	26
262752	263
262776	93
262800	576
262824	76
262848	126
262872	2
262890	1
262896	18
262920	77
262938	1
262944	185
262968	190
262992	78
263016	18
263040	388
263064	78
263088	278
263100	1
263112	14
263136	32
263160	564
263184	238
263208	34
263232	28
263256	25
263274	1
263280	249
263304	46
263328	73
263352	73
263376	20
263400	126
263424	147
263448	91
263472	194
263496	8
263514	7
263520	689
263544	84
263568	277
263592	32
263610	1
263616	66
263634	1
263640	168
263664	85
263688	187
263706	1
263712	57
263736	51
263760	258
263784	98
263802	3
263808	78
263832	74
263850	1
263856	155
263880	159
263898	1
263904	252
263928	37
263952	84
263970	1
263976	19
264000	1482
264024	106
264048	65
264072	183
264096	63
264114	7
264120	294
264138	1
264144	132
264162	4
264168	231
264192	7
264210	2
264216	22
264240	268
264264	56
264288	183
264312	33
264336	96
264360	154
264378	4
264384	40
264408	75
264432	47
264456	93
264480	460
264498	3
264504	111
264528	34
264552	67
264576	37
264600	633
264618	1
264624	154
264648	81
264666	1
264672	150
264696	9
264720	348
264744	57
264768	157
264792	15
264816	61
264840	99
264858	1
264864	194
264882	2
264888	99
264912	22
264936	51
264954	3
264960	904
264984	59
265008	171
265032	16
265050	5
265056	113
265080	169
265104	229
265128	35
265146	7
265152	107
265170	2
265176	21
265200	657
265224	126
265248	60
265272	56
265296	5
265320	211
265344	332
265368	114
265392	19
265416	22
265434	3
265440	272
265464	69
265488	281
265512	6
265530	1
265536	57
265560	204
265584	231
265602	1
265608	213
265632	66
265650	2
265656	72
265674	1
265680	344
265704	193
265728	95
265752	43
265776	19
265800	118
265824	69
265848	42
265872	106
265896	11
265914	3
265920	334
265938	1
265944	49
265968	222
265992	31
266016	91
266040	127
266064	78
266082	1
266088	362
266112	58
266130	1
266136	21
266154	3
266160	215
266184	153
266208	129
266232	53
266250	3
266256	64
266280	136
266304	131
266328	33
266352	111
266376	9
266400	823
266424	56
266448	77
266472	94
266496	76
266520	209
266544	69
266562	1
266568	119
266586	3
266592	181
266616	17
266640	335
266664	38
266688	229
266712	56
266736	42
266760	284
266784	103
266802	1
266808	63
266826	1
266832	74
266850	2
266856	41
266880	504
266904	59
266928	51
266952	66
266976	328
266994	2
267000	536
267024	193
267048	56
267072	142
267090	2
267096	68
267120	734
267138	1
267144	62
267168	132
267192	45
267216	36
267240	252
267258	1
267264	84
267282	4
267288	165
267312	33
267336	42
267360	247
267384	124
267408	379
267432	30
267456	76
267480	162
267504	239
267528	40
267546	5
267552	81
267576	32
267600	326
267624	194
267648	169
267666	2
267672	54
267696	13
267720	161
267744	126
267762	1
267768	167
267792	45
267810	1
267816	11
267840	581
267864	28
267888	234
267912	5
267930	4
267936	39
267960	88
267984	120
268008	101
268026	3
268032	67
268050	1
268056	33
268080	157
268104	179
268128	148
268152	80
268176	61
268200	195
268224	214
268248	47
268272	51
268290	1
268296	6
268314	3
268320	213
268344	92
268368	89
268392	53
268416	312
268440	124
268464	40
268488	152
268512	154
268530	2
268536	90
268560	689
268584	48
268608	196
268626	4
268632	55
268656	17
268680	157
268704	225
268728	91
268752	72
268776	16
268800	1061
268818	3
268824	79
268848	25
268872	83
268896	116
268920	264
268944	91
268968	83
268992	97
269016	103
269040	214
269064	41
269088	299
269112	65
269136	83
269160	195
269184	50
269202	2
269208	187
269232	30
269256	6
269280	760
269298	2
269304	134
269328	76
269352	53
269370	1
269376	42
269400	113
269424	127
269442	2
269448	83
269472	74
269496	58
269520	215
269544	103
269562	3
269568	194
269592	175
269610	1
269616	75
269640	251
269664	134
269688	125
269706	1
269712	24
269736	18
269760	592
269784	125
269808	86
269832	16
269856	28
269880	104
269904	138
269928	26
269952	28
269976	70
270000	607
270024	249
270048	195
270060	1
270072	53
270096	152
270120	162
270144	229
270162	3
270168	159
270192	73
270216	34
270240	294
270264	51
270288	132
270306	4
270312	36
270336	15
270360	378
270384	123
270402	2
270408	83
270432	258
270456	63
270480	137
270504	114
270528	181
270546	2
270552	68
270576	20
270600	208
270624	306
270642	3
270648	97
270672	51
270696	46
270720	1107
270744	72
270762	2
270768	92
270786	3
270792	60
270816	177
270840	122
270864	71
270876	3
270888	118
270906	1
270912	11
270930	4
270936	75
270960	196
270978	4
270984	53
271002	1
271008	220
271032	84
271056	27
271080	259
271104	157
271128	152
271152	56
271176	17
271200	590
271224	136
271242	1
271248	145
271266	2
271272	62
271290	1
271296	64
271320	96
271344	128
271368	99
271392	30
271404	2
271416	87
271434	1
271440	194
271464	29
271488	131
271512	55
271536	105
271560	259
271584	141
271608	118
271632	228
271656	26
271680	976
271704	112
271728	117
271752	37
271776	34
271800	261
271818	4
271824	133
271842	1
271848	39
271872	21
271896	79
271920	223
271938	1
271944	51
271968	169
271992	91
272016	237
272040	136
272064	77
272088	158
272112	110
272136	80
272160	1001
272178	6
272184	90
272208	210
272232	55
272256	21
272280	105
272298	1
272304	114
272322	1
272328	43
272352	83
272376	9
272400	148
272424	146
272448	99
272472	18
272496	60
272520	357
272544	163
272568	120
272592	45
272616	72
272640	339
272664	107
272688	134
272712	97
272736	83
272760	189
272778	2
272784	176
272802	1
272808	60
272832	62
272856	25
272880	181
272904	78
272928	97
272952	25
272976	13
273000	110
273024	126
273048	94
273072	57
273096	53
273120	402
273144	132
273162	2
273168	190
273192	37
273216	95
273240	172
273264	100
273288	63
273306	1
273312	51
273336	43
273360	342
273384	76
273408	249
273432	61
273456	92
273480	107
273504	139
273522	1
273528	123
273552	109
273576	40
273600	1741
273624	172
273648	224
273672	72
273696	42
273720	143
273744	131
273768	85
273786	1
273792	36
273816	72
273840	117
273858	2
273864	69
273888	66
273912	47
273936	193
273960	253
273978	1
273984	60
274008	111
274032	100
274050	1
274056	25
274074	1
274080	692
274104	90
274128	105
274152	117
274176	18
274194	1
274200	288
274224	149
274248	118
274272	38
274296	25
274320	358
274338	3
274344	76
274368	57
274386	2
274392	17
274416	85
274440	93
274458	1
274464	45
274488	65
274512	26
274536	76
274560	482
274584	88
274608	74
274632	94
274656	162
274680	540
274704	102
274716	4
274728	72
274752	78
274776	16
274794	1
274800	304
274824	101
274848	65
274872	22
274896	9
274920	101
274944	184
274968	174
274992	16
275016	48
275040	555
275064	61
275088	175
275112	95
275136	162
275160	207
275184	158
275208	72
275232	99
275256	66
275280	242
275292	1
275304	81
275328	182
275352	82
275376	12
275400	286
275424	208
275448	89
275472	39
275496	12
275520	222
275544	61
275568	237
275592	14
275616	118
275640	173
275664	162
275688	131
275712	42
275736	79
275760	241
275778	1
275784	162
275802	1
275808	227
275832	57
275856	62
275880	121
275904	171
275922	1
275928	31
275952	116
275976	5
276000	1169
276018	1
276024	75
276048	103
276072	89
276096	30
276120	170
276144	69
276168	174
276192	41
276210	1
276216	76
276240	223
276264	112
276288	178
276312	99
276336	77
276360	106
276384	90
276408	164
276432	79
276456	17
276480	1118
276504	60
276528	50
276552	143
276576	31
276600	442
276624	92
276648	129
276672	94
276696	14
276720	240
276744	64
276768	289
276792	22
276816	108
276840	129
276858	1
276864	276
276888	53
276912	31
276936	128
276960	385
276984	31
277008	39
277032	82
277056	69
277080	151
277104	79
277128	37
277152	167
277176	22
277200	756
277224	94
277248	130
277272	47
277296	15
277320	138
277344	68
277368	132
277392	9
277416	140
277440	386
277464	68
277488	113
277512	8
277536	105
277560	149
277584	70
277608	48
277632	91
277656	47
277680	389
277704	125
277728	26
277752	145
277776	58
277800	220
277818	1
277824	74
277848	82
277872	107
277896	16
277914	10
277920	666
277944	75
277968	125
277992	18
278016	116
278040	123
278064	42
278082	1
278088	124
278112	39
278136	53
278154	1
278160	146
278184	153
278208	178
278232	160
278256	68
278280	222
278298	1
278304	219
278328	15
278352	99
278376	6
278394	9
278400	724
278424	53
278448	80
278472	96
278496	31
278520	130
278544	48
278568	299
278592	34
278616	79
278640	184
278664	69
278688	297
278712	41
278736	58
278760	149
278784	164
278808	48
278826	1
278832	56
278856	40
278874	7
278880	447
278904	123
278928	69
278952	67
278976	87
279000	547
279024	46
279048	53
279072	138
279096	22
279120	263
279144	43
279168	258
279192	52
279216	29
279228	4
279240	123
279264	91
279288	174
279312	35
279330	1
279336	50
279360	880
279384	133
279408	36
279432	73
279456	122
279480	109
279504	81
279528	16
279546	6
279552	85
279576	49
279600	572
279612	1
279624	129
279648	63
279672	118
279696	61
279720	400
279744	551
279768	166
279792	68
279816	25
279840	197
279858	1
279864	74
279882	2
279888	142
279912	16
279930	8
279936	81
279960	44
279984	145
280008	29
280032	76
280056	71
280080	512
280104	153
280128	84
280152	119
280176	55
280200	244
280224	301
280248	81
280272	106
280296	25
280320	255
280338	1
280344	28
280368	158
280392	22
280410	1
280416	38
280440	93
280464	44
280488	123
280506	4
280512	26
280536	48
280560	123
280584	73
280608	108
280626	8
280632	59
280656	92
280680	84
280704	210
280728	57
280752	105
280776	58
280800	992
280824	120
280848	68
280872	82
280896	66
280920	109
280944	67
280962	1
280968	118
280992	80
281016	73
281040	200
281064	28
281088	207
281100	1
281112	29
281136	85
281160	159
281184	137
281208	101
281232	59
281256	40
281280	1037
281304	194
281328	76
281352	72
281370	1
281376	30
281400	182
281424	84
281448	41
281472	72
281496	46
281520	335
281544	49
281562	9
281568	230
281592	72
281616	32
281640	135
281664	80
281688	168
281712	65
281736	18
281760	458
281784	125
281808	139
281832	40
281856	86
281880	145
281904	83
281928	119
281952	61
281976	21
282000	361
282024	77
282048	55
282072	71
282096	102
282120	140
282144	376
282162	8
282168	123
282192	78
282216	31
282240	529
282264	46
282288	159
282312	58
282336	27
282360	194
282384	69
282408	44
282432	33
282456	56
282480	115
282504	88
282528	38
282552	70
282576	62
282600	207
282624	110
282642	6
282648	71
282672	112
282696	43
282720	312
282744	122
282762	3
282768	95
282792	78
282816	60
282840	225
282864	64
282888	178
282912	32
282936	81
282960	210
282984	78
283008	136
283026	5
283032	36
283050	1
283056	40
283080	98
283104	220
283128	48
283152	90
283176	116
283200	1155
283224	166
283242	7
283248	103
283272	73
283296	41
283320	191
283344	86
283368	88
283386	1
283392	47
283416	29
283440	162
283464	60
283488	158
283512	28
283530	3
283536	46
283560	136
283584	94
283608	95
283632	58
283656	61
283680	1031
283704	111
283722	6
283728	83
283752	52
283776	41
283800	161
283824	154
283848	77
283872	37
283896	25
283920	160
283944	85
283968	80
283992	33
284016	72
284040	122
284064	45
284088	82
284112	60
284136	18
284160	766
284178	3
284184	74
284208	125
284226	6
284232	54
284256	219
284280	289
284304	139
284328	100
284352	34
284376	14
284400	157
284424	101
284442	4
284448	66
284472	85
284496	74
284520	96
284544	134
284568	71
284592	48
284610	3
284616	140
284640	146
284664	66
284688	170
284712	70
284736	41
284760	384
284778	3
284784	91
284808	96
284832	48
284856	10
284880	211
284904	62
284928	56
284952	40
284976	22
285000	213
285024	114
285042	4
285048	38
285072	44
285096	51
285120	351
285144	144
285168	130
285192	69
285216	168
285240	160
285264	167
285288	117
285312	58
285336	16
285360	195
285378	1
285384	59
285402	15
285408	131
285432	25
285456	37
285480	170
285504	84
285528	42
285546	2
285552	47
285576	44
285600	1071
285624	76
285648	42
285672	34
285696	96
285720	117
285744	77
285768	201
285792	75
285816	48
285840	334
285858	2
285864	81
285888	263
285912	36
285936	17
285960	90
285984	95
286008	42
286032	7
286056	43
286080	1006
286092	1
286104	62
286128	117
286152	46
286176	54
286200	452
286224	116
286242	6
286248	83
286272	78
286296	41
286320	138
286344	79
286368	92
286392	35
286416	215
286440	98
286464	47
286488	39
286506	1
286512	22
286536	23
286560	589
286584	91
286608	41
286632	52
286656	17
286680	271
286704	120
286728	95
286752	115
286776	82
286794	1
286800	301
286824	103
286842	4
286848	128
286860	1
286872	26
286896	81
286920	100
286944	52
286968	30
286992	23
287016	47
287034	1
287040	383
287058	5
287064	34
287088	70
287112	32
287136	81
287160	100
287178	4
287184	59
287208	60
287232	137
287256	30
287280	815
287304	67
287328	287
287352	59
287376	21
287394	2
287400	122
287424	120
287448	57
287472	37
287496	20
287520	308
287544	45
287568	103
287592	54
287616	77
287640	121
287664	35
287688	67
287712	81
287736	72
287760	316
287778	3
287784	122
287808	402
287832	97
287856	70
287880	253
287904	210
287928	141
287952	36
287976	11
288000	1621
288024	45
288048	39
288072	22
288096	53
288120	104
288144	52
288168	76
288192	57
288216	92
288234	1
288240	152
288258	2
288264	94
288288	104
288312	93
288336	103
288360	107
288384	81
288408	28
288432	59
288456	13
288480	513
288504	37
288528	43
288552	28
288576	37
288594	17
288600	489
288624	45
288648	53
288672	49
288696	86
288720	314
288744	81
288768	100
288792	38
288816	91
288840	61
288858	8
288864	150
288888	162
288912	46
288936	55
288960	697
288984	67
289008	47
289032	33
289056	13
289080	229
289104	49
289128	38
289152	69
289176	61
289194	2
289200	689
289224	64
289248	194
289272	46
289296	28
289320	131
289344	133
289368	118
289392	10
289416	50
289440	415
289458	2
289464	59
289488	67
289512	36
289536	66
289560	87
289584	70
289608	36
289632	98
289656	28
289680	495
289704	51
289728	77
289752	98
289776	17
289794	4
289800	576
289824	249
289848	142
289872	42
289896	62
289920	313
289944	48
289968	93
289992	64
290016	85
290040	116
290058	1
290064	28
290082	1
290088	35
290112	44
290136	84
290160	340
290184	33
290208	285
290232	98
290256	88
290274	1
290280	321
290304	85
290328	58
290352	95
290376	12
290394	1
290400	512
290424	99
290448	98
290472	29
290496	76
290520	113
290544	31
290568	40
290592	40
290616	85
290640	142
290664	32
290688	105
290712	83
290736	104
290760	83
290784	94
290808	35
290826	14
290832	83
290856	40
290874	14
290880	567
290892	1
290904	101
290928	46
290952	101
290976	10
291000	221
291024	61
291048	45
291072	25
291096	20
291120	122
291144	28
291168	96
291192	11
291210	1
291216	98
291240	77
291264	92
291288	153
291312	39
291324	1
291336	68
291360	494
291378	2
291384	150
291408	40
291432	56
291456	57
291480	184
291504	123
291528	29
291552	77
291576	16
291600	866
291624	17
291648	72
291672	66
291696	30
291720	164
291744	390
291768	162
291792	10
291810	1
291816	58
291840	308
291864	81
291888	104
291912	30
291936	74
291960	214
291978	2
291984	87
292008	27
292032	55
292056	33
292080	194
292104	117
292128	111
292152	77
292176	25
292200	387
292224	410
292248	68
292272	68
292296	11
292320	373
292344	56
292362	2
292368	155
292392	105
292410	11
292416	147
292440	111
292464	92
292488	68
292506	4
292512	30
292536	73
292560	100
292584	54
292608	177
292632	57
292656	61
292680	160
292704	70
292728	95
292752	122
292776	27
292794	2
292800	560
292824	66
292848	119
292872	74
292896	33
292920	171
292944	37
292968	98
292992	26
293016	46
293040	141
293064	36
293088	156
293106	17
293112	31
293136	112
293160	50
293184	46
293208	147
293232	52
293256	78
293280	618
293304	89
293328	253
293352	92
293376	33
293394	1
293400	266
293424	85
293442	2
293448	46
293472	63
293490	8
293496	3
293520	199
293544	27
293568	64
293592	14
293616	42
293640	91
293664	67
293688	124
293712	30
293736	50
293760	1517
293784	120
293808	41
293832	55
293856	88
293880	140
293904	134
293928	48
293952	54
293976	10
293994	7
294000	368
294018	1
294024	34
294042	3
294048	71
294072	37
294096	4
294120	170
294144	519
294168	102
294192	27
294216	31
294240	197
294264	84
294288	161
294312	16
294336	99
294360	300
294384	91
294408	58
294432	45
294456	50
294480	148
294504	105
294528	70
294552	49
294576	22
294594	4
294600	255
294624	104
294642	4
294648	45
294672	31
294696	3
294720	183
294744	171
294768	105
294792	82
294810	1
294816	33
294840	143
294864	52
294888	118
294912	26
294936	53
294960	255
294984	68
295008	47
295026	2
295032	88
295056	23
295080	78
295104	93
295128	63
295152	53
295176	69
295200	883
295224	88
295248	73
295272	73
295296	34
295320	87
295344	233
295368	95
295392	55
295410	1
295416	14
295440	192
295464	33
295488	84
295506	1
295512	27
295530	7
295536	41
295560	65
295584	47
295608	57
295632	36
295656	49
295680	851
295704	64
295722	10
295728	127
295752	55
295776	187
295800	237
295824	154
295848	63
295872	58
295896	14
295920	256
295944	92
295968	72
295992	24
296016	32
296040	130
296064	39
296088	34
296112	12
296136	44
296160	715
296184	32
296208	49
296226	10
296232	37
296256	148
296280	273
296304	111
296328	70
296352	138
296376	63
296400	431
296424	100
296448	83
296472	30
296496	11
296520	93
296544	92
296568	60
296592	12
296610	7
296616	15
296640	507
296658	3
296664	39
296688	81
296706	1
296712	7
296736	107
296760	246
296784	132
296802	1
296808	104
296832	43
296856	49
296880	287
296904	73
296928	36
296952	45
296976	29
297000	270
297024	210
297042	5
297048	29
297072	36
297096	13
297120	219
297144	53
297168	54
297192	25
297216	13
297240	148
297258	6
297264	43
297288	79
297312	25
297336	21
297360	680
297384	53
297408	89
297432	27
297456	35
297480	118
297504	70
297528	33
297552	36
297576	18
297600	907
297624	50
297642	2
297648	66
297672	26
297696	50
297720	159
297744	217
297762	10
297768	64
297792	58
297816	27
297840	158
297852	1
297864	141
297888	167
297912	27
297936	30
297960	168
297984	55
298008	39
298032	46
298056	27
298080	624
298104	27
298128	49
298152	46
298176	61
298200	297
298224	42
298242	2
298248	32
298272	107
298296	102
298320	182
298338	2
298344	138
298368	173
298392	61
298416	30
298440	86
298464	36
298488	63
298512	35
298536	14
298560	1020
298584	41
298608	25
298632	22
298656	40
298680	247
298704	42
298722	7
298728	39
298752	58
298776	125
298800	781
298824	118
298842	5
298848	24
298872	31
298896	63
298920	96
298944	143
298968	46
298992	19
299016	15
299040	228
299058	2
299064	65
299088	50
299112	14
299136	41
299160	373
299178	1
299184	75
299208	24
299226	1
299232	28
299256	34
299280	655
299304	63
299328	59
299352	110
299376	62
299400	164
299424	136
299448	61
299472	33
299496	28
299520	521
299544	45
299568	35
299592	13
299616	28
299640	150
299664	37
299688	38
299712	24
299736	29
299760	409
299778	3
299784	43
299808	104
299832	68
299856	85
299874	1
299880	449
299904	104
299928	71
299952	45
299976	25
300000	732
300024	43
300042	10
300048	53
300072	14
300096	27
300120	63
300144	102
300168	46
300192	23
300216	31
300240	226
300258	4
300264	88
300288	366
300312	48
300336	15
300360	285
300384	55
300408	110
300432	39
300456	8
300480	585
300504	39
300528	52
300552	17
300576	19
300600	305
300624	21
300642	4
300648	33
300672	59
300696	51
300720	96
300738	1
300744	117
300768	129
300792	44
300816	106
300828	2
300840	80
300858	1
300864	148
300888	115
300912	50
300924	1
300936	24
300960	446
300984	41
301008	52
301032	43
301056	84
301080	165
301104	43
301128	25
301152	80
301176	54
301200	445
301224	18
301248	13
301272	39
301296	86
301320	125
301338	1
301344	165
301362	5
301368	76
301392	113
301416	60
301440	411
301458	2
301464	87
301482	16
301488	73
301512	31
301536	18
301560	95
301584	35
301608	21
301626	2
301632	23
301656	40
301680	547
301704	41
301728	29
301752	41
301776	53
301794	1
301800	314
301824	293
301842	4
301848	29
301872	24
301896	65
301920	248
301944	61
301968	143
301986	1
301992	25
302016	38
302040	102
302058	4
302064	67
302088	27
302112	28
302136	25
302160	188
302184	39
302208	443
302232	26
302256	30
302274	1
302280	417
302304	133
302328	37
302352	52
302376	13
302394	1
302400	1155
302424	68
302448	71
302472	66
302496	48
302520	104
302544	27
302568	57
302592	63
302616	24
302640	147
302658	1
302664	29
302688	325
302712	31
302730	12
302736	37
302760	261
302784	54
302808	111
302832	60
302856	25
302874	2
302880	424
302904	58
302928	55
302952	65
302976	23
303000	123
303024	25
303048	61
303072	45
303096	17
303120	241
303144	60
303168	33
303192	36
303216	71
303240	46
303264	116
303288	58
303312	48
303336	30
303360	670
303378	8
303384	45
303408	78
303426	1
303432	65
303456	29
303480	236
303504	59
303528	26
303552	61
303576	9
303600	409
303624	42
303648	25
303672	80
303696	28
303714	3
303720	67
303744	311
303768	53
303792	50
303810	1
303816	73
303840	419
303858	6
303864	86
303888	201
303912	44
303936	69
303960	123
303978	3
303984	59
304008	55
304032	41
304056	30
304080	166
304104	35
304128	21
304152	25
304176	39
304200	378
304224	402
304248	32
304272	11
304296	32
304320	464
304338	1
304344	26
304368	51
304392	50
304416	54
304440	156
304464	46
304488	44
304506	3
304512	37
304536	23
304560	561
304584	81
304608	206
304632	68
304656	35
304674	1
304680	315
304704	148
304728	75
304752	21
304776	8
304800	537
304824	41
304848	57
304872	32
304890	1
304896	49
304920	176
304938	1
304944	22
304968	64
304992	25
305010	1
305016	19
305040	149
305058	7
305064	40
305088	157
305112	26
305136	23
305160	90
305178	10
305184	85
305208	110
305232	33
305256	9
305274	1
305280	658
305304	40
305328	169
305352	58
305376	36
305394	5
305400	259
305424	79
305448	56
305472	49
305496	19
305520	152
305544	46
305568	64
305592	10
305616	37
305640	70
305658	5
305664	21
305688	89
305712	60
305736	39
305760	566
305784	36
305808	163
305832	44
305856	43
305874	4
305880	361
305904	50
305928	99
305952	97
305976	12
305994	2
306000	550
306024	76
306048	73
306072	28
306096	15
306120	117
306144	121
306168	38
306186	1
306192	37
306210	1
306216	28
306240	599
306264	19
306288	26
306312	14
306336	71
306360	360
306384	44
306408	145
306432	65
306456	45
306480	254
306504	77
306528	52
306552	34
306576	8
306594	1
306600	221
306624	376
306648	29
306672	15
306696	15
306714	1
306720	216
306744	64
306768	38
306792	18
306816	57
306840	220
306864	22
306888	53
306912	24
306936	33
306960	325
306978	4
306984	34
307008	55
307032	37
307056	33
307080	139
307104	117
307128	31
307152	15
307176	13
307194	1
307200	978
307224	76
307248	35
307272	26
307296	38
307320	139
307344	163
307368	46
307392	9
307410	4
307416	21
307440	401
307464	42
307488	244
307512	26
307536	22
307560	101
307584	64
307608	41
307632	32
307656	11
307674	2
307680	392
307704	74
307728	106
307752	24
307776	10
307794	1
307800	382
307824	183
307848	31
307872	33
307896	16
307920	176
307944	173
307962	1
307968	81
307992	27
308016	14
308040	100
308064	44
308088	87
308112	22
308136	18
308160	1054
308184	34
308208	178
308232	24
308256	32
308274	1
308280	216
308304	88
308328	139
308352	93
308376	8
308400	363
308424	81
308448	86
308472	29
308496	51
308520	105
308544	148
308568	23
308592	17
308610	2
308616	23
308640	447
308664	20
308688	18
308712	34
308736	72
308760	174
308784	25
308808	46
308832	34
308856	27
308880	414
308904	31
308928	218
308952	38
308976	13
308994	1
309000	235
309024	143
309048	55
309072	15
309096	12
309114	1
309120	432
309144	26
309168	30
309192	7
309210	1
309216	129
309240	190
309264	24
309288	81
309312	13
309336	65
309360	497
309384	9
309408	81
309432	23
309456	24
309474	1
309480	223
309504	66
309528	20
309552	25
309576	13
309594	5
309600	710
309624	51
309648	16
309672	22
309690	1
309696	10
309714	2
309720	149
309744	209
309768	9
309792	9
309816	39
309840	278
309864	37
309888	21
309906	10
309912	9
309936	26
309960	364
309984	37
310008	25
310032	15
310056	7
310074	1
310080	437
310104	32
310128	47
310152	14
310176	8
310200	147
310224	61
310248	26
310272	89
310290	1
310296	7
310320	379
310344	148
310368	146
310392	14
310416	23
310440	183
310464	58
310488	46
310512	22
310536	13
310560	481
310584	37
310608	99
310632	15
310656	116
310680	140
310704	27
310728	44
310752	83
310776	30
310800	261
310812	1
310824	177
310842	4
310848	65
310872	19
310896	26
310920	102
310944	254
310968	75
310992	12
311010	2
311016	13
311040	611
311064	30
311088	37
311112	26
311136	74
311160	125
311184	17
311208	39
311232	14
311256	15
311280	338
311304	14
311328	117
311352	30
311376	23
311400	221
311424	73
311448	46
311472	30
311496	10
311520	244
311544	97
311568	17
311592	21
311610	8
311616	71
311640	119
311664	19
311688	33
311712	12
311730	1
311736	81
311760	554
311784	17
311808	100
311832	23
311856	72
311880	360
311904	201
311922	2
311928	119
311952	55
311976	24
312000	1005
312024	89
312048	29
312072	10
312096	26
312120	273
312144	92
312168	20
312192	10
312216	17
312240	206
312264	36
312288	128
312306	4
312312	5
312336	47
312360	437
312384	55
312408	161
312432	43
312456	14
312480	581
312504	59
312522	17
312528	57
312552	32
312576	20
312600	100
312624	34
312648	10
312672	114
312696	2
312720	256
312744	157
312768	96
312792	26
312816	7
312840	100
312864	136
312888	113
312912	11
312936	28
312960	468
312984	22
313008	22
313032	20
313056	102
313080	156
313104	11
313128	32
313152	101
313176	31
313194	1
313200	387
313224	95
313248	23
313272	13
313296	14
313320	74
313344	175
313368	56
313392	27
313416	10
313440	235
313458	5
313464	83
313488	79
313512	21
313536	39
313560	252
313584	17
313608	30
313626	3
313632	28
313656	89
313680	296
313704	11
313728	24
313752	26
313776	93
313800	207
313824	220
313842	4
313848	49
313872	47
313896	38
313920	563
313944	148
313968	57
313992	24
314016	16
314040	116
314058	1
314064	71
314088	16
314112	19
314130	1
314136	31
314160	207
314184	34
314208	181
314232	21
314256	116
314280	355
314304	127
314328	71
314352	72
314376	10
314400	532
314424	62
314448	41
314472	74
314496	36
314520	98
314538	2
314544	52
314568	19
314592	23
314616	12
314640	139
314664	46
314688	510
314712	3
314736	34
314760	178
314784	80
314808	71
314832	6
314856	50
314880	693
314904	59
314922	1
314928	55
314946	4
314952	63
314976	59
314994	19
315000	410
315024	66
315048	26
315072	26
315096	24
315120	68
315144	69
315168	99
315192	26
315216	3
315240	59
315258	1
315264	50
315288	144
315336	9
315360	612
315384	19
315408	83
315432	4
315456	69
315474	1
315480	330
315504	55
315528	65
315552	118
315576	20
315600	321
315624	43
315642	14
315648	41
315672	16
315696	12
315720	159
315744	96
315768	62
315792	115
315816	14
315840	284
315858	2
315864	157
315888	157
315912	9
315936	23
315960	230
315984	33
316008	54
316032	14
316056	24
316074	3
316080	291
316104	29
316128	30
316152	70
316176	46
316200	389
316224	167
316248	34
316272	57
316296	5
316320	162
316344	125
316368	65
316392	34
316416	21
316440	126
316458	1
316464	141
316488	61
316512	37
316530	1
316536	8
316560	176
316578	1
316584	19
316608	68
316632	25
316656	51
316674	1
316680	246
316704	148
316728	15
316752	22
316776	18
316800	1404
316824	38
316848	10
316872	46
316896	61
316920	160
316938	1
316944	151
316968	43
316992	18
317016	13
317040	194
317064	52
317088	211
317112	32
317136	21
317160	121
317178	1
317184	47
317208	26
317232	13
317256	11
317274	1
317280	468
317304	48
317328	55
317352	90
317376	42
317400	274
317424	96
317442	4
317448	13
317472	78
317496	17
317520	426
317544	25
317568	53
317592	22
317616	36
317640	90
317658	4
317664	58
317688	100
317712	9
317736	13
317760	311
317784	37
317808	111
317832	2
317856	23
317874	1
317880	330
317904	40
317928	40
317952	14
317976	27
318000	423
318024	36
318048	27
318072	52
318096	18
318120	95
318144	97
318168	72
318192	23
318216	7
318240	434
318258	4
318264	50
318288	175
318312	3
318360	150
318384	30
318408	124
318432	10
318456	46
318474	4
318480	412
318504	94
318528	12
318552	38
318576	18
318600	296
318624	225
318648	21
318672	64
318696	3
318720	561
318744	57
318768	29
318792	85
318816	16
318834	22
318840	108
318864	68
318888	72
318912	6
318936	7
318954	1
318960	607
318978	3
318984	19
319008	130
319032	11
319056	51
319074	1
319080	215
319104	156
319128	54
319152	11
319176	16
319194	1
319200	388
319224	29
319248	9
319272	52
319296	49
319320	366
319344	92
319368	23
319392	69
319416	35
319440	166
319458	1
319464	68
319488	124
319512	53
319536	17
319560	135
319578	5
319584	41
319608	35
319632	17
319656	13
319674	3
319680	604
319704	37
319728	27
319746	1
319752	10
319776	33
319794	3
319800	242
319824	75
319848	14
319872	3
319896	18
319920	304
319944	97
319968	45
319992	25
320010	1
320016	15
320040	188
320058	2
320064	74
320088	113
320112	16
320136	20
320160	274
320184	26
320208	142
320232	6
320256	120
320274	1
320280	206
320304	53
320328	27
320352	5
320376	4
320400	526
320424	217
320448	36
320472	45
320496	9
320520	155
320544	47
320568	25
320592	15
320610	2
320616	10
320640	251
320658	4
320664	23
320688	88
320712	9
320736	19
320760	192
320784	38
320808	125
320832	33
320856	34
320880	260
320904	37
320928	158
320952	6
320976	14
320994	1
321000	249
321024	233
321048	35
321066	3
321072	38
321096	6
321120	512
321144	40
321168	15
321192	30
321210	1
321216	26
321240	99
321264	31
321288	150
321312	9
321336	7
321360	248
321384	7
321408	290
321432	6
321456	12
321474	2
321480	254
321504	19
321528	79
321552	13
321576	8
321594	1
321600	835
321624	149
321648	17
321672	26
321696	24
321720	141
321744	56
321768	9
321792	54
321816	35
321840	192
321864	20
321888	41
321906	1
321912	20
321936	8
321954	1
321960	264
321984	36
322008	64
322032	14
322056	61
322074	1
322080	376
322104	44
322128	79
322152	6
322176	7
322194	2
322200	224
322224	52
322248	8
322272	10
322290	3
322296	22
322314	1
322320	281
322344	109
322368	80
322392	36
322416	16
322440	209
322464	61
322488	70
322512	72
322536	16
322560	630
322584	37
322608	89
322632	14
322656	25
322674	2
322680	131
322704	22
322728	79
322752	36
322776	2
322800	206
322824	213
322848	4
322872	1
322896	9
322920	163
322944	158
322968	22
322992	38
323010	1
323016	6
323040	336
323064	39
323088	40
323112	2
323136	20
323160	96
323184	32
323208	80
323232	8
323256	20
323280	234
323304	43
323328	60
323352	7
323376	3
323400	175
323424	253
323448	69
323472	4
323490	4
323496	3
323520	290
323544	106
323568	86
323592	19
323616	140
323640	174
323664	29
323682	1
323688	28
323712	2
323736	24
323760	199
323784	23
323808	153
323832	28
323856	37
323880	195
323904	76
323928	130
323952	1
323976	12
324000	1360
324024	218
324048	16
324072	25
324096	3
324120	147
324144	106
324168	9
324192	9
324210	3
324216	16
324240	171
324264	22
324288	148
324306	1
324312	17
324330	1
324336	18
324360	234
324384	44
324408	66
324432	10
324450	14
324456	1
324480	570
324504	25
324528	136
324552	7
324576	6
324594	1
324600	102
324624	81
324648	2
324672	3
324696	15
324720	272
324744	122
324768	38
324792	34
324816	42
324840	104
324864	142
324888	92
324912	4
324936	16
324960	507
324984	16
325008	97
325026	1
325032	28
325056	3
325080	210
325104	83
325128	81
325152	188
325176	10
325194	1
325200	117
325224	54
325248	51
325272	11
325296	5
325320	83
325344	178
325368	87
325392	55
325416	18
325440	410
325464	55
325488	118
325512	14
325536	58
325560	247
325584	36
325602	3
325608	41
325632	17
325656	17
325680	137
325704	20
325728	46
325752	9
325776	6
325794	1
325800	95
325824	130
325848	52
325872	26
325896	3
325920	165
325944	211
325968	42
325986	1
325992	94
326016	34
326040	133
326064	155
326088	37
326106	2
326112	4
326136	13
326160	370
326184	17
326208	31
326232	9
326256	166
326280	152
326304	149
326328	69
326352	46
326376	3
326400	1001
326424	126
326448	19
326472	17
326496	14
326520	182
326544	222
326568	41
326592	9
326616	24
326640	177
326664	44
326688	65
326712	5
326730	1
326736	101
326760	146
326784	21
326808	56
326832	7
326856	14
326880	609
326904	20
326922	1
326928	162
326952	51
326976	15
327000	364
327024	103
327048	39
327072	3
327096	5
327120	77
327138	3
327144	95
327168	283
327192	14
327210	1
327216	12
327240	76
327264	76
327288	33
327306	1
327312	1
327336	30
327360	511
327384	28
327408	85
327432	32
327456	26
327480	249
327504	64
327528	66
327552	81
327576	12
327600	574
327624	91
327648	30
327672	25
327696	1
327720	48
327744	89
327768	17
327792	12
327816	38
327840	272
327864	84
327888	73
327912	9
327936	54
327960	325
327984	23
328008	42
328032	21
328056	27
328080	280
328104	21
328128	56
328152	37
328176	17
328200	141
328218	1
328224	68
328248	52
328272	25
328296	4
328320	535
328344	127
328368	48
328392	4
328416	9
328440	184
328464	124
328488	75
328512	7
328536	47
328560	392
328584	15
328608	35
328632	7
328656	92
328680	221
328698	1
328704	73
328722	2
328728	32
328752	11
328776	4
328800	286
328824	60
328848	29
328872	68
328896	1
328920	97
328944	208
328968	61
328992	103
329016	8
329040	231
329064	85
329088	45
329112	22
329136	42
329160	152
329184	119
329208	32
329232	28
329256	26
329280	680
329298	1
329304	24
329328	73
329352	50
329376	93
329400	204
329424	105
329448	8
329472	70
329520	182
329538	2
329544	91
329568	69
329592	9
329616	5
329640	76
329664	85
329688	46
329712	10
329736	28
329754	1
329760	449
329784	22
329808	88
329832	12
329856	47
329880	331
329904	1
329928	37
329952	23
329976	28
330000	613
330024	95
330048	46
330072	51
330096	6
330120	274
330144	97
330168	48
330192	13
330216	15
330240	99
330264	80
330288	60
330312	5
330336	32
330360	206
330384	19
330408	47
330432	3
330456	5
330480	577
330504	89
330528	63
330552	45
330576	20
330600	237
330624	95
330648	59
330672	33
330696	1
330720	284
330744	57
330768	61
330792	13
330816	15
330840	94
330864	68
330888	113
330912	5
330936	37
330960	301
330984	28
331008	68
331026	1
331032	19
331056	35
331074	1
331080	273
331104	117
331128	41
331152	48
331176	10
331200	774
331224	56
331242	1
331248	26
331272	72
331296	37
331320	76
331338	1
331344	77
331362	1
331368	20
331392	43
331416	1
331440	198
331464	88
331488	300
331512	6
331536	30
331554	1
331560	180
331584	93
331608	12
331632	25
331656	29
331680	616
331704	23
331728	15
331752	30
331776	21
331800	162
331824	61
331842	1
331848	9
331872	89
331896	2
331920	233
331944	64
331968	66
331992	45
332016	1
332040	150
332064	101
332088	85
332112	5
332136	25
332160	245
332178	3
332184	46
332208	47
332232	4
332256	50
332274	5
332280	232
332304	13
332328	22
332352	26
332376	38
332400	348
332424	103
332442	7
332448	22
332472	47
332520	94
332544	117
332568	40
332592	63
332616	3
332640	306
332664	58
332688	78
332712	22
332730	4
332736	12
332760	142
332784	67
332808	77
332832	6
332856	51
332874	1
332880	269
332904	22
332928	57
332952	46
332976	22
333000	271
333024	96
333048	15
333072	45
333120	248
333144	70
333168	45
333192	41
333216	50
333240	99
333264	51
333288	80
333312	3
333336	16
333360	172
333384	14
333408	95
333432	16
333456	30
333480	157
333504	156
333522	3
333528	29
333552	22
333576	6
333600	674
333624	85
333648	21
333672	55
333696	40
333720	140
333738	1
333744	31
333768	18
333792	24
333816	8
333834	1
333840	119
333864	43
333888	108
333912	5
333936	7
333960	164
333978	3
333984	16
334008	116
334056	24
334080	856
334104	117
334128	64
334152	9
334176	17
334200	164
334224	68
334248	8
334266	3
334272	44
334296	29
334320	157
334344	45
334368	52
334392	49
334416	22
334440	107
334458	1
334464	63
334488	139
334512	5
334536	3
334560	192
334584	68
334608	200
334632	2
334656	13
334680	198
334704	57
334728	18
334752	54
334764	1
334776	9
334800	565
334824	29
334848	16
334872	65
334896	1
334914	1
334920	86
334944	185
334968	34
334992	135
335016	24
335040	191
335064	68
335088	77
335112	6
335136	2
335160	159
335184	48
335208	63
335232	2
335256	14
335280	152
335304	23
335328	66
335352	6
335376	35
335394	2
335400	107
335424	132
335448	8
335472	30
335496	7
335520	404
335544	108
335568	11
335592	51
335616	81
335640	139
335664	34
335688	68
335712	14
335736	8
335760	99
335784	8
335808	85
335850	1
335856	36
335874	1
335880	103
335898	4
335904	118
335928	44
335952	9
335976	4
336000	1312
336024	188
336048	19
336072	60
336096	18
336120	140
336138	1
336144	82
336168	129
336192	21
336216	8
336240	186
336264	6
336288	143
336312	35
336336	15
336360	95
336384	31
336408	83
336432	4
336456	18
336480	467
336498	2
336504	62
336528	141
336552	6
336576	8
336600	401
336624	235
336648	15
336672	18
336696	6
336720	214
336744	81
336768	45
336792	35
336810	1
336816	5
336840	48
336858	3
336864	12
336882	2
336888	88
336912	2
336930	1
336936	5
336960	481
336978	3
336984	36
337008	198
337032	42
337056	13
337080	147
337104	123
337128	56
337146	1
337152	11
337176	20
337200	297
337224	120
337248	29
337272	11
337296	8
337320	121
337344	56
337368	33
337386	1
337392	86
337440	151
337464	27
337488	144
337512	43
337536	8
337560	187
337584	18
337608	95
337632	19
337656	5
337674	1
337680	372
337704	35
337728	177
337776	19
337800	87
337824	110
337848	14
337872	74
337896	2
337920	253
337944	120
337968	7
337992	60
338016	11
338034	4
338040	185
338064	54
338088	87
338112	18
338136	9
338160	242
338184	75
338208	91
338232	39
338256	8
338280	82
338304	66
338328	135
338352	4
338376	17
338394	3
338400	654
338424	118
338448	4
338466	1
338472	17
338496	14
338514	3
338520	106
338544	192
338562	2
338568	28
338592	31
338616	25
338640	340
338658	1
338664	29
338688	46
338712	45
338736	55
338760	97
338784	24
338808	85
338832	55
338856	4
338880	535
338904	56
338928	81
338952	18
338976	30
339000	188
339024	216
339048	29
339066	1
339072	6
339096	15
339120	234
339144	131
339168	8
339192	61
339216	40
339240	133
339264	30
339288	35
339312	18
339336	22
339360	283
339384	34
339408	134
339432	5
339456	10
339480	156
339504	59
339528	91
339552	9
339576	14
339600	490
339624	195
339648	76
339672	23
339696	22
339720	102
339744	248
339768	11
339792	40
339816	16
339840	345
339864	53
339888	67
339912	23
339930	1
339936	27
339960	194
339984	41
340008	83
340032	15
340056	4
340080	319
340098	2
340104	54
340128	106
340152	7
340176	5
340194	2
340200	323
340224	118
340248	33
340272	34
340320	153
340344	95
340368	33
340392	33
340416	40
340440	124
340464	39
340488	87
340512	5
340536	12
340560	358
340584	5
340608	83
340632	25
340656	19
340680	153
340704	23
340728	118
340752	19
340776	22
340794	1
340800	399
340824	85
340848	73
340872	12
340896	4
340920	81
340944	161
340968	33
340992	56
341016	13
341040	207
341064	106
341082	1
341088	52
341112	35
341136	49
341160	250
341178	1
341184	40
341208	80
341232	18
341256	4
341280	431
341304	19
341328	37
341352	33
341376	5
341400	136
341424	155
341448	10
341472	17
341496	2
341520	130
341544	133
341568	54
341592	35
341616	24
341640	174
341664	128
341688	23
341712	20
341730	2
341736	29
341760	631
341784	26
341808	57
341832	19
341856	32
341880	104
341904	56
341928	50
341952	36
341976	6
342000	642
342024	92
342048	63
342072	24
342096	11
342114	2
342120	108
342144	313
342168	5
342192	15
342216	9
342240	154
342264	65
342288	62
342312	10
342336	18
342360	213
342384	22
342408	40
342432	26
342456	36
342480	220
342504	65
342528	89
342552	20
342576	10
342600	338
342624	75
342648	68
342672	23
342696	3
342720	373
342744	130
342768	14
342792	12
342816	30
342840	115
342864	77
342888	41
342906	1
342912	4
342936	17
342960	223
342984	14
343008	100
343032	59
343056	84
343080	246
343104	55
343128	70
343146	1
343152	26
343176	26
343200	440
343224	84
343248	43
343272	4
343296	2
343320	92
343344	94
343368	13
343392	22
343416	14
343440	225
343464	37
343488	39
343512	10
343536	41
343560	168
343584	41
343608	71
343632	20
343656	19
343680	486
343704	46
343728	74
343752	26
343776	3
343800	317
343824	57
343848	27
343872	11
343896	7
343920	121
343938	1
343944	52
343968	112
343992	20
344016	75
344040	112
344064	73
344088	41
344112	21
344136	15
344160	382
344184	66
344208	57
344226	1
344232	22
344256	23
344280	197
344304	34
344328	37
344352	43
344376	5
344394	1
344400	206
344424	47
344448	19
344472	49
344520	90
344544	209
344568	73
344592	7
344616	7
344640	148
344664	95
344688	61
344712	10
344730	2
344736	23
344760	187
344784	45
344808	9
344832	10
344856	22
344880	199
344904	22
344928	24
344952	40
344976	8
345000	361
345024	35
345048	29
345072	160
345096	13
345120	134
345144	111
345168	90
345192	16
345216	16
345240	79
345264	89
345288	30
345312	4
345336	59
345360	263
345384	6
345408	38
345432	22
345456	123
345480	157
345498	1
345504	31
345528	64
345552	44
345576	14
345600	1417
345612	1
345624	82
345648	115
345672	28
345696	5
345720	115
345744	80
345768	30
345792	13
345816	6
345840	160
345864	34
345888	28
345912	9
345936	50
345954	1
345960	180
345984	26
346008	34
346032	26
346056	35
346080	684
346104	68
346128	41
346152	78
346176	104
346200	250
346224	84
346248	31
346266	8
346272	25
346320	214
346344	39
346368	40
346392	9
346416	7
346440	100
346458	1
346464	82
346488	45
346512	9
346536	26
346560	580
346584	56
346608	59
346632	23
346656	55
346680	242
346704	93
346728	22
346746	1
346752	33
346776	12
346800	233
346824	29
346848	18
346872	36
346896	4
346920	57
346944	61
346968	58
346986	2
346992	30
347016	11
347040	178
347064	50
347088	184
347112	7
347136	12
347160	123
347184	81
347208	36
347232	7
347256	13
347280	235
347304	66
347328	35
347346	5
347352	34
347376	29
347400	124
347424	34
347442	1
347448	5
347472	90
347520	139
347544	61
347568	92
347592	50
347616	5
347640	54
347664	53
347688	140
347736	17
347760	334
347784	46
347808	115
347832	2
347856	44
347880	112
347898	2
347904	14
347928	13
347952	32
347976	38
348000	586
348024	63
348042	1
348048	16
348072	75
348096	17
348120	83
348144	68
348168	63
348192	59
348240	118
348264	92
348288	96
348312	7
348336	45
348360	78
348384	47
348408	34
348432	1
348456	67
348480	840
348504	42
348528	27
348552	59
348576	20
348600	266
348624	90
348648	44
348672	37
348696	29
348720	192
348744	49
348768	28
348792	29
348816	2
348840	78
348864	17
348888	71
348936	22
348960	284
348984	23
349008	60
349032	13
349056	27
349074	1
349080	167
349104	99
349128	18
349152	9
349176	16
349200	476
349224	154
349248	18
349272	61
349296	40
349320	102
349344	46
349368	21
349392	27
349416	4
349440	96
349464	11
349488	123
349512	11
349536	4
349560	146
349578	7
349584	55
349608	69
349632	2
349656	41
349680	361
349704	117
349728	77
349752	7
349776	50
349800	160
349824	79
349848	10
349872	52
349896	16
349920	403
349944	26
349968	55
349992	49
350016	4
350040	56
350064	30
350088	114
350112	18
350130	1
350136	7
350160	165
350184	59
350208	228
350232	3
350256	31
350280	312
350304	109
350328	25
350352	21
350376	18
350400	475
350424	92
350448	4
350472	44
350496	45
350520	53
350544	58
350568	39
350592	92
350640	172
350664	52
350688	124
350712	18
350736	6
350760	79
350784	28
350808	85
350832	1
350844	1
350856	21
350880	477
350904	48
350928	25
350952	20
350976	24
351000	224
351024	82
351048	7
351072	35
351096	12
351114	3
351120	149
351144	74
351168	24
351192	64
351216	5
351240	120
351264	18
351288	74
351312	33
351336	7
351360	526
351378	5
351384	8
351408	104
351432	4
351456	65
351480	100
351504	72
351528	22
351552	7
351576	55
351600	557
351624	118
351648	27
351672	35
351696	12
351720	113
351744	95
351768	52
351792	50
351816	4
351834	1
351840	106
351864	32
351888	110
351912	20
351960	67
351984	40
352008	77
352032	5
352056	17
352080	277
352104	63
352128	57
352152	13
352176	41
352194	4
352200	214
352224	275
352248	16
352272	43
352296	33
352320	236
352344	84
352368	18
352392	35
352416	41
352440	73
352464	13
352488	60
352512	17
352536	5
352560	127
352584	19
352608	266
352656	16
352680	290
352704	75
352728	60
352752	12
352776	27
352800	761
352824	129
352848	23
352872	30
352896	18
352920	55
352944	36
352968	31
352992	51
353016	8
353040	124
353064	15
353088	49
353112	20
353136	21
353160	145
353184	12
353208	208
353232	3
353256	15
353280	523
353304	50
353328	68
353352	2
353376	35
353394	4
353400	116
353424	69
353448	4
353466	2
353472	27
353496	8
353520	178
353544	63
353568	32
353592	43
353616	16
353640	146
353664	44
353688	80
353712	39
353730	2
353736	1
353760	373
353784	27
353808	126
353832	2
353856	21
353880	81
353904	35
353928	46
353952	6
353964	1
353976	9
353994	3
354000	407
354024	85
354048	10
354072	24
354096	12
354120	79
354144	175
354168	17
354192	53
354216	11
354240	327
354264	45
354288	72
354312	39
354336	2
354360	137
354384	25
354408	31
354432	7
354456	8
354480	159
354504	42
354528	53
354546	1
354552	6
354576	22
354600	374
354624	194
354648	12
354672	21
354696	12
354720	198
354744	122
354768	32
354780	3
354792	40
354816	32
354840	119
354864	41
354888	71
354912	32
354936	3
354960	259
354984	32
355008	56
355032	18
355056	7
355080	190
355104	53
355128	83
355152	20
355176	29
355200	783
355224	101
355248	30
355272	8
355296	19
355320	122
355338	1
355344	110
355368	10
355392	29
355416	2
355440	110
355464	20
355482	2
355488	45
355512	5
355536	64
355560	60
355584	13
355608	75
355632	43
355656	5
355680	449
355698	1
355704	25
355728	132
355752	5
355776	18
355800	143
355824	117
355848	23
355872	5
355896	1
355920	150
355944	54
355968	8
355992	31
356016	19
356040	57
356064	11
356088	27
356112	58
356136	7
356160	472
356178	2
356184	10
356208	74
356232	23
356256	31
356280	156
356304	60
356328	151
356352	1
356376	4
356400	350
356424	50
356448	25
356472	13
356496	16
356520	105
356544	349
356568	12
356592	18
356610	1
356616	48
356640	237
356664	38
356688	52
356712	42
356736	6
356760	281
356784	24
356808	65
356832	5
356856	3
356880	161
356904	54
356928	59
356952	2
356976	12
357000	303
357024	127
357048	6
357072	10
357096	6
357114	1
357120	410
357144	68
357168	43
357192	45
357216	38
357240	104
357264	58
357288	29
357312	24
357336	27
357360	273
357384	31
357408	64
357432	13
357456	6
357480	113
357504	35
357528	59
357552	21
357576	21
357594	1
357600	578
357624	61
357648	80
357672	18
357696	7
357714	3
357720	108
357744	179
357768	34
357792	21
357816	8
357840	240
357864	67
357888	29
357912	6
357936	46
357960	75
357984	18
358008	37
358032	41
358056	13
358080	584
358104	34
358128	94
358152	50
358176	8
358200	312
358224	68
358248	43
358272	31
358296	3
358314	3
358320	133
358344	90
358368	17
358392	11
358416	21
358440	117
358464	23
358488	23
358512	14
358536	40
358560	555
358584	46
358608	36
358632	28
358656	150
358680	95
358704	15
358728	136
358752	26
358776	5
358794	3
358800	416
358824	58
358848	55
358872	29
358896	9
358920	160
358944	118
358968	3
358992	16
359016	2
359040	195
359064	19
359088	16
359112	60
359130	1
359136	31
359160	174
359184	19
359208	44
359232	39
359256	50
359280	315
359304	41
359328	34
359352	29
359376	10
359394	2
359400	206
359424	144
359442	1
359448	19
359472	4
359496	3
359520	142
359544	46
359568	32
359592	11
359616	25
359640	102
359664	60
359688	25
359712	6
359730	3
359736	18
359760	210
359784	65
359808	29
359832	7
359856	12
359880	174
359904	39
359928	14
359952	24
359976	3
360000	826
360024	29
360048	32
360072	15
360096	8
360114	3
360120	67
360144	125
360168	27
360192	10
360216	14
360240	124
360264	58
360288	44
360312	5
360330	2
360336	51
360360	147
360384	33
360408	29
360432	5
360456	23
360480	431
360504	17
360528	20
360552	29
360576	10
360600	265
360624	38
360648	32
360672	36
360696	1
360720	260
360744	83
360768	121
360792	14
360816	9
360840	99
360864	90
360888	53
360912	3
360930	1
360936	44
360960	776
360984	19
361008	27
361032	28
361056	79
361080	178
361104	21
361128	52
361152	67
361176	32
361200	388
361224	28
361248	50
361272	73
361296	3
361314	1
361320	118
361344	114
361368	33
361392	18
361416	6
361440	286
361464	16
361488	22
361512	5
361536	37
361560	75
361584	11
361608	27
361632	10
361656	49
361680	237
361704	32
361728	40
361746	1
361752	47
361776	53
361800	222
361824	60
361848	41
361872	19
361914	1
361920	183
361944	19
361968	26
361992	11
362016	9
362040	43
362064	22
362088	37
362112	6
362130	2
362136	36
362160	278
362184	28
362208	35
362232	8
362256	48
362280	200
362304	43
362328	12
362346	1
362352	20
362376	25
362400	407
362424	35
362448	26
362472	14
362496	5
362520	77
362544	27
362568	29
362592	18
362616	7
362640	165
362664	31
362688	122
362706	5
362712	7
362736	18
362760	110
362784	69
362808	30
362832	2
362856	23
362880	749
362904	54
362928	12
362946	1
362952	65
362976	9
363000	126
363024	32
363048	14
363072	70
363096	2
363120	91
363144	170
363168	54
363192	30
363216	7
363240	56
363264	145
363288	113
363312	1
363330	1
363336	14
363360	539
363384	43
363408	39
363432	8
363456	52
363480	128
363504	21
363528	10
363552	22
363576	31
363600	412
363624	24
363648	19
363672	47
363696	1
363720	114
363744	27
363768	42
363792	28
363816	4
363840	199
363864	23
363888	163
363912	1
363930	2
363936	17
363960	181
363984	17
364008	18
364032	6
364056	19
364080	190
364104	24
364128	18
364152	35
364176	36
364200	272
364224	81
364242	2
364248	28
364272	58
364296	4
364320	166
364344	48
364368	30
364392	55
364416	1
364440	65
364464	10
364488	64
364512	3
364530	1
364536	25
364560	145
364584	7
364608	105
364632	1
364650	1
364656	52
364680	337
364704	58
364728	18
364752	39
364776	41
364800	485
364824	62
364848	9
364872	52
364896	39
364920	58
364938	4
364944	15
364968	38
364992	21
365016	3
365040	166
365064	8
365088	80
365112	4
365130	2
365136	9
365160	82
365184	48
365208	68
365232	10
365256	16
365280	521
365304	53
365328	13
365346	1
365352	20
365376	31
365400	145
365424	59
365448	19
365466	7
365472	36
365496	7
365520	127
365544	10
365568	59
365592	17
365616	1
365640	53
365664	24
365688	118
365712	15
365736	11
365760	434
365784	18
365808	92
365832	7
365856	26
365880	148
365904	70
365928	14
365946	1
365952	24
365976	15
366000	224
366024	46
366048	7
366072	19
366096	17
366120	54
366144	35
366168	29
366192	38
366204	1
366216	4
366240	134
366264	115
366288	83
366312	10
366336	3
366360	97
366384	37
366408	80
366432	2
366456	28
366480	154
366504	73
366528	17
366552	17
366570	1
366576	39
366600	232
366624	126
366648	1
366672	30
366696	6
366720	390
366744	16
366768	54
366792	102
366840	85
366864	57
366888	69
366912	22
366936	4
366960	105
366984	20
367008	207
367032	4
367056	21
367080	100
367104	68
367128	10
367152	9
367176	28
367200	803
367224	33
367248	4
367272	43
367296	28
367320	110
367344	35
367368	39
367392	48
367416	7
367440	95
367464	58
367488	108
367512	17
367536	3
367560	217
367584	19
367608	16
367632	5
367656	36
367680	479
367698	7
367704	30
367728	56
367752	7
367776	32
367800	164
367824	56
367848	7
367872	27
367896	14
367920	359
367944	53
367968	25
367992	15
368016	3
368040	66
368064	19
368088	59
368112	16
368136	2
368160	245
368184	12
368208	93
368232	14
368256	36
368280	253
368304	64
368328	42
368352	13
368376	23
368400	292
368424	75
368448	12
368472	34
368496	25
368520	87
368544	177
368568	37
368592	15
368640	374
368658	4
368664	5
368688	69
368712	40
368736	3
368760	65
368784	12
368808	74
368832	7
368856	4
368880	220
368904	48
368928	41
368952	2
368976	11
369000	308
369024	111
369048	6
369072	18
369096	6
369120	126
369144	21
369168	17
369192	69
369216	12
369240	93
369264	32
369288	28
369312	24
369336	4
369360	274
369384	12
369408	110
369432	9
369456	11
369480	108
369504	42
369528	33
369552	10
369576	19
369600	476
369624	35
369648	4
369666	1
369672	42
369696	54
369714	1
369720	154
369744	37
369768	14
369792	41
369816	8
369840	77
369864	17
369888	130
369912	18
369936	3
369960	82
369984	28
369996	1
370008	111
370032	3
370056	9
370080	351
370104	26
370128	134
370152	3
370176	15
370200	375
370224	50
370248	8
370272	12
370296	13
370314	2
370320	110
370338	9
370344	53
370368	16
370392	24
370416	17
370440	60
370464	19
370488	22
370512	17
370560	346
370584	19
370608	43
370632	3
370656	5
370680	168
370704	31
370728	37
370752	3
370776	17
370800	449
370824	94
370848	15
370872	12
370896	6
370920	133
370944	84
370968	15
370992	30
371016	5
371040	257
371064	13
371088	18
371112	11
371136	11
371160	87
371184	14
371208	79
371232	4
371256	3
371280	394
371304	30
371328	146
371352	8
371376	16
371400	249
371424	227
371448	22
371472	7
371496	5
371520	395
371544	77
371568	12
371592	17
371616	71
371640	70
371664	2
371688	25
371712	17
371736	10
371760	148
371778	4
371784	12
371808	69
371832	15
371856	2
371880	108
371904	57
371928	28
371952	3
371976	5
372000	695
372024	55
372048	19
372072	14
372096	9
372120	93
372144	54
372162	3
372168	1
372192	16
372216	17
372240	157
372264	11
372288	46
372312	34
372336	34
372360	122
372384	5
372408	30
372432	16
372456	6
372480	275
372504	35
372528	37
372552	6
372570	1
372576	7
372600	287
372624	31
372648	7
372672	1
372696	15
372720	143
372744	109
372768	3
372792	37
372816	38
372840	86
372864	22
372888	11
372912	17
372936	6
372960	374
372984	15
373008	43
373032	11
373056	7
373080	120
373104	13
373128	10
373152	10
373176	8
373200	589
373224	48
373248	13
373272	3
373296	9
373314	4
373320	190
373344	94
373368	7
373392	10
373416	32
373440	470
373464	35
373488	21
373512	2
373536	28
373560	85
373584	15
373608	90
373632	7
373656	2
373680	219
373704	24
373728	70
373752	18
373776	3
373794	1
373800	242
373824	186
373848	82
373872	7
373920	192
373944	111
373968	16
373992	9
374016	9
374040	72
374064	15
374088	9
374112	22
374136	38
374160	166
374184	4
374208	23
374232	11
374256	19
374280	173
374304	21
374328	32
374352	40
374376	3
374394	7
374400	951
374424	44
374448	39
374472	3
374496	1
374520	75
374544	23
374568	17
374592	24
374616	9
374640	136
374664	10
374688	32
374712	13
374736	51
374760	97
374784	2
374808	17
374832	19
374856	22
374880	279
374904	11
374928	103
374952	18
374976	5
374994	1
375000	219
375024	17
375048	11
375072	21
375096	3
375120	361
375144	29
375168	2
375216	8
375240	61
375264	6
375288	4
375312	22
375330	1
375336	18
375360	466
375384	13
375408	46
375432	18
375456	61
375480	138
375504	11
375528	19
375552	17
375576	8
375594	4
375600	332
375624	19
375648	13
375672	4
375696	4
375714	4
375720	133
375744	108
375768	17
375792	5
375810	2
375816	7
375840	224
375864	24
375888	32
375912	7
375930	4
375936	20
375960	127
375984	16
376008	33
376032	21
376056	8
376080	183
376104	18
376128	16
376152	25
376176	14
376200	251
376224	18
376248	40
376272	8
376296	3
376320	277
376344	68
376368	36
376392	8
376410	2
376416	5
376440	90
376464	108
376488	12
376512	2
376536	18
376560	235
376584	10
376608	33
376632	5
376656	48
376680	171
376704	15
376728	39
376752	13
376776	4
376800	358
376824	34
376848	33
376872	23
376914	3
376920	212
376944	54
376968	32
376992	13
377010	1
377016	9
377040	144
377064	36
377088	27
377112	6
377136	10
377160	133
377184	5
377208	10
377232	9
377256	25
377280	470
377304	11
377328	6
377346	1
377352	63
377376	8
377400	167
377424	5
377448	19
377472	31
377496	2
377514	2
377520	144
377544	33
377568	31
377592	2
377616	5
377640	81
377664	13
377688	19
377712	6
377736	18
377760	471
377808	11
377832	14
377856	57
377880	152
377904	8
377928	51
377946	1
377952	42
377976	35
378000	524
378024	46
378048	28
378072	12
378096	10
378120	125
378144	158
378168	41
378192	19
378210	1
378216	3
378240	122
378264	86
378288	18
378312	5
378336	15
378360	214
378384	14
378408	14
378432	7
378456	10
378480	147
378504	18
378528	9
378546	2
378552	24
378576	32
378600	123
378624	37
378648	15
378672	3
378696	3
378720	275
378744	86
378768	20
378792	6
378816	5
378840	52
378864	139
378888	21
378912	2
378930	3
378936	11
378960	147
378984	10
379008	127
379032	5
379056	42
379080	144
379104	44
379128	10
379152	8
379176	7
379200	323
379224	31
379248	7
379272	14
379296	4
379320	108
379344	16
379368	21
379392	12
379416	2
379440	237
379464	119
379488	80
379512	3
379530	1
379536	11
379560	121
379584	24
379608	25
379656	16
379680	324
379704	16
379728	29
379752	9
379776	12
379800	169
379824	5
379848	15
379872	38
379896	3
379920	161
379944	34
379968	65
379992	11
380016	1
380040	79
380064	21
380088	36
380130	2
380136	3
380160	329
380184	11
380208	8
380232	2
380250	3
380256	27
380280	342
380304	7
380328	8
380352	44
380376	18
380400	277
380424	14
380448	7
380472	61
380496	7
380520	88
380544	62
380568	40
380592	6
380616	1
380640	135
380664	14
380688	44
380712	4
380730	3
380736	27
380760	93
380784	1
380808	34
380826	1
380832	5
380856	44
380880	426
380904	8
380928	21
380946	1
380952	18
380976	44
381000	102
381024	126
381048	9
381072	21
381096	10
381120	183
381144	44
381168	38
381192	4
381240	80
381264	101
381288	26
381312	1
381336	1
381360	226
381384	10
381408	14
381432	2
381456	44
381480	147
381504	70
381528	9
381546	8
381552	14
381576	13
381600	438
381624	21
381648	22
381672	35
381696	15
381720	67
381744	69
381768	5
381792	52
381816	3
381840	61
381864	130
381888	168
381912	2
381936	6
381960	57
381984	17
382008	32
382032	10
382050	1
382056	23
382080	135
382104	25
382128	21
382146	1
382152	21
382176	20
382200	261
382224	4
382248	3
382266	1
382272	16
382296	16
382320	204
382344	75
382368	12
382392	14
382416	1
382440	39
382464	74
382488	66
382512	6
382530	1
382536	1
382560	117
382584	29
382608	73
382632	3
382656	11
382680	209
382704	17
382728	52
382752	4
382776	13
382800	526
382824	12
382848	2
382866	1
382872	13
382896	9
382920	66
382944	26
382968	60
382992	24
383040	296
383064	11
383088	52
383112	5
383136	5
383160	71
383184	28
383208	32
383256	56
383280	458
383304	31
383328	4
383352	10
383376	18
383400	231
383424	61
383448	5
383472	24
383496	13
383520	90
383544	11
383568	21
383592	21
383616	4
383640	35
383664	7
383688	25
383712	2
383730	1
383736	1
383760	165
383778	3
383784	15
383808	90
383850	1
383856	7
383880	248
383904	109
383928	7
383952	5
383976	12
384000	819
384024	23
384048	11
384072	20
384096	5
384120	48
384144	14
384162	1
384168	13
384192	12
384216	2
384240	110
384264	57
384288	94
384312	24
384336	1
384360	135
384384	31
384408	35
384432	1
384456	10
384480	364
384504	21
384528	30
384546	1
384552	1
384576	41
384600	217
384624	28
384648	13
384666	1
384672	5
384696	3
384720	120
384744	54
384768	10
384792	15
384840	45
384864	111
384888	50
384912	26
384960	155
384984	29
385008	75
385032	4
385056	3
385080	69
385104	20
385128	26
385152	23
385176	5
385200	444
385224	22
385248	4
385266	1
385272	11
385296	9
385320	83
385344	12
385368	3
385392	17
385416	9
385440	142
385464	19
385488	22
385512	16
385560	52
385578	13
385584	14
385608	56
385632	6
385680	258
385704	13
385728	17
385752	3
385776	14
385800	320
385824	97
385848	26
385872	7
385896	9
385920	425
385944	16
385968	9
385992	16
386016	3
386040	58
386064	36
386088	13
386112	4
386160	132
386184	32
386208	115
386256	4
386280	272
386304	47
386328	22
386352	1
386376	9
386394	1
386400	620
386424	82
386448	1
386472	39
386496	30
386520	141
386544	12
386568	4
386592	8
386616	16
386640	152
386664	16
386688	21
386760	78
386784	5
386808	28
386880	393
386904	8
386928	47
386952	1
386976	7
387000	288
387024	75
387048	5
387072	3
387096	4
387120	233
387144	10
387162	2
387168	12
387192	10
387216	7
387240	86
387264	31
387288	52
387312	19
387360	285
387384	11
387408	102
387432	4
387456	1
387480	144
387504	11
387528	30
387552	1
387576	11
387600	324
387624	58
387648	7
387672	5
387696	2
387720	143
387744	31
387768	2
387792	17
387816	5
387840	160
387864	23
387888	5
387912	16
387936	28
387960	40
387984	5
388008	73
388032	11
388056	1
388080	277
388104	12
388128	18
388152	1
388176	1
388194	5
388200	279
388224	51
388248	4
388272	4
388296	6
388320	204
388344	61
388362	1
388368	2
388392	44
388416	14
388440	66
388464	34
388488	19
388512	3
388536	5
388560	161
388584	21
388608	79
388632	2
388656	5
388680	141
388704	14
388728	51
388752	1
388800	998
388824	62
388848	5
388896	10
388920	115
388944	59
388992	7
389010	1
389016	10
389040	138
389064	10
389088	14
389112	8
389136	2
389160	114
389184	19
389208	34
389232	1
389256	12
389280	353
389304	4
389328	157
389400	224
389424	86
389448	3
389472	27
389496	11
389514	3
389520	269
389544	53
389568	5
389592	7
389616	19
389640	121
389664	2
389688	5
389712	5
389730	2
389736	4
389760	151
389784	4
389808	11
389856	45
389880	168
389904	5
389928	53
389952	18
390000	528
390024	45
390048	13
390072	1
390120	126
390144	93
390168	5
390192	20
390216	1
390240	204
390264	16
390288	7
390312	1
390336	4
390360	115
390384	5
390408	38
390432	7
390456	10
390480	145
390504	3
390528	35
390552	4
390576	13
390600	296
390624	46
390648	9
390672	3
390696	4
390720	204
390744	101
390768	1
390792	5
390810	1
390816	11
390840	100
390864	108
390888	2
390912	3
390936	19
390960	301
390984	3
391008	32
391032	7
391056	13
391080	75
391104	20
391128	37
391152	6
391176	9
391194	8
391200	268
391224	30
391248	11
391272	1
391296	3
391320	120
391344	154
391368	2
391392	9
391410	1
391416	2
391440	135
391464	19
391488	20
391512	39
391536	18
391560	115
391584	31
391608	7
391632	12
391656	7
391680	350
391704	8
391728	31
391752	1
391776	1
391800	152
391824	62
391848	9
391872	2
391896	3
391920	175
391944	141
391968	6
391992	1
392010	1
392016	7
392040	87
392064	21
392088	27
392112	5
392136	15
392160	124
392184	8
392208	12
392232	6
392256	8
392280	188
392304	1
392328	78
392352	30
392376	8
392400	431
392424	49
392448	54
392496	1
392514	3
392520	119
392544	37
392568	9
392592	11
392616	2
392640	126
392664	7
392688	8
392712	4
392730	2
392736	21
392760	100
392784	2
392808	26
392832	1
392856	7
392880	283
392904	9
392928	41
392952	6
392976	1
393000	200
393024	36
393048	43
393072	5
393096	2
393120	290
393144	40
393168	9
393192	22
393216	6
393240	77
393264	48
393288	3
393312	3
393336	7
393360	384
393384	4
393408	6
393432	8
393456	54
393480	181
393504	27
393528	16
393552	10
393576	2
393600	476
393624	30
393648	22
393672	15
393696	37
393720	99
393744	136
393768	49
393792	2
393810	1
393840	187
393864	79
393888	11
393912	1
393936	19
393960	140
393984	4
394008	4
394032	11
394056	14
394080	196
394104	19
394128	48
394152	9
394176	6
394200	73
394224	18
394248	22
394272	6
394296	4
394314	4
394320	124
394344	125
394368	90
394416	2
394440	71
394464	168
394488	16
394512	3
394530	1
394536	15
394560	233
394584	13
394608	24
394632	5
394656	13
394680	98
394728	21
394746	2
394752	27
394776	9
394800	186
394824	59
394848	8
394872	8
394896	2
394920	86
394944	108
394992	2
395010	1
395040	125
395064	68
395088	35
395112	1
395130	1
395136	8
395160	60
395184	25
395208	28
395232	12
395256	20
395280	340
395304	7
395328	60
395352	5
395376	7
395400	145
395424	17
395448	37
395472	35
395520	119
395544	23
395568	15
395592	1
395616	8
395640	56
395664	33
395688	35
395736	3
395760	180
395784	6
395808	13
395832	1
395850	3
395856	43
395880	284
395904	8
395928	101
395952	11
395976	1
396000	827
396024	10
396048	16
396072	12
396120	64
396144	17
396168	8
396192	8
396210	1
396240	93
396264	56
396288	57
396312	41
396336	7
396360	164
396384	25
396408	11
396432	2
396456	15
396480	537
396504	5
396528	15
396546	1
396552	11
396576	23
396600	86
396624	35
396648	16
396672	32
396696	1
396720	167
396744	51
396768	25
396792	10
396816	3
396840	56
396864	148
396888	24
396912	1
396936	4
396960	208
396984	18
397008	16
397056	14
397080	270
397104	1
397128	13
397146	1
397152	14
397176	9
397200	205
397224	10
397242	1
397248	14
397272	6
397296	5
397320	53
397344	84
397368	22
397392	14
397440	152
397464	121
397488	23
397536	4
397560	50
397584	49
397608	20
397656	4
397680	166
397704	4
397728	8
397752	3
397776	24
397800	189
397824	47
397848	11
397866	1
397872	21
397920	108
397944	58
397968	13
397992	10
398040	21
398064	71
398088	50
398112	1
398136	1
398160	178
398184	38
398208	43
398232	20
398256	25
398280	236
398304	15
398328	33
398352	1
398376	9
398400	834
398424	35
398448	13
398466	1
398472	27
398520	73
398544	26
398568	5
398592	5
398616	1
398640	73
398664	26
398688	9
398712	1
398730	1
398760	61
398784	15
398808	1
398856	7
398880	601
398904	26
398928	54
398952	8
398976	13
399000	217
399024	5
399048	6
399072	1
399120	129
399144	9
399168	2
399192	36
399240	38
399264	52
399288	7
399312	5
399330	2
399336	1
399360	218
399384	22
399408	37
399432	1
399456	7
399480	237
399504	22
399528	10
399552	2
399576	2
399600	562
399624	19
399648	19
399672	2
399720	77
399744	53
399768	26
399792	68
399840	125
399864	85
399888	46
399912	8
399936	10
399960	88
399984	28
400008	24
400032	1
400080	224
400104	15
400128	1
400176	12
400200	200
400248	4
400266	1
400272	7
400296	5
400320	221
400344	27
400368	1
400392	32
400440	43
400464	86
400488	44
400512	7
400560	95
400584	33
400608	36
400632	3
400656	9
400680	134
400704	18
400728	3
400776	7
400800	451
400824	35
400848	4
400866	1
400872	36
400896	19
400920	102
400944	76
400968	2
400992	27
401040	95
401064	70
401088	23
401160	69
401184	52
401208	16
401256	3
401280	438
401304	12
401328	24
401352	7
401376	8
401400	268
401424	58
401448	1
401466	1
401472	2
401496	2
401520	178
401544	27
401568	1
401592	13
401640	86
401658	6
401664	42
401688	20
401712	8
401736	2
401760	280
401784	18
401808	81
401856	2
401880	152
401904	19
401928	9
401952	5
401976	13
402000	552
402024	39
402048	8
402072	2
402096	7
402120	88
402144	22
402168	8
402192	50
402240	53
402264	17
402288	70
402312	5
402360	77
402384	19
402408	51
402456	4
402480	266
402504	21
402528	9
402576	2
402600	267
402624	44
402648	8
402672	5
402696	7
402720	169
402744	26
402768	11
402792	38
402816	6
402840	31
402864	16
402882	1
402888	28
402912	11
402960	132
402984	8
403008	71
403032	10
403056	1
403080	141
403104	14
403128	23
403176	20
403194	1
403200	835
403224	20
403272	8
403296	12
403320	83
403344	86
403392	17
403416	2
403440	107
403464	44
403488	22
403512	23
403536	8
403560	72
403584	19
403608	40
403632	2
403656	1
403680	232
403704	5
403728	18
403776	15
403800	176
403824	53
403872	3
403896	2
403920	214
403944	84
403968	2
403992	38
404016	2
404040	89
404064	52
404088	18
404112	5
404160	222
404184	35
404208	59
404256	2
404280	136
404304	38
404328	28
404352	7
404376	4
404400	260
404418	1
404424	86
404448	14
404496	2
404520	163
404544	93
404568	10
404592	13
404616	2
404640	134
404664	15
404688	1
404712	11
404736	1
404760	40
404778	1
404784	29
404808	47
404832	7
404856	1
404880	117
404904	9
404928	207
404952	1
404976	8
405000	408
405024	71
405048	5
405072	5
405096	7
405120	189
405144	52
405168	1
405192	13
405216	4
405240	62
405264	8
405288	32
405312	15
405336	1
405360	86
405384	16
405408	58
405432	1
405456	2
405480	178
405498	1
405504	16
405528	48
405600	490
405624	53
405648	17
405672	4
405696	4
405720	186
405744	45
405768	2
405792	24
405810	1
405816	2
405840	107
405864	16
405912	14
405936	1
405960	117
405984	2
406008	29
406032	1
406056	3
406080	596
406104	10
406128	69
406176	4
406200	120
406224	49
406248	25
406296	18
406320	164
406344	64
406392	1
406416	15
406440	101
406464	59
406488	9
406512	20
406536	3
406560	182
406584	18
406608	24
406656	3
406680	70
406704	6
406728	23
406776	12
406800	265
406824	55
406848	5
406896	14
406920	116
406944	120
406968	2
406992	9
407040	196
407064	37
407088	12
407112	12
407160	128
407184	33
407208	13
407232	3
407280	102
407304	8
407328	79
407352	16
407394	3
407400	118
407424	40
407448	1
407496	8
407520	235
407544	148
407568	5
407592	4
407640	86
407664	79
407688	17
407712	14
407760	119
407784	4
407808	72
407832	32
407856	2
407880	112
407904	10
407928	102
408000	485
408024	48
408048	71
408096	6
408120	94
408144	85
408168	5
408192	4
408210	1
408216	5
408240	163
408264	23
408312	6
408336	22
408360	85
408384	4
408408	38
408432	6
408456	4
408480	411
408504	16
408528	61
408552	15
408600	245
408624	14
408648	38
408720	193
408744	43
408768	10
408792	6
408840	75
408864	41
408888	4
408912	20
408930	3
408936	11
408960	354
408984	2
409008	14
409056	98
409080	165
409104	7
409128	33
409200	218
409224	22
409248	27
409272	3
409320	88
409344	106
409368	23
409392	15
409440	175
409464	73
409512	6
409560	165
409584	15
409656	5
409680	250
409704	3
409728	32
409752	3
409776	2
409800	96
409824	46
409848	19
409896	2
409920	93
409944	121
409968	14
410016	1
410040	50
410064	117
410088	1
410112	5
410160	255
410184	27
410208	29
410232	14
410256	11
410280	76
410304	15
410328	32
410352	5
410376	3
410400	534
410424	31
410448	24
410472	3
410496	6
410520	71
410544	128
410568	1
410616	6
410640	129
410664	66
410688	6
410712	5
410736	1
410760	64
410784	11
410808	2
410832	10
410856	4
410880	655
410904	2
410928	71
410952	15
410976	6
411000	132
411024	15
411048	27
411114	4
411120	173
411144	46
411168	15
411192	4
411240	55
411264	78
411288	8
411312	3
411330	1
411336	8
411360	173
411384	19
411408	16
411432	1
411456	5
411480	254
411504	10
411528	53
411552	5
411576	2
411600	370
411624	10
411648	40
411720	74
411744	62
411768	10
411792	4
411816	1
411840	217
411864	59
411888	14
411912	5
411936	4
411960	95
411984	7
412008	6
412032	2
412080	277
412104	5
412128	25
412200	158
412224	12
412248	40
412320	76
412344	52
412368	35
412392	12
412416	1
412440	70
412464	101
412488	16
412512	1
412536	2
412560	297
412584	47
412608	9
412650	2
412656	3
412680	166
412704	6
412728	16
412776	31
412800	496
412824	15
412848	16
412866	1
412872	10
412896	5
412920	65
412944	80
412968	11
412992	19
413016	3
413040	72
413064	103
413088	16
413112	3
413130	1
413160	90
413184	34
413208	5
413232	15
413256	22
413280	341
413304	5
413328	28
413352	8
413376	6
413400	169
413424	23
413448	5
413472	12
413496	1
413520	68
413544	50
413568	2
413586	13
413640	34
413664	112
413736	1
413760	354
413784	41
413808	13
413832	4
413856	53
413880	143
413904	10
413928	10
413952	7
413976	12
414000	517
414024	11
414048	19
414066	1
414072	25
414096	1
414120	53
414144	58
414168	8
414192	6
414216	1
414240	37
414264	96
414288	47
414312	1
414336	1
414360	55
414384	50
414408	16
414432	1
414456	13
414480	204
414504	16
414528	59
414552	5
414576	5
414600	302
414624	18
414648	45
414672	5
414696	1
414720	344
414744	34
414768	18
414792	9
414840	21
414864	29
414888	7
414912	2
414960	158
414984	20
415008	88
415032	1
415056	10
415080	183
415104	17
415122	1
415128	11
415152	9
415176	1
415200	360
415224	12
415248	22
415272	10
415296	4
415320	51
415344	21
415368	31
415392	38
415440	81
415464	59
415488	9
415512	11
415536	2
415560	66
415584	28
415608	6
415656	4
415680	522
415704	12
415728	16
415752	37
415776	37
415800	204
415824	2
415848	17
415872	30
415920	96
415944	32
415968	9
415992	28
416040	29
416064	66
416088	44
416112	12
416160	438
416184	42
416208	16
416232	2
416256	4
416280	163
416304	9
416328	7
416352	4
416376	8
416400	227
416424	20
416448	10
416472	33
416496	9
416520	112
416544	153
416562	2
416568	12
416592	15
416640	60
416664	72
416688	28
416712	10
416760	53
416784	56
416808	15
416856	12
416880	226
416904	9
416928	24
416952	1
416976	52
417000	271
417024	48
417048	8
417072	10
417096	9
417120	122
417144	22
417168	10
417192	5
417240	42
417264	50
417288	45
417360	58
417384	30
417408	32
417456	15
417480	114
417504	33
417528	15
417576	11
417600	652
417624	53
417648	17
417672	6
417720	162
417744	30
417768	9
417792	22
417840	52
417864	32
417888	30
417912	4
417960	37
417984	12
418008	50
418056	1
418080	346
418098	2
418104	15
418128	47
418176	19
418200	198
418224	33
418248	4
418272	12
418296	11
418320	326
418344	7
418368	15
418392	47
418434	1
418440	22
418464	39
418488	21
418512	60
418560	211
418584	24
418608	26
418656	5
418680	154
418704	12
418728	33
418776	9
418800	224
418824	18
418848	5
418872	13
418896	9
418920	76
418944	122
418968	4
418992	40
419040	148
419064	48
419088	35
419112	12
419160	85
419184	35
419208	31
419232	2
419280	184
419304	4
419328	6
419376	11
419400	141
419424	24
419472	2
419496	2
419520	177
419544	52
419568	2
419592	17
419616	1
419640	57
419664	49
419688	11
419712	9
419730	2
419760	126
419784	44
419808	37
419856	3
419880	101
419904	31
419928	22
419952	1
419976	7
420000	578
420024	63
420048	2
420072	1
420096	16
420120	95
420144	56
420168	3
420192	13
420240	92
420264	26
420288	42
420312	11
420330	3
420336	3
420360	42
420384	26
420408	50
420432	6
420456	2
420480	277
420504	22
420528	69
420576	3
420600	294
420624	131
420648	6
420672	3
420696	6
420720	141
420744	35
420768	3
420792	26
420816	12
420840	51
420864	8
420888	14
420912	12
420936	13
420960	192
420984	1
421008	113
421032	1
421080	71
421104	9
421128	78
421176	13
421200	357
421224	20
421248	28
421272	2
421320	128
421344	43
421368	3
421392	57
421410	2
421440	118
421464	12
421488	18
421512	42
421560	127
421578	1
421584	14
421608	22
421680	100
421704	8
421728	73
421776	4
421800	152
421824	25
421848	28
421872	2
421896	9
421920	167
421944	44
421968	8
421992	15
422016	2
422040	47
422064	48
422088	13
422112	12
422160	172
422184	20
422208	41
422232	4
422256	6
422280	89
422304	14
422328	23
422376	8
422400	402
422424	33
422448	14
422496	19
422520	49
422544	114
422568	4
422592	6
422640	209
422664	33
422688	8
422712	26
422760	88
422784	16
422808	44
422832	26
422880	151
422904	19
422928	60
422946	2
422952	2
423000	232
423024	74
423048	3
423072	3
423096	14
423120	136
423144	83
423192	13
423216	4
423240	93
423264	40
423288	6
423312	20
423336	1
423360	419
423384	3
423402	1
423408	59
423432	4
423456	3
423480	70
423504	10
423528	46
423576	1
423600	388
423624	32
423648	46
423696	3
423720	189
423744	135
423768	2
423792	14
423816	6
423840	62
423864	32
423888	14
423912	20
423936	15
423960	68
423984	3
424008	36
424080	167
424104	4
424128	61
424176	2
424200	172
424224	17
424248	9
424296	9
424320	203
424344	51
424368	7
424392	1
424416	1
424440	43
424464	29
424488	3
424512	11
424560	91
424584	8
424608	29
424632	1
424680	180
424698	1
424704	1
424728	74
424776	1
424800	302
424824	27
424848	77
424872	3
424896	4
424920	49
424944	60
424968	7
424992	9
425040	121
425064	60
425088	4
425112	29
425136	25
425160	117
425184	13
425208	34
425232	9
425280	451
425304	7
425328	58
425352	2
425376	1
425400	85
425424	39
425448	36
425472	2
425496	2
425520	239
425544	57
425568	2
425592	1
425640	58
425664	73
425712	23
425730	1
425760	453
425784	15
425808	11
425832	13
425856	2
425880	130
425904	4
425928	28
425952	24
425976	11
426000	202
426018	1
426024	20
426048	20
426096	3
426114	1
426120	56
426144	92
426168	8
426192	2
426216	2
426240	266
426264	99
426312	13
426336	10
426360	86
426384	48
426408	12
426432	10
426456	4
426480	162
426504	8
426528	61
426552	19
426576	9
426600	276
426624	29
426648	24
426696	3
426720	70
426744	70
426768	7
426816	1
426840	44
426864	73
426888	3
426912	7
426936	1
426960	205
426984	16
427008	82
427032	2
427050	2
427056	4
427080	166
427104	2
427128	58
427152	1
427176	1
427200	387
427224	14
427248	35
427296	8
427320	49
427344	66
427368	17
427392	30
427416	6
427440	86
427464	65
427488	8
427512	12
427536	6
427560	60
427584	16
427608	10
427632	5
427650	1
427656	22
427680	519
427704	4
427728	48
427752	2
427776	1
427800	109
427824	15
427848	62
427896	1
427920	79
427944	30
427968	45
427992	1
428040	49
428064	48
428088	8
428112	25
428136	2
428160	407
428184	13
428208	2
428232	13
428256	8
428280	135
428304	3
428328	44
428352	7
428376	4
428400	266
428424	26
428448	13
428472	10
428496	1
428520	55
428544	51
428568	16
428592	4
428640	156
428664	61
428712	3
428736	3
428760	107
428784	40
428808	3
428832	14
428856	10
428880	202
428904	4
428928	24
428952	2
428976	5
429000	105
429024	13
429048	24
429072	5
429096	2
429120	156
429144	62
429168	13
429192	9
429216	5
429240	21
429264	84
429288	10
429330	1
429336	18
429360	82
429384	37
429408	21
429432	24
429456	22
429480	132
429504	6
429516	1
429528	22
429552	20
429576	2
429600	267
429624	22
429648	33
429666	1
429672	3
429696	43
429720	35
429744	34
429768	5
429792	2
429840	173
429864	75
429888	1
429912	3
429936	2
429960	27
429984	23
430008	31
430032	6
430056	12
430080	350
430104	5
430128	27
430152	5
430176	2
430200	111
430224	16
430248	35
430266	1
430272	5
430320	121
430344	46
430368	31
430416	1
430440	37
430464	60
430512	6
430536	1
430560	202
430584	16
430608	15
430632	4
430656	4
430680	169
430704	23
430728	33
430752	16
430776	15
430800	232
430824	7
430848	31
430866	1
430872	9
430890	2
430920	67
430944	24
430968	31
430992	2
431040	72
431064	26
431088	52
431112	3
431136	1
431160	44
431184	24
431208	3
431232	5
431256	1
431280	224
431304	4
431328	6
431352	1
431376	9
431400	169
431424	55
431448	15
431472	22
431520	62
431544	39
431568	10
431592	40
431616	1
431640	90
431664	47
431688	14
431760	93
431784	37
431808	33
431832	8
431856	27
431880	107
431904	14
431928	12
431976	41
432000	836
432048	8
432072	13
432096	16
432120	65
432144	17
432168	23
432192	16
432240	44
432264	59
432282	1
432288	19
432312	30
432360	79
432384	30
432408	1
432456	14
432480	118
432504	12
432528	35
432552	4
432576	10
432600	309
432624	14
432648	13
432672	20
432696	14
432720	184
432744	96
432768	6
432792	2
432816	3
432840	26
432864	46
432882	1
432888	11
432936	2
432960	190
432984	38
433008	8
433056	38
433080	116
433104	20
433128	57
433152	1
433176	10
433200	409
433224	30
433248	18
433272	8
433296	7
433320	104
433344	33
433368	11
433392	6
433416	5
433440	166
433464	31
433488	36
433512	2
433560	23
433584	20
433608	25
433650	1
433656	12
433680	168
433704	49
433728	10
433776	12
433800	253
433824	51
433848	12
433872	16
433896	5
433920	153
433944	10
433968	13
433992	37
434016	4
434040	16
434064	25
434088	25
434112	10
434160	85
434184	19
434208	116
434232	1
434256	8
434280	96
434304	11
434328	6
434376	10
434400	375
434424	9
434448	2
434472	10
434496	7
434520	112
434544	5
434568	7
434592	31
434640	82
434664	21
434688	13
434712	20
434760	73
434784	62
434808	20
434832	1
434856	7
434880	176
434904	18
434928	21
434952	5
434976	37
435000	199
435024	9
435048	2
435072	6
435096	4
435120	79
435144	19
435168	8
435192	26
435216	1
435240	25
435264	15
435288	23
435312	41
435360	255
435384	34
435408	9
435432	2
435456	8
435480	59
435504	10
435528	33
435552	2
435576	17
435600	534
435624	25
435648	8
435666	1
435672	8
435696	12
435720	77
435744	50
435792	12
435840	183
435864	12
435888	27
435912	3
435960	56
435984	19
436008	27
436032	3
436056	2
436080	117
436104	20
436128	31
436176	7
436200	199
436224	129
436248	8
436272	2
436296	11
436320	293
436344	33
436368	4
436392	22
436416	34
436440	51
436464	7
436488	24
436512	9
436536	2
436560	23
436584	4
436608	56
436680	122
436704	22
436728	26
436776	7
436800	313
436824	40
436848	37
436872	3
436896	11
436920	79
436944	22
436968	1
436992	19
437016	2
437040	151
437064	9
437088	9
437112	14
437160	31
437184	3
437208	53
437256	1
437280	98
437304	7
437328	90
437376	5
437400	119
437424	14
437448	9
437472	2
437496	4
437520	115
437544	21
437568	10
437592	39
437640	24
437664	19
437688	20
437712	32
437760	427
437784	10
437808	42
437832	5
437856	12
437880	51
437904	4
437928	61
437976	6
438000	347
438024	17
438048	13
438072	7
438096	10
438120	64
438144	105
438168	4
438192	10
438216	1
438240	114
438264	11
438288	11
438312	17
438336	1
438360	46
438384	9
438408	25
438432	23
438456	1
438480	175
438504	21
438528	15
438552	10
438576	12
438600	253
438624	46
438648	4
438672	1
438696	16
438720	136
438744	30
438768	3
438792	17
438816	10
438840	60
438864	29
438888	4
438912	18
438936	3
438960	73
438984	7
439008	35
439032	11
439056	1
439080	59
439104	12
439128	23
439176	2
439200	449
439224	33
439248	32
439272	1
439296	11
439320	97
439344	67
439392	13
439416	6
439440	75
439464	39
439488	5
439512	4
439536	5
439560	47
439608	23
439632	2
439656	4
439680	186
439704	5
439728	48
439800	79
439824	55
439848	28
439896	13
439920	221
439944	36
439968	4
439992	10
440016	7
440040	51
440064	30
440088	4
440112	16
440160	221
440184	3
440208	21
440232	1
440280	65
440304	2
440328	47
440352	1
440376	13
440400	140
440424	13
440448	48
440496	11
440520	53
440544	40
440568	3
440592	5
440616	1
440640	319
440664	8
440688	9
440712	31
440736	1
440760	76
440784	4
440808	13
440832	11
440856	3
440880	70
440904	9
440928	65
441000	146
441018	2
441024	13
441048	30
441072	1
441096	5
441120	53
441144	20
441168	8
441192	5
441216	21
441240	40
441264	96
441288	2
441312	19
441360	126
441384	11
441408	31
441432	22
441480	66
441504	5
441528	23
441600	393
441624	16
441648	21
441696	17
441720	71
441744	28
441768	1
441792	3
441816	7
441840	107
441864	52
441888	1
441912	24
441960	112
441984	10
442008	22
442032	6
442056	5
442080	187
442104	1
442128	26
442152	11
442200	132
442224	14
442248	16
442272	3
442296	6
442320	176
442344	38
442368	2
442392	2
442416	4
442440	69
442464	47
442488	22
442512	12
442560	160
442584	12
442608	5
442632	4
442656	6
442680	115
442704	2
442728	38
442776	11
442800	247
442824	21
442848	25
442896	7
442920	102
442944	60
442968	10
442992	4
443016	1
443040	79
443064	47
443088	1
443112	8
443136	10
443160	70
443184	3
443208	13
443232	5
443250	3
443280	184
443304	3
443328	53
443352	2
443376	9
443400	59
443424	19
443448	40
443520	169
443544	77
443568	23
443616	3
443640	48
443664	24
443712	11
443760	194
443784	8
443808	17
443832	16
443856	7
443880	151
443904	18
443928	49
443976	1
444000	285
444024	21
444048	29
444096	7
444120	51
444144	22
444168	7
444240	116
444264	87
444288	33
444312	27
444330	3
444336	11
444360	116
444384	38
444408	4
444432	8
444480	108
444504	2
444528	20
444552	7
444576	1
444600	153
444624	6
444648	12
444672	3
444696	1
444720	90
444744	19
444768	25
444816	1
444840	18
444864	45
444888	13
444912	7
444936	1
444960	154
444984	38
445008	9
445032	9
445056	39
445080	108
445104	4
445128	26
445152	1
445176	3
445200	303
445224	4
445248	61
445266	1
445272	4
445320	90
445344	41
445368	6
445392	1
445440	79
445464	63
445488	4
445512	2
445560	47
445584	17
445608	1
445632	7
445656	4
445680	443
445704	1
445728	11
445752	8
445776	44
445800	99
445824	25
445848	19
445866	2
445896	1
445920	139
445944	24
445968	15
446016	1
446040	49
446064	37
446088	3
446112	1
446136	6
446160	66
446184	19
446208	42
446232	13
446256	3
446280	104
446304	14
446328	25
446352	1
446400	498
446424	14
446448	30
446472	10
446496	11
446520	75
446544	15
446568	13
446640	68
446664	32
446688	31
446712	4
446736	2
446760	63
446784	6
446808	5
446832	6
446850	1
446856	2
446880	193
446904	7
446928	25
446952	12
446976	1
447000	119
447024	11
447048	15
447120	156
447144	17
447168	35
447240	40
447264	47
447288	5
447312	16
447360	77
447384	26
447408	6
447432	3
447456	6
447480	90
447504	8
447528	12
447552	1
447576	7
447600	319
447624	5
447648	13
447672	18
447696	2
447720	44
447744	12
447768	2
447792	10
447840	194
447864	28
447882	1
447888	6
447912	1
447936	2
447960	23
447984	40
448008	28
448032	2
448056	14
448080	194
448104	7
448128	5
448152	2
448176	28
448200	284
448224	116
448248	13
448272	12
448296	2
448320	80
448344	16
448368	20
448392	14
448440	29
448464	28
448482	1
448488	3
448560	105
448584	26
448608	30
448632	2
448656	2
448680	147
448704	25
448728	1
448752	5
448776	14
448800	238
448824	45
448848	10
448866	1
448872	3
448896	40
448920	62
448944	6
448968	8
448992	1
449040	66
449064	16
449088	20
449112	1
449136	2
449160	32
449184	15
449208	5
449232	2
449256	6
449280	357
449304	9
449328	36
449376	2
449400	103
449424	8
449448	5
449466	2
449472	10
449496	5
449520	110
449532	3
449544	11
449568	19
449592	2
449616	3
449640	40
449664	19
449688	4
449712	11
449760	95
449784	8
449808	45
449832	1
449856	4
449880	29
449904	7
449928	5
449976	2
450000	453
450024	5
450072	13
450096	3
450120	66
450144	12
450192	4
450240	137
450264	5
450288	27
450312	3
450360	17
450384	12
450402	7
450408	30
450432	1
450480	122
450504	9
450528	5
450576	11
450600	228
450624	14
450648	7
450672	5
450696	1
450720	160
450744	6
450768	1
450786	1
450792	22
450840	30
450864	24
450882	1
450888	9
450912	5
450960	45
450984	28
451008	35
451032	3
451056	1
451080	53
451104	40
451176	10
451200	592
451224	10
451248	6
451266	2
451272	5
451296	9
451320	53
451344	5
451368	5
451392	15
451440	153
451464	16
451482	1
451488	15
451512	13
451560	37
451584	9
451608	15
451656	4
451680	180
451704	3
451728	44
451776	6
451800	163
451824	5
451848	3
451872	7
451896	16
451920	157
451944	38
451968	1
451992	9
452016	12
452040	31
452064	6
452082	1
452088	23
452112	5
452160	113
452184	3
452208	6
452232	5
452256	10
452280	79
452304	2
452328	3
452376	12
452400	340
452424	3
452448	4
452472	6
452496	12
452520	117
452544	13
452568	1
452592	6
452616	20
452634	3
452640	68
452664	7
452688	4
452712	3
452736	2
452760	14
452808	41
452856	2
452880	112
452904	7
452928	15
452976	8
453000	178
453024	24
453048	7
453072	4
453096	1
453120	158
453144	32
453168	2
453192	8
453240	53
453264	14
453288	20
453312	10
453360	86
453384	5
453408	38
453432	4
453480	27
453504	9
453528	30
453552	1
453576	5
453600	518
453624	19
453648	5
453672	2
453696	10
453720	42
453744	41
453768	2
453786	1
453792	13
453840	101
453864	2
453888	6
453912	24
453960	71
453984	4
454008	28
454032	2
454080	75
454104	9
454128	62
454152	1
454176	4
454200	202
454224	5
454272	1
454296	18
454320	227
454344	25
454368	4
454392	14
454416	10
454440	12
454488	4
454512	21
454536	4
454560	94
454584	1
454608	14
454632	4
454680	58
454704	13
454728	19
454776	7
454800	293
454824	19
454848	17
454872	6
454896	16
454920	123
454944	9
454992	12
455016	5
455040	137
455064	6
455088	21
455112	4
455136	8
455160	38
455184	3
455208	14
455232	2
455250	1
455280	127
455304	1
455328	12
455352	1
455376	7
455400	171
455424	14
455448	9
455472	2
455496	12
455520	149
455544	17
455568	1
455592	5
455616	5
455640	27
455664	10
455688	3
455712	7
455760	117
455802	2
455808	20
455832	3
455856	12
455880	37
455904	13
455928	12
456000	196
456024	24
456048	8
456072	1
456096	1
456120	58
456144	114
456192	2
456216	1
456240	92
456264	19
456288	8
456312	29
456336	9
456360	71
456384	4
456408	18
456432	6
456456	1
456480	99
456504	3
456528	33
456576	1
456600	129
456624	19
456648	14
456696	6
456720	176
456744	57
456768	5
456792	2
456840	110
456864	16
456888	2
456912	15
456960	58
456984	3
457008	19
457032	9
457056	8
457080	49
457104	3
457128	26
457152	6
457176	13
457200	307
457224	7
457248	18
457296	8
457320	152
457344	67
457368	5
457392	4
457416	2
457440	92
457464	32
457488	2
457512	14
457560	31
457584	4
457608	15
457632	10
457680	175
457704	25
457728	6
457752	2
457800	174
457824	7
457848	27
457872	2
457896	10
457920	250
457944	16
457968	6
457992	3
458016	10
458040	32
458064	15
458112	5
458160	67
458184	2
458208	3
458232	9
458256	9
458280	131
458304	3
458328	10
458352	3
458376	1
458400	355
458424	8
458448	14
458472	1
458496	10
458520	81
458544	35
458568	4
458592	3
458616	11
458640	170
458664	22
458688	28
458712	11
458736	4
458760	59
458784	6
458808	3
458832	5
458856	1
458880	148
458904	1
458928	32
458952	2
459000	102
459024	14
459048	21
459072	3
459096	5
459120	131
459144	91
459168	3
459192	2
459240	57
459264	118
459288	1
459360	173
459384	2
459408	17
459432	3
459456	1
459480	46
459504	1
459528	18
459552	2
459600	152
459624	16
459648	31
459696	1
459720	73
459744	11
459768	25
459816	1
459840	89
459864	57
459888	7
459912	10
459936	19
459960	17
459984	4
460008	9
460032	6
460056	11
460080	78
460104	2
460128	22
460152	5
460176	3
460200	89
460224	18
460248	14
460296	2
460320	153
460344	11
460368	15
460392	2
460416	4
460440	44
460464	81
460488	2
460512	4
460560	71
460584	7
460608	3
460632	13
460680	162
460704	30
460728	13
460752	4
460800	577
460824	3
460848	10
460872	9
460896	4
460920	86
460944	5
460968	1
461016	2
461040	76
461064	33
461088	9
461112	2
461136	5
461160	38
461184	13
461208	5
461232	2
461250	4
461280	220
461298	1
461304	2
461328	7
461376	20
461400	78
461424	2
461448	5
461472	1
461496	1
461520	184
461544	10
461568	28
461592	1
461616	1
461640	69
461664	14
461688	29
461712	3
461760	140
461784	7
461808	11
461832	2
461856	8
461880	111
461928	14
461952	2
461976	3
462000	168
462024	9
462048	10
462072	1
462120	56
462144	37
462168	7
462216	1
462240	135
462264	26
462288	36
462312	1
462336	2
462360	47
462384	11
462408	12
462432	5
462450	4
462456	2
462480	113
462504	1
462528	4
462552	16
462576	4
462600	89
462648	7
462672	1
462696	4
462720	94
462744	14
462768	20
462792	18
462816	2
462840	44
462864	66
462888	9
462912	5
462936	4
462960	86
462984	76
463008	5
463032	1
463056	9
463080	82
463128	9
463152	1
463200	238
463224	10
463248	4
463296	5
463320	56
463344	2
463368	1
463440	67
463464	37
463488	5
463512	1
463530	2
463560	24
463584	18
463632	2
463680	381
463704	1
463752	1
463800	135
463824	14
463848	4
463872	1
463896	1
463920	110
463944	5
464040	43
464064	1
464088	1
464160	75
464184	21
464208	13
464232	7
464250	3
464256	8
464280	138
464304	10
464328	2
464376	4
464400	408
464448	12
464472	7
464520	81
464544	3
464568	1
464592	7
464640	97
464664	3
464688	13
464712	2
464760	18
464784	11
464808	9
464832	3
464856	4
464880	189
464904	13
464928	5
464952	1
464976	13
465000	239
465048	5
465066	3
465072	3
465120	117
465144	7
465168	12
465192	15
465240	58
465264	15
465288	19
465360	73
465384	6
465408	41
465456	2
465480	79
465528	51
465552	7
465600	181
465648	1
465672	7
465696	15
465720	34
465744	15
465768	1
465786	3
465792	2
465816	1
465840	75
465864	84
465912	3
465960	19
465984	22
466008	9
466056	3
466080	112
466104	3
466128	4
466152	2
466176	1
466200	193
466248	5
466296	3
466320	95
466344	2
466368	1
466392	2
466416	1
466440	34
466464	2
466488	4
466512	5
466560	216
466584	9
466608	18
466656	2
466680	45
466704	4
466728	7
466752	2
466776	2
466800	416
466824	7
466848	4
466866	3
466872	4
466896	5
466920	118
466944	3
466968	1
466992	10
467040	69
467064	4
467082	1
467088	11
467160	27
467184	16
467208	16
467256	1
467280	255
467304	1
467328	26
467352	1
467376	5
467400	260
467424	2
467448	3
467472	3
467496	3
467520	123
467544	4
467568	5
467592	12
467616	4
467640	23
467682	1
467688	17
467712	1
467760	18
467784	16
467808	18
467832	5
467856	3
467880	123
467904	7
467928	2
467952	2
467976	3
468000	593
468024	23
468066	1
468072	4
468096	5
468120	85
468144	21
468168	9
468192	5
468216	2
468240	61
468264	11
468288	11
468312	13
468336	1
468360	42
468402	1
468408	8
468480	69
468504	4
468528	23
468576	5
468588	1
468600	112
468624	8
468648	1
468666	1
468672	10
468696	9
468720	221
468744	20
468792	3
468816	16
468840	39
468864	13
468960	34
468984	3
469008	8
469056	1
469080	31
469104	4
469128	12
469152	8
469176	1
469200	314
469224	10
469296	1
469320	84
469344	36
469386	1
469392	10
469416	1
469440	145
469464	3
469488	2
469512	3
469536	1
469560	11
469584	19
469608	9
469632	2
469656	1
469680	112
469704	10
469728	45
469776	10
469800	180
469824	47
469848	4
469866	2
469872	2
469896	3
469920	196
469944	4
469992	3
470040	34
470064	6
470088	1
470112	10
470160	65
470184	25
470202	1
470208	23
470232	1
470280	63
470304	22
470328	21
470400	575
470424	3
470448	4
470496	2
470520	102
470544	13
470592	5
470616	2
470640	116
470682	1
470688	8
470712	10
470760	16
470784	1
470808	5
470832	3
470856	5
470880	179
470904	7
470928	51
470976	3
471000	123
471048	5
471072	1
471096	2
471120	165
471144	35
471168	3
471192	5
471216	9
471240	30
471264	10
471288	5
471312	8
471360	77
471384	3
471402	2
471408	10
471432	2
471456	1
471480	31
471504	5
471528	6
471576	4
471600	287
471624	19
471672	2
471696	5
471720	94
471744	22
471768	1
471792	3
471816	4
471840	86
471864	4
471888	2
471912	1
471936	10
471960	39
471984	2
472008	4
472056	3
472080	37
472128	3
472176	5
472200	116
472224	20
472248	9
472296	1
472320	203
472344	33
472368	2
472392	23
472416	1
472440	55
472464	23
472488	1
472512	3
472560	31
472584	4
472608	3
472632	2
472656	15
472680	28
472728	34
472776	4
472800	244
472824	5
472848	10
472896	1
472920	135
472944	36
472986	1
472992	1
473016	1
473040	125
473064	13
473136	2
473160	29
473208	3
473232	13
473280	214
473304	7
473328	62
473376	11
473400	145
473424	7
473448	32
473520	206
473544	25
473568	1
473592	1
473616	4
473640	52
473664	7
473688	1
473712	4
473736	1
473760	83
473808	4
473832	3
473880	57
473904	4
473928	60
473952	1
473976	3
474000	183
474048	11
474072	1
474096	6
474120	117
474144	42
474240	119
474264	20
474288	8
474312	7
474360	48
474402	1
474408	1
474432	2
474480	163
474600	66
474648	15
474696	1
474720	183
474744	15
474768	1
474816	2
474840	55
474864	100
474888	5
474960	78
475002	1
475008	3
475080	59
475128	1
475152	1
475200	380
475224	1
475248	2
475320	150
475344	66
475368	6
475392	2
475440	139
475464	64
475488	2
475560	22
475584	6
475608	1
475680	201
475722	1
475728	25
475752	6
475800	73
475824	2
475848	6
475920	146
475944	36
475968	2
475992	11
476016	2
476040	51
476064	46
476136	6
476160	97
476184	4
476232	3
476256	23
476280	71
476298	3
476304	2
476328	2
476352	15
476376	5
476400	164
476448	26
476520	106
476544	25
476568	2
476640	124
476664	11
476712	3
476760	27
476784	1
476880	146
476904	7
476928	1
477000	159
477024	12
477048	32
477096	3
477120	145
477144	3
477216	1
477240	76
477264	39
477288	8
477312	2
477360	163
477432	1
477456	2
477480	104
477504	4
477528	6
477600	169
477624	4
477648	21
477696	1
477720	98
477744	46
477768	6
477792	1
477816	3
477840	123
477864	69
477888	5
477912	1
477936	2
477960	64
477984	23
478008	5
478080	278
478128	3
478152	12
478176	6
478200	61
478272	2
478320	93
478344	14
478368	8
478416	1
478440	58
478464	61
478512	5
478560	116
478584	15
478608	6
478632	4
478656	6
478680	57
478728	6
478776	1
478800	241
478824	8
478848	2
478872	4
478896	1
478920	78
478944	29
478968	4
478992	4
479040	68
479064	36
479136	3
479160	29
479184	50
479208	1
479232	3
479280	138
479328	3
479376	7
479400	130
479448	9
479472	4
479520	196
479616	1
479640	67
479664	26
479736	1
479760	76
479784	2
479808	5
479832	1
479856	16
479880	187
479904	1
479928	1
479976	2
480000	395
480024	2
480048	5
480072	4
480120	83
480144	2
480168	3
480192	6
480240	136
480264	21
480288	13
480330	4
480360	46
480384	18
480408	2
480432	1
480480	266
480504	4
480528	1
480600	129
480624	3
480672	1
480696	3
480720	98
480744	22
480768	6
480792	7
480840	49
480864	85
480888	3
480912	4
480960	271
480984	15
481056	1
481080	47
481128	1
481146	1
481152	1
481176	2
481200	142
481224	10
481248	3
481272	2
481296	3
481320	100
481344	7
481368	13
481392	4
481440	65
481464	45
481488	10
481512	1
481560	24
481584	46
481608	1
481680	156
481752	7
481776	9
481800	141
481848	5
481872	2
481920	105
481992	12
482040	18
482064	40
482088	5
482160	28
482184	16
482280	77
482304	12
482328	2
482400	464
482424	3
482448	5
482472	4
482496	8
482520	96
482544	1
482592	8
482616	1
482640	57
482664	25
482688	2
482712	1
482760	21
482784	25
482808	1
482856	5
482880	316
482904	29
482928	15
482976	3
483000	297
483048	3
483072	4
483096	4
483120	145
483144	14
483240	33
483264	2
483288	3
483312	4
483360	77
483384	19
483408	8
483480	92
483504	6
483600	419
483624	5
483648	1
483696	4
483720	84
483744	1
483768	14
483792	9
483840	237
483864	18
483888	1
483912	1
483960	28
483984	12
484008	4
484080	82
484104	5
484128	2
484176	1
484200	121
484224	4
484296	7
484320	152
484344	2
484368	12
484392	2
484440	15
484464	42
484488	1
484560	37
484584	25
484608	59
484632	1
484680	27
484704	3
484776	1
484800	217
484872	2
484896	11
484920	88
484944	9
484992	1
485040	69
485064	17
485088	13
485112	1
485160	19
485184	11
485208	9
485256	3
485280	262
485304	21
485328	21
485400	137
485424	10
485448	2
485472	1
485496	2
485520	171
485544	8
485616	6
485640	22
485664	2
485688	1
485712	4
485760	28
485784	37
485808	21
485880	60
485904	36
485928	16
486000	488
486024	10
486048	6
486096	2
486120	104
486144	11
486240	54
486312	2
486360	15
486384	13
486408	25
486456	2
486480	89
486504	2
486528	13
486600	204
486624	9
486696	3
486720	287
486744	6
486768	3
486792	6
486840	49
486864	11
486912	13
486960	25
487032	8
487080	30
487104	5
487128	8
487200	194
487224	1
487248	4
487296	5
487320	156
487344	28
487392	1
487440	125
487464	21
487488	2
487512	18
487560	14
487584	7
487602	1
487608	1
487680	99
487704	1
487728	16
487800	111
487824	12
487920	152
487944	27
487986	1
487992	2
488016	5
488040	59
488064	2
488088	3
488112	5
488160	127
488184	22
488208	6
488280	23
488304	2
488322	1
488328	25
488400	144
488424	7
488448	51
488472	1
488520	101
488544	40
488616	6
488640	98
488664	5
488736	1
488760	16
488784	35
488808	12
488832	2
488880	103
488904	29
488928	73
488976	2
489000	130
489024	11
489048	13
489120	144
489144	19
489168	1
489216	1
489240	57
489264	7
489288	7
489312	5
489360	59
489432	1
489456	2
489480	51
489504	1
489528	12
489600	483
489648	8
489696	14
489720	166
489744	21
489786	2
489840	102
489864	13
489912	11
489960	22
489984	7
490002	1
490008	1
490032	2
490080	160
490104	7
490128	10
490176	1
490200	99
490224	1
490248	6
490320	283
490344	25
490440	83
490464	46
490560	335
490584	8
490608	6
490632	1
490680	51
490704	7
490728	13
490752	2
490800	112
490824	3
490848	9
490920	92
490944	70
491016	1
491040	171
491064	57
491088	2
491160	37
491184	16
491232	7
491280	46
491304	4
491322	1
491328	42
491400	79
491424	34
491448	8
491520	119
491544	45
491640	57
491664	22
491760	83
491784	3
491832	1
491880	48
491904	7
491928	29
492000	225
492024	3
492048	29
492120	101
492144	17
492168	1
492240	127
492264	20
492312	18
492360	17
492432	1
492480	236
492528	41
492600	81
492648	27
492696	1
492720	175
492744	20
492792	1
492816	1
492840	77
492864	40
492960	232
492984	3
493080	88
493128	6
493200	178
493248	16
493320	135
493344	40
493368	17
493392	3
493440	112
493464	53
493560	60
493584	24
493632	5
493680	74
493704	1
493776	1
493800	43
493824	5
493848	24
493920	214
493944	39
493968	5
494016	2
494040	60
494064	109
494160	56
494184	10
494208	3
494232	6
494280	69
494304	1
494328	7
494376	1
494400	101
494448	26
494520	52
494544	3
494592	2
494616	1
494640	140
494664	35
494760	46
494784	29
494856	3
494880	76
494928	11
494952	11
494976	1
495000	152
495048	14
495072	5
495120	79
495144	16
495168	1
495240	63
495264	37
495312	1
495360	274
495384	13
495432	3
495480	113
495504	2
495528	17
495552	3
495600	215
495624	1
495648	21
495720	56
495744	7
495768	3
495840	125
495864	25
495912	2
495936	3
495960	69
495984	10
496032	3
496056	2
496080	185
496128	1
496176	15
496200	122
496248	17
496320	67
496344	4
496368	20
496440	48
496464	85
496488	26
496512	2
496560	88
496584	19
496608	9
496680	86
496704	2
496776	6
496800	191
496848	8
496896	1
496920	42
496944	32
496968	5
496992	3
497040	85
497064	71
497160	41
497184	41
497280	98
497304	6
497328	3
497352	2
497376	16
497400	60
497448	5
497472	4
497496	1
497520	108
497544	8
497568	5
497640	43
497664	19
497688	1
497760	96
497784	41
497808	4
497880	136
497904	39
497952	1
498000	374
498024	4
498048	17
498072	1
498120	65
498168	6
498192	19
498240	103
498264	35
498360	22
498384	40
498480	118
498504	4
498576	1
498600	272
498648	7
498672	1
498720	106
498744	1
498768	6
498840	24
498864	12
498888	5
498960	135
498984	25
499008	5
499032	1
499080	50
499104	1
499128	1
499200	250
499224	1
499248	12
499296	13
499320	55
499344	2
499368	36
499392	13
499440	23
499464	21
499488	11
499560	16
499584	14
499608	6
499680	119
499704	1
499776	5
499800	113
499896	3
499920	100
499944	13
499968	16
499992	3
500016	1
500040	17
500064	19
500088	3
500112	2
500160	194
500184	21
500208	10
500250	7
500280	29
500304	5
500376	1
500400	364
500448	5
500496	2
500520	87
500568	4
500592	2
500640	44
500664	36
500688	2
500760	16
500784	51
500880	54
500904	28
501000	149
501024	10
501048	5
501096	1
501120	160
501144	4
501168	4
501240	19
501264	11
501288	1
501360	25
501384	35
501408	8
501480	99
501504	36
501528	20
501576	12
501600	417
501624	8
501648	4
501672	3
501720	87
501768	7
501786	2
501792	2
501840	112
501864	15
501888	1
501912	30
501960	10
501984	17
502008	12
502080	177
502104	29
502128	10
502200	128
502224	5
502296	3
502320	215
502344	9
502368	12
502392	20
502440	36
502464	3
502488	3
502512	27
502560	156
502584	8
502608	8
502632	3
502680	37
502704	2
502728	1
502800	212
502824	3
502866	1
502896	2
502920	144
502944	11
502968	6
502992	3
503040	44
503064	27
503088	2
503112	6
503160	28
503184	36
503208	5
503232	3
503280	122
503304	9
503328	5
503400	109
503448	2
503496	11
503520	155
503544	10
503616	5
503640	24
503664	17
503688	2
503712	3
503760	21
503784	37
503808	30
503880	43
503904	28
503928	9
504000	410
504024	5
504048	1
504096	7
504120	89
504144	35
504162	1
504240	85
504264	5
504312	6
504360	5
504384	21
504408	10
504432	2
504480	72
504504	34
504528	51
504600	129
504624	8
504648	4
504720	194
504744	9
504816	1
504840	56
504864	2
504888	18
504912	20
504936	3
504960	161
504984	31
505008	20
505080	48
505104	24
505128	23
505200	224
505224	2
505248	7
505296	1
505320	150
505344	2
505368	14
505392	3
505416	3
505440	299
505464	3
505512	8
505560	23
505584	5
505608	12
505632	10
505680	49
505704	3
505728	12
505776	2
505800	84
505824	3
505848	11
505896	6
505920	184
505944	5
505968	2
505992	1
506040	49
506064	36
506112	8
506160	92
506184	9
506208	10
506232	2
506280	14
506304	5
506328	21
506400	114
506424	22
506448	4
506496	2
506520	94
506544	30
506616	1
506640	98
506664	19
506712	6
506760	23
506784	14
506832	6
506880	100
506904	16
506928	31
507000	59
507024	12
507048	4
507096	1
507120	76
507144	37
507168	1
507216	10
507240	70
507264	25
507312	2
507360	41
507384	16
507408	3
507432	3
507456	35
507480	6
507504	19
507522	1
507528	38
507552	3
507600	329
507624	3
507648	65
507720	78
507744	19
507768	2
507816	4
507840	166
507864	5
507912	7
507960	35
507984	4
508008	2
508032	5
508080	91
508104	5
508128	15
508200	98
508224	28
508248	11
508320	219
508344	13
508368	43
508392	1
508440	68
508464	6
508512	1
508560	57
508584	1
508608	1
508632	5
508680	42
508728	18
508800	82
508824	3
508848	17
508920	118
508944	3
509040	154
509064	27
509088	1
509112	17
509160	75
509184	4
509232	9
509280	56
509328	14
509400	56
509424	13
509448	19
509520	126
509544	25
509568	3
509616	4
509640	66
509664	31
509760	261
509784	9
509808	1
509832	7
509880	32
509904	5
509928	16
509952	10
510000	105
510024	2
510048	23
510120	31
510144	29
510168	1
510240	70
510264	37
510360	17
510384	32
510432	3
510456	2
510480	78
510528	38
510552	2
510600	124
510624	37
510648	20
510720	45
510744	4
510768	5
510840	55
510864	51
510888	1
510912	2
510936	2
510960	53
510984	14
511056	1
511080	30
511104	2
511128	1
511152	2
511176	1
511200	236
511248	30
511320	36
511344	12
511368	18
511440	71
511464	24
511488	2
511536	3
511560	51
511584	6
511632	2
511680	60
511704	2
511728	15
511776	5
511800	41
511848	35
511920	136
511944	7
511968	26
512040	46
512064	34
512088	11
512136	3
512160	92
512184	9
512232	3
512280	42
512304	2
512328	5
512400	68
512448	21
512520	46
512544	9
512568	9
512592	4
512640	232
512664	24
512736	1
512760	19
512784	23
512832	3
512880	96
512904	1
512952	9
512976	1
513000	138
513024	2
513048	5
513072	4
513120	32
513144	8
513168	7
513240	32
513264	63
513360	89
513384	22
513408	5
513480	100
513504	8
513528	2
513552	2
513576	1
513600	348
513648	22
513696	1
513720	16
513744	2
513768	1
513840	48
513864	50
513888	1
513960	30
513984	50
514080	116
514104	9
514128	1
514200	45
514248	30
514296	8
514320	49
514344	6
514368	13
514440	40
514464	30
514488	1
514536	1
514560	144
514584	17
514608	4
514680	33
514704	5
514728	4
514752	1
514800	214
514848	9
514896	1
514920	52
514944	1
514968	29
514992	3
515040	83
515064	16
515088	31
515160	20
515184	23
515232	9
515280	80
515304	3
515376	13
515400	85
515448	1
515472	1
515496	7
515520	94
515544	3
515568	24
515592	1
515640	9
515664	17
515688	13
515712	6
515760	15
515784	38
515880	59
515904	13
515952	5
515976	7
516000	273
516024	3
516048	2
516096	2
516120	24
516144	2
516168	1
516216	4
516240	96
516264	34
516288	2
516360	30
516384	50
516456	1
516480	114
516504	25
516528	5
516552	13
516576	8
516600	180
516624	3
516648	5
516672	2
516696	1
516720	63
516744	8
516768	5
516840	9
516864	20
516960	101
516984	54
517008	1
517080	41
517104	15
517128	4
517200	268
517224	10
517248	9
517296	1
517320	94
517368	11
517440	173
517464	13
517488	2
517512	2
517554	1
517560	25
517584	15
517608	10
517680	141
517704	10
517728	1
517800	95
517848	2
517896	5
517920	150
517968	24
517992	10
518040	14
518064	5
518088	7
518112	2
518160	25
518184	25
518208	2
518232	1
518256	3
518280	23
518304	4
518328	1
518400	346
518424	1
518448	3
518496	28
518520	72
518568	24
518592	4
518640	22
518664	8
518688	11
518712	6
518760	26
518784	25
518808	2
518832	13
518880	68
518904	13
518952	2
518976	1
519000	102
519096	4
519120	167
519144	10
519168	2
519192	4
519216	1
519240	35
519264	11
519288	4
519312	1
519360	72
519384	26
519408	6
519480	23
519504	27
519576	12
519600	308
519624	1
519648	4
519696	8
519720	66
519744	7
519768	4
519816	7
519840	82
519864	9
519888	39
519912	14
519960	18
519984	41
520008	3
520056	8
520080	35
520104	39
520128	4
520200	211
520224	10
520248	3
520272	1
520296	6
520320	184
520368	6
520392	3
520416	2
520440	33
520464	3
520488	1
520560	64
520584	27
520608	4
520680	54
520704	23
520728	8
520776	1
520800	192
520824	8
520848	2
520896	1
520920	149
520944	4
520968	7
520992	8
521016	4
521040	68
521064	3
521088	2
521112	38
521160	19
521184	14
521208	4
521280	68
521304	8
521328	12
521400	59
521424	10
521448	6
521496	4
521520	162
521568	7
521592	3
521616	4
521640	61
521664	1
521688	17
521712	6
521760	5
521784	14
521808	4
521832	8
521880	9
521904	12
521928	1
521976	4
522000	215
522024	1
522096	2
522120	68
522144	20
522168	1
522216	3
522240	80
522264	11
522312	12
522360	40
522384	9
522408	1
522432	7
522480	41
522504	14
522528	6
522600	91
522624	5
522648	4
522696	3
522720	150
522744	7
522816	1
522840	53
522864	9
522912	21
522936	1
522960	29
522984	10
523008	13
523080	50
523104	33
523128	2
523152	3
523200	153
523224	21
523248	3
523296	3
523320	70
523344	8
523368	3
523416	6
523440	130
523464	3
523512	8
523536	1
523560	19
523584	11
523608	2
523680	135
523704	7
523728	30
523800	61
523824	10
523848	6
523896	3
523920	190
523944	4
523968	6
524040	37
524064	7
524112	13
524160	61
524184	2
524208	14
524232	3
524268	1
524280	28
524304	5
524328	16
524376	3
524400	34
524448	48
524496	2
524520	103
524544	5
524568	4
524640	111
524664	1
524712	5
524760	16
524784	2
524832	13
524880	87
524928	20
524952	3
525000	57
525048	3
525120	102
525144	6
525168	1
525216	16
525240	64
525264	2
525312	8
525360	33
525384	3
525432	8
525480	31
525504	17
525528	21
525552	7
525600	227
525624	6
525642	8
525648	4
525672	20
525696	10
525720	28
525744	6
525816	6
525840	97
525864	14
525912	6
525960	12
525984	17
526032	6
526080	92
526104	8
526128	7
526152	1
526200	91
526224	3
526248	3
526320	147
526344	11
526368	1
526416	2
526440	16
526464	10
526536	4
526560	27
526584	5
526632	1
526680	18
526728	14
526800	117
526848	38
526920	32
526944	12
526968	2
527016	2
527040	139
527064	40
527088	1
527136	5
527160	12
527184	8
527208	18
527232	6
527280	29
527304	1
527328	10
527400	57
527424	3
527448	31
527520	72
527544	9
527568	11
527640	59
527664	4
527688	2
527712	2
527760	88
527784	1
527808	2
527832	10
527880	27
527904	34
527928	18
527952	3
528000	156
528048	17
528120	38
528144	11
528168	18
528216	1
528240	91
528264	6
528288	5
528312	1
528336	1
528360	33
528384	13
528432	6
528480	67
528504	2
528528	24
528552	9
528600	57
528648	9
528672	1
528720	40
528744	7
528768	1
528816	1
528840	27
528864	11
528936	1
528960	32
528984	12
529032	10
529080	23
529104	2
529128	1
529152	7
529176	2
529200	322
529248	17
529296	2
529320	18
529344	14
529368	4
529416	1
529440	55
529464	31
529536	1
529560	21
529584	19
529680	118
529704	4
529728	4
529752	4
529800	82
529848	16
529920	108
529944	4
529968	14
530040	3
530064	50
530154	1
530160	42
530184	36
530232	4
530280	10
530328	3
530352	1
530400	167
530448	31
530520	44
530544	5
530568	21
530640	89
530664	17
530688	18
530712	1
530736	1
530760	11
530784	3
530832	6
530856	1
530880	27
530904	3
530928	17
530952	5
531000	47
531048	11
531120	56
531144	59
531168	10
531240	11
531264	7
531288	14
531336	1
531360	61
531384	14
531408	1
531432	2
531480	7
531504	8
531528	1
531552	13
531576	1
531600	215
531624	1
531648	7
531720	38
531744	3
531768	8
531792	1
531840	33
531864	17
531888	1
531912	1
531960	20
531984	20
532080	107
532104	9
532152	10
532176	1
532200	199
532224	1
532248	6
532296	5
532320	37
532344	1
532368	17
532440	28
532464	33
532536	1
532560	12
532584	44
532656	2
532680	49
532704	13
532776	1
532800	278
532824	5
532848	8
532872	6
532896	1
532920	50
532944	1
532968	14
532992	1
533040	31
533064	21
533088	1
533160	12
533184	38
533256	4
533280	24
533304	15
533328	2
533352	11
533400	48
533448	7
533466	1
533520	200
533544	8
533568	25
533640	15
533664	5
533688	5
533760	59
533784	20
533808	1
533880	12
533904	17
533952	3
534000	97
534024	1
534048	3
534120	73
534144	26
534168	24
534192	1
534240	107
534264	23
534288	21
534360	1
534384	8
534402	1
534408	2
534432	1
534480	64
534504	5
534552	3
534576	18
534600	135
534624	2
534648	2
534696	3
534720	52
534768	21
534792	2
534816	1
534840	24
534864	5
534888	4
534912	1
534960	38
534984	23
535002	2
535008	16
535080	37
535104	13
535152	4
535200	309
535224	1
535272	3
535296	8
535320	77
535368	8
535392	1
535440	44
535464	10
535488	1
535560	5
535584	20
535608	5
535680	182
535704	27
535800	117
535824	8
535848	1
535896	1
535920	207
535944	2
535968	11
535992	2
536016	1
536040	29
536064	2
536088	1
536136	6
536160	35
536184	22
536208	2
536280	18
536304	22
536400	197
536424	3
536520	83
536544	23
536568	2
536640	72
536664	8
536688	4
536760	22
536784	23
536832	4
536880	81
536904	23
536928	1
536976	1
537000	22
537018	1
537024	5
537096	1
537120	150
537144	2
537168	10
537192	9
537216	4
537240	36
537264	50
537288	7
537312	1
537360	57
537384	16
537408	4
537432	1
537480	35
537504	5
537528	2
537552	2
537600	158
537618	1
537648	3
537672	1
537696	9
537720	36
537768	5
537840	92
537864	4
537912	4
537960	11
537984	7
538080	44
538104	5
538152	2
538200	93
538224	4
538296	4
538320	128
538368	8
538392	1
538416	5
538440	33
538560	49
538584	3
538608	9
538632	1
538680	14
538704	14
538728	1
538800	147
538824	9
538896	1
538920	101
538968	3
539016	4
539040	68
539064	4
539088	2
539136	24
539160	10
539184	9
539208	1
539280	90
539304	15
539400	54
539424	4
539448	3
539496	11
539520	148
539544	4
539568	1
539592	1
539616	1
539640	38
539664	4
539688	7
539760	31
539784	3
539808	15
539832	1
539880	16
539904	8
539928	2
540000	311
540024	1
540048	1
540120	37
540144	8
540168	2
540216	2
540240	99
540264	32
540288	1
540312	7
540360	21
540384	2
540402	1
540432	1
540480	10
540504	1
540528	14
540600	39
540624	1
540648	3
540696	3
540720	105
540744	2
540792	2
540840	50
540864	1
540912	4
540960	25
540984	24
541032	11
541080	11
541104	2
541200	121
541224	9
541248	5
541320	38
541344	1
541416	6
541440	124
541512	4
541536	5
541560	10
541608	3
541632	4
541680	83
541704	4
541728	10
541752	6
541800	64
541824	1
541896	3
541920	99
541938	1
542016	3
542040	21
542064	2
542088	4
542112	3
542136	3
542160	33
542184	3
542232	2
542280	70
542400	76
542424	5
542496	5
542520	75
542544	2
542616	3
542640	82
542664	6
542688	5
542712	3
542736	2
542760	10
542832	3
542880	78
542904	1
542928	12
542976	3
543000	17
543048	4
543120	83
543144	6
543168	2
543216	2
543240	61
543264	1
543288	1
543312	1
543360	10
543432	7
543456	1
543480	1
543528	7
543600	116
543648	33
543720	44
543744	3
543816	1
543840	94
543912	1
543960	26
543984	19
544008	2
544032	14
544080	44
544128	3
544152	6
544200	98
544224	6
544248	4
544320	163
544344	4
544368	36
544416	2
544440	38
544464	2
544488	14
544512	2
544536	2
544560	9
544608	16
544632	2
544680	2
544704	4
544728	7
544752	3
544800	184
544848	2
544920	35
544944	4
544992	1
545016	4
545040	65
545064	2
545112	2
545136	7
545154	2
545160	7
545184	5
545208	18
545232	1
545280	125
545304	1
545328	1
545352	4
545400	60
545424	2
545448	9
545472	2
545520	73
545544	9
545568	6
545592	1
545616	2
545640	23
545664	10
545688	1
545736	3
545760	54
545784	7
545808	7
545832	3
545880	6
545904	1
545928	3
545976	1
546000	158
546024	1
546048	15
546120	54
546144	8
546168	7
546216	1
546240	70
546264	27
546360	15
546384	3
546432	3
546480	21
546504	4
546552	3
546600	65
546648	16
546720	39
546744	3
546768	19
546816	9
546840	58
546864	9
546888	1
546936	4
546960	65
546984	14
547032	9
547080	15
547128	1
547152	7
547200	340
547248	6
547272	3
547320	27
547344	5
547368	16
547386	2
547440	44
547464	2
547488	26
547560	10
547584	1
547632	1
547680	39
547704	3
547728	16
547752	8
547800	66
547824	1
547848	10
547872	1
547920	134
547944	2
547968	4
548040	10
548064	15
548136	2
548160	19
548184	6
548208	9
548232	2
548280	62
548304	2
548328	1
548352	1
548400	182
548448	10
548472	4
548520	50
548544	1
548568	2
548592	6
548616	2
548640	91
548664	7
548688	1
548736	5
548760	12
548784	10
548856	1
548880	51
548904	5
548952	2
549000	85
549024	3
549048	1
549120	74
549144	2
549168	10
549240	25
549264	13
549336	2
549360	55
549384	17
549408	1
549480	5
549504	3
549552	3
549600	148
549648	5
549720	72
549744	1
549768	9
549840	49
549864	8
549888	7
549960	13
549984	21
550002	1
550008	1
550080	169
550104	3
550128	9
550152	3
550200	86
550248	4
550272	2
550320	76
550344	36
550368	17
550440	10
550464	3
550488	6
550560	19
550584	5
550608	8
550656	7
550680	4
550704	1
550728	12
550752	3
550800	310
550824	6
550848	12
550872	2
550920	86
550968	5
550992	1
551040	18
551064	6
551088	6
551160	6
551184	5
551208	5
551280	54
551304	6
551352	3
551376	2
551400	90
551424	1
551448	9
551520	129
551568	6
551640	6
551664	3
551688	3
551760	16
551784	8
551880	14
551904	11
552000	192
552024	1
552048	1
552096	1
552120	111
552168	1
552216	2
552240	77
552264	5
552288	5
552336	3
552360	15
552384	6
552480	8
552504	10
552600	44
552618	1
552624	2
552672	1
552720	89
552744	13
552768	4
552840	10
552864	2
552888	1
552960	193
552984	6
553008	2
553056	6
553080	1
553104	6
553200	93
553224	2
553272	2
553320	96
553344	4
553368	5
553440	61
553464	13
553488	2
553560	11
553680	68
553704	1
553728	1
553800	51
553824	1
553848	7
553872	2
553920	151
553968	3
553992	1
554040	32
554064	22
554136	1
554160	6
554184	2
554280	19
554304	3
554400	207
554472	1
554496	8
554520	97
554568	2
554616	1
554640	93
554664	6
554688	2
554760	3
554784	1
554880	11
554904	3
554922	2
555000	49
555024	2
555120	117
555144	6
555168	1
555192	2
555240	28
555264	6
555360	46
555384	1
555456	10
555480	5
555504	3
555600	61
555720	53
555840	143
555864	15
555912	6
555960	21
555984	4
556002	2
556056	3
556080	44
556200	48
556296	10
556320	81
556440	36
556464	28
556560	47
556584	2
556608	7
556680	23
556728	1
556800	77
556848	6
556920	55
557040	94
557064	14
557088	3
557112	2
557160	5
557184	11
557208	4
557280	89
557304	10
557328	3
557400	61
557424	1
557520	126
557616	6
557640	48
557688	1
557760	19
557784	2
557808	1
557832	7
557880	46
557904	2
557922	1
557976	1
558000	264
558096	2
558120	46
558216	2
558240	152
558288	1
558336	11
558360	27
558384	1
558480	52
558528	15
558600	7
558672	6
558720	111
558840	87
558864	82
558912	2
558936	1
558960	40
559008	1
559056	21
559080	12
559200	50
559224	3
559296	1
559320	40
559368	1
559416	2
559440	190
559464	9
559512	2
559560	13
559584	15
559680	50
559704	4
559728	6
559800	58
559824	3
559848	2
559920	68
559938	1
559968	1
560016	1
560040	30
560064	1
560160	100
560184	10
560208	3
560232	4
560280	62
560304	2
560328	1
560352	1
560400	128
560424	5
560448	13
560520	45
560538	2
560544	2
560616	2
560640	68
560736	3
560760	11
560784	13
560808	1
560832	6
560880	105
560904	1
560928	2
560952	6
560976	1
561000	50
561024	1
561048	1
561096	2
561120	87
561144	1
561192	2
561216	1
561240	72
561312	1
561360	16
561432	2
561480	63
561528	6
561600	256
561648	2
561672	2
561696	3
561720	60
561816	1
561840	105
561864	43
561960	47
561984	4
562008	1
562056	5
562080	104
562176	7
562200	47
562320	69
562344	6
562368	2
562416	2
562440	52
562464	2
562488	1
562560	26
562584	46
562632	2
562680	11
562752	2
562800	152
562848	3
562920	37
562968	1
563016	1
563040	124
563064	7
563160	35
563184	8
563208	1
563232	1
563280	53
563328	1
563352	1
563400	69
563448	2
563520	86
563568	16
563616	1
563640	18
563664	1
563736	1
563760	41
563808	5
563880	40
563904	13
563928	1
563952	1
564000	187
564048	2
564072	2
564096	2
564120	70
564144	4
564168	1
564240	96
564264	4
564288	7
564336	5
564360	17
564408	1
564456	1
564480	173
564504	13
564552	3
564600	65
564648	2
564672	1
564720	40
564792	3
564816	2
564840	52
564858	1
564864	2
564912	6
564936	3
564960	106
564984	2
565032	4
565080	5
565104	1
565200	113
565320	24
565344	3
565368	3
565440	85
565464	3
565488	1
565536	1
565560	39
565584	16
565680	24
565800	77
565824	2
565872	1
565896	1
565920	107
566040	23
566064	1
566088	2
566136	1
566160	30
566184	6
566280	13
566304	6
566400	229
566424	10
566448	2
566472	2
566520	64
566568	7
566640	54
566688	4
566760	5
566880	78
566904	15
566928	23
566952	1
567000	138
567048	1
567120	149
567240	17
567288	3
567360	173
567408	1
567480	2
567504	5
567528	2
567576	1
567600	108
567624	1
567672	2
567720	49
567816	2
567840	98
567960	7
567984	1
568032	4
568056	3
568080	38
568200	50
568224	3
568320	94
568344	4
568368	4
568440	41
568488	1
568560	20
568584	4
568680	3
568704	1
568800	129
568824	1
568848	2
568920	76
569040	52
569160	8
569184	3
569280	8
569304	1
569328	16
569376	1
569400	49
569520	187
569544	10
569640	14
569688	1
569760	12
569880	11
569904	12
569928	3
570000	135
570024	4
570048	4
570120	68
570144	10
570240	202
570360	7
570432	4
570480	24
570600	42
570624	2
570648	16
570720	139
570768	2
570840	54
570864	6
570960	61
570984	9
571200	77
571224	5
571272	1
571296	1
571320	67
571344	12
571368	1
571440	58
571464	9
571560	6
571680	23
571728	12
571752	2
571800	21
571920	119
571944	14
571992	1
572040	75
572064	11
572160	37
572184	1
572280	4
572400	130
572448	14
572520	55
572544	3
572568	1
572640	86
572664	2
572760	10
572880	20
572904	7
573000	120
573048	22
573120	128
573240	75
573264	10
573288	1
573360	33
573480	17
573600	61
573624	3
573720	94
573744	39
573768	3
573840	180
573864	22
573888	1
573912	1
573960	28
573984	2
574080	25
574200	11
574320	98
574368	10
574416	1
574440	64
574464	33
574560	128
574584	3
574608	8
574680	4
574800	27
574920	104
574944	6
574968	1
575040	137
575064	20
575112	2
575136	7
575160	11
575184	3
575280	48
575304	2
575400	8
575448	11
575520	46
575568	1
575640	42
575664	14
575760	36
575832	1
575880	30
575904	1
576000	257
576048	1
576120	60
576168	7
576216	1
576240	132
576360	23
576384	6
576480	35
576600	76
576720	89
576840	103
576864	12
576960	163
576984	10
577080	53
577104	1
577122	1
577200	53
577224	2
577320	25
577368	18
577440	134
577464	39
577488	1
577536	1
577560	48
577584	67
577608	1
577632	1
577680	36
577728	4
577752	3
577800	9
577920	59
578040	80
578064	38
578088	1
578112	1
578160	60
578184	7
578256	2
578280	22
578400	44
578448	5
578520	28
578640	76
578664	6
578760	13
578784	17
578880	118
578922	2
578976	9
579000	58
579120	64
579168	3
579240	65
579336	1
579360	106
579384	16
579480	13
579600	283
579648	1
579720	28
579738	1
579768	8
579840	89
579888	5
579960	27
579984	4
580080	72
580104	2
580200	57
580320	137
580344	1
580368	3
580440	68
580458	1
580464	32
580488	11
580560	82
580584	16
580680	40
580704	2
580800	45
580896	3
580920	26
580992	1
581040	105
581088	17
581160	45
581184	18
581280	44
581304	4
581400	44
581424	1
581448	1
581520	39
581640	52
581760	155
581784	28
581832	1
581880	7
581904	8
582000	66
582120	42
582240	108
582360	9
582384	19
582480	88
582504	13
582600	66
582696	8
582720	79
582840	28
582960	33
583080	26
583104	9
583200	347
583320	70
583440	61
583458	1
583464	2
583488	2
583512	7
583560	56
583584	2
583608	2
583680	18
583704	3
583800	23
583920	112
583944	2
584016	2
584040	33
584160	40
584184	13
584208	1
584280	6
584304	2
584400	91
584424	3
584520	47
584616	1
584640	104
584760	11
584784	27
584808	3
584880	20
584904	8
584928	7
585000	74
585048	1
585120	77
585240	17
585360	66
585480	14
585504	39
585528	3
585600	58
585624	22
585648	3
585720	70
585840	61
585912	7
585960	7
586080	69
586104	9
586128	1
586200	56
586320	114
586416	4
586440	45
586560	17
586584	1
586608	2
586680	5
586728	4
586800	115
586824	2
586920	86
587016	1
587040	123
587064	8
587160	15
587184	6
587232	2
587280	4
587328	22
587400	36
587424	6
587520	199
587544	1
587568	1
587640	27
587664	1
587736	3
587760	40
587784	4
587808	5
587856	1
587880	19
587904	3
587928	1
588000	175
588024	5
588048	16
588120	68
588144	2
588240	82
588264	1
588288	4
588354	1
588360	12
588480	5
588504	45
588528	8
588600	11
588624	6
588648	1
588720	94
588744	10
588768	1
588840	61
588960	62
589032	3
589080	6
589128	1
589200	59
589224	5
589248	3
589296	2
589320	81
589344	9
589440	140
589464	9
589560	8
589632	2
589680	51
589800	25
589824	10
589848	1
589920	132
590040	119
590064	10
590160	16
590184	2
590280	3
590400	60
590424	3
590448	7
590520	68
590544	13
590568	1
590640	107
590664	8
590688	1
590760	12
590784	1
590880	20
590904	3
590952	3
591000	3
591048	25
591120	83
591144	1
591168	2
591240	75
591264	6
591360	33
591384	3
591504	8
591528	7
591552	1
591600	104
591624	2
591648	21
591720	54
591744	1
591768	2
591840	181
591912	1
591960	27
592032	4
592080	18
592104	1
592200	11
592224	2
592248	14
592320	66
592344	1
592440	89
592464	20
592560	72
592584	13
592680	12
592800	22
592824	9
592920	46
593040	124
593064	13
593136	2
593160	52
593184	8
593280	47
593352	2
593400	5
593520	54
593544	10
593568	5
593640	82
593664	12
593760	59
593784	8
593880	6
593952	5
594000	159
594048	35
594120	20
594144	1
594168	4
594240	175
594264	8
594360	38
594384	6
594480	14
594504	2
594600	100
594648	6
594672	3
594720	66
594768	3
594840	47
594864	12
594888	3
594960	51
594984	4
595080	18
595200	72
595224	2
595248	1
595320	31
595368	5
595440	108
595464	1
595560	35
595584	4
595680	49
595800	16
595920	78
595968	15
596040	75
596064	1
596088	4
596160	145
596184	3
596280	19
596400	33
596520	18
596568	4
596640	109
596664	27
596688	1
596760	46
596784	23
596880	69
596904	3
596976	3
597000	17
597048	2
597120	87
597240	38
597264	13
597288	1
597360	52
597384	14
597480	20
597504	35
597528	2
597576	1
597600	208
597720	13
597768	2
597840	51
597888	1
597960	33
597984	31
598080	29
598104	4
598200	61
598320	75
598368	7
598440	31
598512	1
598560	83
598584	6
598680	20
598704	2
598800	32
598842	2
598896	3
598920	63
598968	16
599040	83
599064	4
599088	14
599112	1
599160	31
599184	10
599280	61
599400	45
599496	1
599520	40
599640	34
599664	17
599688	7
599760	89
599784	7
599880	36
599904	8
599976	8
600000	142
600120	21
600240	36
600288	5
600360	27
600378	1
600384	30
600480	84
600504	24
600600	22
600624	1
600648	1
600720	34
600840	25
600912	6
600960	12
600984	12
601080	2
601104	20
601128	2
601200	172
601224	1
601320	34
601368	5
601392	4
601440	38
601512	4
601560	20
601584	19
601632	1
601680	36
601704	20
601752	11
601800	26
601824	1
601920	144
602016	3
602040	29
602088	16
602160	28
602184	4
602208	32
602280	19
602304	14
602400	55
602520	80
602616	1
602640	86
602688	4
602760	14
602784	1
602808	1
602880	25
602904	9
602928	2
603000	39
603120	78
603240	18
603360	18
603384	20
603408	4
603480	7
603504	28
603600	86
603624	3
603720	35
603744	1
603768	1
603816	3
603840	38
603912	3
603960	4
604008	1
604080	38
604104	16
604128	2
604200	27
604224	21
604320	45
604344	1
604440	37
604560	15
604632	4
604680	3
604704	26
604728	2
604800	220
604824	2
604920	43
605016	3
605040	58
605088	2
605160	27
605280	6
605304	7
605352	4
605400	28
605424	4
605520	144
605592	1
605616	11
605640	48
605664	1
605760	18
605784	1
605808	1
605832	2
605880	9
605904	1
605928	1
606000	36
606024	1
606048	3
606120	65
606216	3
606240	182
606264	5
606336	2
606360	4
606408	2
606480	35
606504	14
606600	92
606624	3
606648	2
606720	92
606744	2
606840	58
606864	1
606936	1
606960	55
607032	1
607080	1
607104	28
607128	3
607200	68
607224	7
607248	3
607320	31
607344	1
607368	2
607440	69
607464	3
607536	1
607560	3
607632	2
607680	26
607704	7
607800	4
607824	11
607848	7
607920	49
607968	12
608040	76
608160	39
608232	8
608280	3
608352	2
608400	65
608424	20
608448	5
608520	43
608544	16
608616	1
608640	100
608664	9
608760	25
608832	2
608880	26
609000	1
609024	13
609048	5
609120	158
609240	76
609264	5
609360	54
609384	4
609480	3
609504	4
609600	79
609648	2
609720	26
609744	1
609840	130
609864	5
609960	38
609984	4
610080	8
610104	11
610128	13
610152	1
610248	12
610320	37
610344	1
610440	40
610464	2
610560	81
610584	1
610632	6
610680	9
610728	1
610752	1
610800	27
610824	6
610848	13
610920	49
610944	4
610968	14
611040	85
611064	3
611160	25
611184	1
611280	33
611352	1
611400	5
611424	11
611448	3
611520	37
611544	4
611568	10
611640	65
611664	1
611688	1
611760	60
611784	3
611856	1
611880	19
611952	4
612000	133
612024	3
612048	1
612120	19
612168	2
612240	69
612264	4
612288	2
612306	4
612360	33
612384	4
612480	24
612504	6
612552	8
612600	76
612648	1
612720	56
612744	4
612768	1
612840	50
612864	12
612960	84
612984	6
613080	15
613104	2
613152	1
613200	205
613224	1
613248	16
613368	1
613440	77
613464	5
613560	28
613584	16
613656	1
613680	39
613704	2
613800	10
613824	1
613842	1
613920	38
613968	33
614040	27
614064	2
614088	3
614160	56
614184	4
614280	11
614400	13
614424	2
614472	1
614520	45
614568	16
614640	55
614664	2
614688	7
614760	32
614784	3
614808	17
614880	40
614904	1
614952	4
614976	1
615000	9
615120	24
615168	6
615240	20
615264	1
615288	4
615360	50
615384	3
615480	18
615504	5
615600	84
615672	2
615720	7
615768	4
615840	26
615864	15
615888	2
615960	34
615984	14
616080	79
616104	3
616200	78
616224	3
616272	10
616320	95
616440	16
616464	2
616560	27
616584	20
616680	16
616704	6
616800	43
616896	18
616920	34
616968	11
617040	76
617088	7
617160	17
617184	10
617280	11
617304	8
617400	10
617520	88
617568	7
617640	3
617688	7
617760	55
617784	14
617808	5
617880	15
617904	8
618000	15
618120	28
618168	16
618216	1
618240	34
618288	11
618360	11
618384	6
618432	2
618480	54
618504	6
618600	15
618624	2
618720	36
618816	2
618840	13
618888	11
618960	18
618984	7
619008	6
619080	16
619104	19
619128	4
619200	312
619224	3
619272	1
619320	21
619440	9
619512	12
619560	5
619584	28
619608	2
619680	30
619704	36
619800	26
619824	10
619896	2
619920	106
619968	3
619992	3
620040	27
620088	2
620160	1
620184	6
620232	1
620280	3
620304	24
620400	15
620424	24
620520	44
620568	1
620640	94
620688	11
620760	3
620784	2
620880	11
620904	10
621000	8
621024	4
621120	42
621216	1
621240	43
621288	3
621360	24
621384	1
621480	14
621504	8
621600	44
621720	20
621816	2
621840	64
621888	5
621960	8
621984	1
622008	11
622032	1
622080	64
622104	13
622128	4
622200	39
622224	5
622320	53
622344	1
622440	15
622512	1
622536	3
622560	25
622584	4
622608	12
622704	22
622800	81
622824	4
622848	1
622920	49
622944	1
622968	3
623040	83
623136	1
623208	1
623280	1
623304	15
623400	10
623424	23
623520	127
623544	8
623640	13
623688	2
623736	3
623760	8
623880	1
623904	8
624000	6
624024	13
624048	1
624120	33
624144	9
624240	136
624288	4
624360	18
624408	2
624432	6
624480	1
624504	6
624552	1
624600	3
624624	8
624720	34
624840	61
624960	63
625008	8
625080	1
625128	2
625152	1
625200	114
625224	2
625320	30
625440	76
625464	4
625536	1
625560	19
625608	7
625656	3
625680	19
625704	8
625800	35
625824	9
625920	31
625944	1
626040	30
626160	22
626280	1
626304	10
626328	2
626352	1
626400	103
626424	11
626448	3
626520	16
626544	4
626568	1
626640	46
626664	3
626712	4
626760	12
626808	1
626832	2
626880	13
626904	2
627024	14
627048	7
627120	81
627144	15
627216	1
627240	21
627360	29
627432	1
627480	4
627552	6
627600	88
627624	9
627720	4
627744	5
627768	2
627840	124
627936	8
627960	32
628008	1
628032	1
628080	26
628152	2
628200	65
628224	5
628272	2
628320	23
628440	34
628536	3
628560	93
628584	2
628680	4
628704	1
628752	1
628800	89
628824	2
628920	43
628968	1
629040	45
629064	1
629136	4
629160	32
629256	1
629280	69
629304	2
629328	1
629352	3
629400	10
629424	3
629448	1
629520	53
629544	7
629568	2
629640	19
629664	3
629760	23
629784	1
629808	1
629856	2
629880	20
630000	56
630024	2
630048	8
630120	16
630144	2
630168	6
630240	50
630264	1
630360	16
630384	1
630480	15
630552	4
630600	30
630624	1
630720	49
630768	5
630840	11
630864	1
630888	2
630960	18
630984	1
631080	9
631152	8
631200	115
631272	10
631320	9
631368	5
631440	70
631560	19
631584	6
631656	1
631680	20
631704	4
631800	100
631920	76
631944	7
631968	13
632040	23
632064	5
632160	60
632184	4
632256	1
632280	8
632304	5
632400	75
632424	5
632448	1
632472	2
632520	45
632568	2
632592	2
632640	7
632664	3
632760	4
632784	5
632856	1
632880	39
633000	2
633120	42
633168	30
633240	6
633264	10
633360	5
633384	4
633480	3
633504	7
633552	4
633576	1
633600	61
633648	2
633720	2
633768	3
633816	1
633840	60
633888	12
633960	2
633984	3
634080	13
634152	1
634200	28
634272	4
634320	45
634368	4
634488	6
634560	13
634584	7
634608	3
634680	3
634704	2
634800	83
634872	2
634920	28
634968	6
634992	1
635040	106
635064	1
635088	2
635160	3
635184	2
635280	66
635304	3
635400	5
635424	3
635520	82
635568	2
635640	13
635688	2
635760	15
635784	10
635880	1
635904	5
636000	7
636024	2
636120	48
636168	3
636240	39
636288	10
636384	6
636480	36
636504	24
636600	1
636624	3
636720	4
636744	1
636768	2
636816	6
636840	17
636888	16
636960	1
636984	5
637008	3
637080	4
637104	6
637176	1
637200	97
637320	1
637368	4
637440	27
637560	21
637584	2
637608	6
637680	6
637704	3
637728	26
637800	13
637824	2
637872	2
637920	91
638040	7
638088	7
638160	12
638184	2
638208	2
638280	28
638304	5
638400	112
638424	4
638520	43
638544	2
638592	1
638640	71
638688	3
638736	1
638784	1
638808	2
638880	9
638904	19
639000	22
639024	2
639048	1
639120	103
639144	1
639192	5
639240	24
639288	1
639360	95
639432	1
639504	20
639600	12
639624	7
639720	14
639816	1
639840	88
639888	13
639984	2
640008	3
640080	31
640104	4
640128	4
640200	4
640224	5
640272	1
640320	7
640344	4
640440	45
640488	1
640560	21
640608	12
640704	5
640728	1
640800	101
640824	4
640920	8
641040	25
641088	4
641136	1
641160	21
641208	7
641232	1
641280	32
641304	1
641400	26
641424	9
641520	79
641592	5
641640	10
641736	1
641754	1
641760	14
641880	9
641904	7
642000	47
642024	10
642120	64
642144	2
642240	130
642288	1
642360	1
642480	5
642504	5
642600	21
642624	11
642720	31
642744	12
642768	1
642840	53
642960	39
643008	3
643104	4
643200	57
643224	8
643296	3
643320	8
643344	10
643440	66
643464	3
643560	14
643608	2
643680	37
643704	3
643752	1
643800	52
643824	2
643920	14
644040	8
644136	1
644160	43
644280	2
644352	2
644400	93
644520	11
644640	22
644736	2
644760	15
644808	3
644880	5
644904	1
645000	36
645024	4
645048	3
645120	112
645144	2
645240	13
645360	23
645384	1
645408	13
645480	14
645600	32
645624	2
645720	25
645744	2
645840	100
645864	1
645888	1
645960	8
646056	2
646080	16
646128	3
646200	18
646248	1
646320	19
646344	4
646440	24
646536	2
646560	57
646584	1
646632	6
646656	1
646680	1
646728	1
646752	1
646800	120
646824	1
646920	13
646968	1
647016	1
647040	12
647136	1
647160	31
647280	70
647352	6
647400	19
647520	92
647640	1
647664	1
647736	2
647760	15
647856	6
647880	14
647952	1
648000	193
648048	2
648120	51
648192	4
648240	5
648360	4
648456	2
648480	16
648504	1
648576	1
648720	104
648744	18
648840	1
648864	1
648960	2
649032	1
649080	4
649200	41
649248	7
649272	2
649320	11
649440	62
649560	1
649584	2
649608	1
649656	3
649680	6
649752	3
649800	21
649848	2
649920	19
649968	10
650040	12
650160	85
650184	1
650208	1
650352	1
650400	104
650472	3
650520	63
650640	40
650664	5
650760	6
650784	1
650856	2
650880	36
650952	1
651000	37
651072	2
651120	70
651192	8
651240	7
651360	6
651456	2
651480	3
651504	1
651552	1
651600	13
651720	40
651840	35
651864	23
651888	4
651960	1
652056	4
652104	2
652200	6
652272	2
652320	45
652344	1
652368	2
652440	34
652488	1
652584	4
652704	1
652728	1
652800	14
652872	1
652920	15
653040	64
653088	13
653280	7
653400	23
653472	2
653520	72
653568	1
653592	3
653640	9
653688	1
653760	118
653808	6
654000	28
654072	1
654120	34
654168	1
654192	4
654240	48
654288	3
654360	9
654480	61
654504	2
654672	1
654720	85
654768	1
654840	65
654864	24
654888	5
654960	25
654984	1
655080	6
655104	1
655176	2
655200	74
655224	2
655320	4
655344	1
655440	54
655560	4
655584	21
655680	4
655704	12
655728	1
655776	3
655824	2
655920	25
656040	26
656088	3
656160	26
656184	1
656208	7
656304	3
656400	26
656424	14
656520	11
656592	1
656640	129
656688	1
656760	29
656784	3
656808	2
656880	21
656904	1
656928	12
657000	8
657120	52
657192	3
657210	1
657240	14
657288	2
657360	21
657408	2
657480	10
657504	4
657600	54
657648	13
657720	18
657792	1
657840	95
657960	3
658008	1
658080	49
658104	3
658200	24
658224	2
658320	19
658344	1
658440	57
658560	38
658584	16
658608	1
658704	2
658800	66
658824	3
658920	2
658944	1
659040	109
659058	1
659160	24
659208	2
659304	4
659328	2
659400	12
659424	5
659496	1
659520	64
659544	8
659760	21
659808	3
659880	23
660000	50
660120	22
660240	57
660264	1
660360	7
660408	1
660480	16
660504	2
660600	32
660624	1
660720	30
660744	1
660840	27
660960	38
661080	8
661200	32
661320	28
661344	1
661440	90
661560	42
661584	4
661656	1
661680	29
661728	1
661800	20
661824	2
661920	27
661944	2
662040	42
662058	1
662160	66
662208	6
662280	3
662304	2
662400	62
662424	4
662520	32
662544	2
662640	4
662760	48
662880	68
663000	31
663120	56
663216	1
663240	1
663360	10
663480	5
663600	84
663720	12
663840	64
663936	6
664080	13
664200	20
664320	29
664440	24
664560	48
664656	1
664674	1
664680	11
664800	30
664920	26
665040	65
665160	31
665280	82
665400	10
665520	47
665640	16
665760	38
665880	6
666000	121
666024	1
666048	1
666120	22
666240	26
666360	11
666480	27
666600	22
666720	130
666744	2
666768	1
666840	10
666936	1
666960	6
667056	1
667080	17
667200	34
667272	2
667320	37
667440	52
667680	2
667776	1
667920	52
667944	2
667968	1
668040	12
668058	1
668160	53
668400	28
668448	6
668496	1
668520	17
668640	74
668760	14
668880	37
668994	1
669048	6
669120	37
669240	13
669360	22
669480	10
669576	5
669594	1
669600	225
669648	1
669720	52
669840	75
669888	3
669960	3
670056	1
670080	5
670152	1
670200	9
670320	53
670392	1
670440	26
670560	35
670584	5
670776	1
670800	2
670872	1
670920	22
670968	1
671040	114
671064	10
671112	3
671160	6
671400	2
671448	3
671472	1
671496	1
671520	7
671640	57
671664	6
671760	53
671784	1
671880	1
672000	17
672120	20
672168	4
672240	68
672264	2
672360	10
672480	31
672504	3
672576	1
672600	11
672648	1
672720	27
672768	1
672792	2
672840	28
672888	1
672960	22
673008	1
673200	40
673320	19
673440	126
673464	4
673560	29
673584	1
673680	6
673704	1
673728	11
673920	139
674040	28
674064	7
674088	1
674160	34
674280	6
674400	18
674640	120
674760	49
674784	8
674880	6
674952	4
675000	15
675120	19
675168	4
675240	12
675360	47
675384	6
675600	19
675624	2
675720	10
675840	38
675888	1
675960	13
676080	55
676200	1
676320	25
676344	1
676392	1
676440	50
676464	20
676560	43
676680	12
676800	33
676920	8
677040	98
677112	1
677160	46
677184	33
677280	21
677400	14
677520	23
677568	1
677640	56
677760	65
677784	11
677880	4
678000	21
678120	6
678240	33
678360	38
678480	26
678504	14
678600	10
678624	1
678720	27
678840	8
678960	67
679080	6
679104	10
679200	23
679320	7
679440	44
679560	18
679680	43
679800	13
679920	7
680040	53
680160	63
680184	9
680280	6
680400	67
680424	1
680520	3
680640	51
680760	56
680808	1
680880	54
680904	2
681000	20
681120	55
681240	7
681360	41
681480	32
681504	16
681576	1
681600	27
681624	1
681720	40
681816	4
681840	25
681960	23
682080	36
682200	26
682224	3
682320	25
682440	13
682560	31
682680	6
682800	40
682824	2
682920	19
683040	48
683160	20
683280	43
683400	8
683424	1
683520	45
683640	3
683736	1
683760	41
683880	9
683904	2
684000	72
684120	10
684240	20
684360	30
684480	45
684504	13
684528	3
684576	1
684600	14
684720	59
684840	20
684960	19
685080	22
685200	8
685224	21
685320	15
685344	1
685440	69
685560	1
685680	40
685800	26
685824	6
685920	59
686040	25
686160	24
686280	2
686400	7
686520	48
686640	53
686664	1
686760	15
686880	52
687000	4
687120	24
687168	1
687240	32
687360	21
687480	12
687504	7
687600	121
687648	7
687720	12
687744	1
687840	44
687888	2
687960	12
688080	27
688200	10
688224	4
688248	1
688320	56
688416	17
688440	27
688560	26
688680	10
688800	77
688920	11
688944	2
689040	76
689160	9
689400	1
689520	50
689640	103
689760	51
689808	1
690048	6
690240	48
690264	1
690360	9
690480	50
690648	4
690720	8
690840	48
690864	3
690960	32
691080	5
691200	156
691320	2
691368	2
691440	56
691560	31
691680	5
691800	1
691920	55
691968	6
692040	28
692064	6
692160	54
692184	4
692256	3
692280	5
692400	1
692514	1
692520	8
692544	5
692640	107
692664	3
692760	39
692880	11
693120	6
693240	36
693264	4
693360	85
693480	11
693600	2
693768	6
693840	38
693960	27
694080	13
694320	6
694368	1
694440	18
694488	3
694560	66
694584	7
694680	1
694800	46
694920	7
695040	45
695064	4
695088	4
695160	38
695184	2
695280	13
695400	5
695520	72
695640	28
695688	2
695760	51
695784	2
695880	22
696000	6
696240	83
696360	73
696384	6
696480	87
696504	2
696600	2
696768	3
696840	10
696960	82
696984	4
697080	22
697200	11
697440	16
697560	48
697680	61
697704	5
697800	4
697920	11
698040	10
698088	11
698160	40
698280	20
698304	6
698400	64
698520	7
698640	27
698760	29
698784	2
698880	39
698904	1
699000	10
699120	16
699240	11
699360	51
699384	3
699408	8
699480	22
699504	2
699600	40
699720	1
699840	56
699960	29
700080	56
700104	15
700200	5
700320	6
700344	5
700440	3
700560	57
700680	19
700704	8
700800	52
700920	9
701040	12
701112	1
701160	6
701280	58
701304	3
701400	16
701424	6
701520	19
701640	25
701760	15
701808	1
701880	17
702000	26
702024	3
702120	9
702240	20
702360	15
702480	39
702600	48
702624	2
702720	51
702840	4
702960	20
703080	32
703104	43
703128	1
703200	13
703224	4
703320	7
703440	13
703560	5
703680	40
703704	4
703800	14
703824	8
703920	19
704040	6
704160	27
704280	25
704400	19
704424	1
704520	7
704640	43
704736	2
704760	9
704880	36
705024	6
705120	11
705144	1
705240	23
705264	1
705336	1
705360	21
705480	4
705600	108
705648	3
705720	27
705840	38
705960	6
706080	15
706104	6
706128	4
706200	56
706224	1
706320	33
706344	1
706440	18
706560	11
706680	10
706800	14
706824	7
706920	6
706944	1
707040	50
707160	7
707280	13
707400	3
707424	13
707520	2
707544	1
707640	26
707736	1
707760	26
707880	1
707952	3
708000	18
708120	11
708144	20
708240	39
708360	24
708480	13
708720	22
708744	5
708840	41
708960	36
709080	7
709200	131
709368	1
709440	56
709488	1
709560	47
709680	9
709800	1
709824	2
709920	35
710040	20
710160	31
710280	4
710352	3
710400	1
710520	17
710544	1
710640	60
710760	22
710880	21
710898	2
711120	2
711144	14
711168	2
711240	17
711264	3
711360	48
711480	5
711600	4
711648	13
711720	12
711840	53
711864	1
711960	38
711984	1
712080	26
712104	4
712200	2
712272	3
712368	1
712434	1
712440	33
712464	7
712560	83
712584	2
712680	12
712704	1
712800	115
712920	1
712968	1
713040	14
713160	25
713280	43
713520	50
713568	6
713640	1
713760	33
713784	1
713808	1
713880	19
714000	2
714144	5
714240	74
714264	18
714360	35
714480	67
714600	1
714672	2
714720	6
714840	13
714864	2
714888	4
714960	48
714984	1
715080	18
715104	2
715200	5
715320	1
715440	13
715464	3
715488	1
715560	32
715680	63
715704	3
715800	3
715920	2
716160	42
716280	39
716400	50
716424	1
716640	2
716688	9
716760	20
716880	42
716904	1
717000	3
717120	62
717240	1
717288	7
717360	20
717480	36
717504	1
717600	46
717720	1
717840	48
717960	14
718080	44
718104	8
718200	25
718560	35
718584	1
718608	3
718680	30
718704	4
718800	34
718824	2
718920	1
719040	1
719160	18
719208	1
719280	55
719304	8
719400	15
719424	1
719520	12
719688	3
719712	1
719760	7
719880	20
719904	6
720000	20
720024	4
720120	6
720240	2
720360	6
720408	10
720480	37
720504	2
720600	11
720720	53
720840	3
720960	7
721008	4
721080	14
721104	1
721200	56
721224	1
721320	2
721440	79
721560	9
721608	5
721680	26
721704	5
721728	4
721800	11
721824	3
721920	21
722040	3
722160	29
722280	10
722304	8
722328	1
722400	18
722424	3
722520	6
722544	1
722568	1
722640	16
722880	31
722952	1
723000	8
723024	21
723120	15
723144	2
723240	3
723336	1
723360	6
723480	6
723600	12
723624	12
723720	6
723744	2
723840	12
723960	2
724008	5
724080	7
724200	29
724320	25
724440	12
724560	20
724680	1
724728	2
724800	47
724824	1
724920	8
724944	1
725040	37
725160	6
725280	4
725328	2
725400	5
725424	1
725520	52
725544	1
725640	13
725760	84
725880	3
726000	2
726024	23
726120	2
726144	10
726168	1
726240	4
726336	6
726360	2
726480	19
726600	2
726624	6
726648	1
726720	1
726744	3
726840	16
726864	15
726960	16
727080	1
727200	115
727344	7
727440	16
727560	19
727680	9
727800	42
727920	53
727944	9
728040	14
728160	17
728256	2
728280	5
728400	1
728424	1
728520	15
728544	1
728568	3
728640	55
728760	8
728880	3
729024	3
729048	3
729120	32
729144	2
729240	14
729288	1
729360	39
729480	2
729744	22
729840	8
729864	4
729960	10
730080	15
730200	2
730320	1
730344	1
730440	1
730464	1
730560	28
730680	15
730800	62
730920	2
731040	13
731064	8
731160	11
731280	26
731400	3
731520	62
731568	20
731640	4
731664	4
731760	52
731880	24
731952	2
732000	3
732120	21
732240	29
732360	17
732408	1
732480	42
732744	3
732840	18
732888	2
732960	12
733080	11
733200	7
733272	3
733344	2
733440	5
733464	1
733488	3
733560	12
733680	28
733800	6
733872	2
733920	4
734064	9
734160	16
734184	5
734280	18
734400	97
734520	1
734568	2
734760	12
734880	46
735000	4
735024	1
735120	58
735192	1
735288	1
735360	11
735480	33
735504	1
735600	19
735720	2
735744	1
735840	99
735888	2
735960	5
736080	24
736104	3
736200	7
736320	22
736440	28
736464	2
736488	2
736560	17
736608	5
736680	17
736800	87
736920	1
737160	17
737184	1
737280	54
737328	3
737400	7
737520	6
737592	1
737760	5
737880	10
737904	1
738000	34
738024	3
738120	1
738240	6
738408	2
738480	15
738504	3
738600	6
738624	2
738720	43
738744	1
739080	6
739104	1
739200	18
739224	1
739320	5
739344	1
739440	62
739608	3
739680	8
739800	26
739824	2
739920	12
740160	38
740208	8
740280	2
740328	4
740400	29
740424	1
740520	31
740640	7
740760	4
740808	1
740880	44
741000	2
741024	1
741120	5
741240	1
741312	3
741360	1
741480	2
741504	1
741600	19
741624	3
741720	10
741744	2
741840	5
741864	2
742080	2
742104	3
742200	2
742224	11
742320	11
742344	2
742440	2
742560	2
742608	6
742800	51
742824	8
742920	3
742944	2
743040	98
743208	1
743256	3
743280	1
743328	15
743400	4
743424	1
743520	13
743544	1
743640	1
743760	53
743928	3
744000	15
744120	25
744240	15
744360	4
744480	48
744528	1
744624	2
744720	23
744744	1
744840	3
744864	3
744960	2
745200	63
745224	13
745248	2
745344	4
745440	8
745560	8
745632	1
745800	13
745920	47
745944	12
746064	1
746256	3
746328	1
746400	60
746520	10
746544	4
746640	14
746664	1
746760	3
746880	2
746928	1
747048	1
747120	43
747144	1
747240	2
747264	2
747360	24
747480	9
747600	1
747648	1
747720	15
747840	26
747960	6
748080	19
748248	8
748320	1
748344	1
748440	10
748464	1
748560	27
748680	5
748800	33
748872	6
748944	9
749040	3
749064	6
749160	5
749256	3
749280	5
749400	10
749520	33
749544	2
749664	5
749760	8
749784	13
749880	2
750000	1
750120	13
750192	1
750240	67
750264	2
750360	1
750480	16
750600	2
750648	3
750720	43
750792	1
750840	19
750864	3
750960	26
751080	7
751104	1
751176	1
751200	1
751344	1
751440	51
751464	2
751488	5
751560	5
751680	38
751800	1
751872	2
752064	2
752160	22
752280	5
752400	27
752664	5
752760	1
752784	1
752880	32
753000	1
753120	55
753264	1
753360	3
753480	9
753576	1
753600	2
753720	12
753840	66
754080	15
754104	1
754176	1
754200	6
754296	1
754320	7
754440	36
754488	2
754560	6
754680	7
754800	10
754824	1
755040	31
755160	11
755208	1
755280	5
755400	6
755520	10
755760	28
755808	1
755880	3
756000	132
756024	1
756192	1
756240	6
756408	3
756480	5
756600	6
756720	36
756792	2
757104	1
757200	3
757320	1
757440	65
757800	10
757896	1
757944	2
758040	26
758160	43
758400	17
758424	1
758520	1
758688	8
758712	1
758760	30
758808	2
758880	36
759000	12
759024	2
759120	14
759192	1
759360	6
759480	6
759600	23
759720	26
759912	4
760080	19
760128	2
760200	2
760248	2
760320	83
760512	3
760560	1
760800	12
760920	3
761040	40
761088	2
761304	1
761400	32
761424	1
761520	3
761544	1
761640	2
761760	60
761784	1
761808	1
762000	5
762024	5
762120	1
762144	1
762240	2
762360	15
762408	1
762480	67
762528	7
762720	38
762744	1
762840	3
763080	20
763128	2
763200	45
763248	11
763320	15
763344	2
763440	36
763560	2
763728	2
763800	6
763920	14
763944	6
764040	14
764064	1
764232	1
764400	2
764424	1
764544	1
764640	49
764760	1
764784	1
764880	1
764928	1
765120	17
765144	3
765360	23
765552	1
765600	36
765648	2
765720	9
765744	1
765840	1
765864	4
766080	80
766176	1
766248	3
766320	49
766344	1
766440	12
766560	7
766680	1
766800	16
767040	33
767160	8
767280	2
767400	3
767448	3
767520	11
767544	1
767664	1
767760	8
767784	1
767880	1
768000	20
768120	19
768144	1
768240	45
768264	4
768360	1
768480	25
768720	14
768792	1
768840	5
768864	2
768960	34
768984	7
769176	1
769248	1
769320	27
769440	38
769464	7
769560	5
769680	26
769704	6
770040	33
770064	1
770160	7
770280	1
770400	17
770640	3
770760	4
770880	6
771000	1
771096	1
771120	28
771240	1
771360	22
771480	2
771600	2
771792	1
771840	32
772080	2
772320	17
772440	14
772560	17
772680	3
773040	61
773160	10
773184	5
773280	33
773520	1
773640	30
773712	1
773760	38
774000	40
774360	33
774480	8
774720	8
775080	26
775200	26
775248	1
775320	1
775440	35
775680	7
775800	8
776040	21
776160	49
776400	10
776496	1
776640	21
776712	2
776760	31
776880	21
776904	3
777000	8
777096	1
777216	2
777360	55
777480	18
777600	84
777816	1
777960	1
778080	31
778200	7
778320	18
778680	7
778800	11
778920	4
779040	47
779112	2
779328	3
779400	3
779520	18
779640	10
779760	25
780000	11
780024	1
780120	11
780360	34
780480	98
780552	2
780720	9
780960	11
781080	24
781200	60
781224	1
781248	1
781320	18
781440	1
781560	1
781680	53
781704	1
781800	4
781920	37
781944	2
782040	2
782400	16
782448	1
782520	14
782640	70
782832	1
783000	15
783120	15
783168	2
783240	12
783360	35
783720	4
783840	16
783960	8
784080	64
784248	1
784320	15
784440	1
784560	2
784680	18
784800	28
784920	3
785040	4
785064	1
785280	3
785400	15
785520	24
785640	13
785760	3
785784	3
785856	1
786000	8
786048	2
786120	2
786240	37
786360	18
786480	1
786720	9
786840	2
786864	1
786960	39
787008	13
787200	10
787440	14
787560	5
787680	39
787920	2
788040	23
788160	4
788280	3
788400	29
788520	8
788640	41
788760	6
789000	5
789120	26
789240	13
789264	6
789360	22
789480	2
789600	1
789720	5
789768	2
789840	4
789960	17
790080	14
790440	3
790560	42
790680	4
790920	8
791040	17
791160	9
791184	1
791280	42
791520	2
791640	6
791760	20
791784	6
792000	17
792240	60
792360	32
792480	20
792600	1
792720	13
792960	39
793080	3
793440	15
793488	2
793560	7
793680	6
793800	2
793920	2
794016	1
794160	17
794280	14
794400	4
794640	21
794760	12
794784	10
794880	46
795000	1
795096	2
795240	9
795360	34
795480	3
795600	37
795960	32
796080	75
796104	12
796200	1
796320	11
796560	13
796650	1
796680	24
796704	2
796800	12
797016	1
797280	47
797400	7
797520	1
797760	14
798000	13
798120	2
798240	3
798360	19
798480	17
798600	5
798720	11
798936	3
798960	30
799080	20
799104	4
799200	79
799320	2
799440	3
799560	5
799680	57
799800	4
799824	9
799920	14
799944	1
800040	1
800280	28
800400	22
800424	1
800472	4
800640	14
801000	15
801120	10
801240	4
801360	23
801600	13
801720	4
801840	12
801960	8
802008	1
802080	39
802320	5
802440	15
802560	5
802680	27
802800	27
802824	6
803040	24
803160	1
803280	35
803400	16
803520	77
803544	1
803640	2
803760	6
803880	2
804000	41
804120	9
804144	2
804240	24
804600	14
804720	10
804840	8
804960	14
805320	9
805440	19
805560	12
805680	25
805920	5
806040	1
806160	29
806280	9
806400	83
806640	3
806760	5
806880	5
807000	19
807120	37
807240	10
807360	20
807600	11
807720	3
807840	25
807864	3
807960	8
808080	3
808320	17
808440	13
808560	25
808680	1
808920	3
809160	23
809280	34
809760	8
809880	12
810000	17
810240	10
810360	10
810480	12
810600	1
810720	30
810840	6
810960	29
811080	18
811200	1
811320	5
811440	20
811560	17
811680	28
812088	3
812160	52
812280	14
812400	4
812880	36
813000	3
813360	1
813480	11
813600	16
813840	2
813936	1
813960	14
814080	35
814200	2
814320	9
814560	6
814680	18
814704	1
814800	6
815088	2
815160	34
815280	39
815400	8
815760	1
815880	16
816000	32
816240	4
816480	43
816600	10
816720	1
816960	8
817080	6
817200	79
817560	2
817680	35
817704	3
817800	9
817920	16
818160	5
818280	18
818400	25
818520	2
818640	8
818880	77
819000	27
819024	3
819120	5
819360	1
819480	5
819600	26
819624	4
819720	6
819840	3
820080	11
820200	22
820320	2
820560	9
820680	6
820728	1
820800	70
820920	6
821160	3
821280	19
821400	10
821520	22
821640	2
821880	11
822000	25
822024	2
822120	10
822240	7
822480	4
822600	26
822720	19
822744	5
822954	1
822960	8
823200	24
823320	15
823344	1
823440	4
823560	4
823680	13
823920	25
824040	5
824160	3
824280	5
824400	42
824448	3
824490	1
824520	3
824640	7
824760	2
824880	8
825000	13
825120	62
825144	1
825240	1
825360	4
825480	1
825600	33
825720	11
825744	15
825840	38
825960	6
826080	5
826200	9
826320	39
826440	6
826464	7
826560	30
826680	2
826920	16
827040	13
827064	3
827160	5
827280	8
827520	10
827640	5
827664	1
827760	18
827880	3
828000	12
828360	5
828480	10
828600	5
828720	16
828744	5
828960	7
829080	4
829200	4
829320	5
829440	65
829464	2
829560	1
829680	12
829800	2
829920	7
830040	2
830160	26
830184	2
830280	12
830400	1
830520	1
830640	3
830760	16
830880	30
831000	3
831360	9
831480	11
831600	15
832080	21
832200	1
832320	6
832680	2
832800	8
832920	1
833040	10
833160	2
833280	20
833400	7
833760	26
833784	6
833880	18
834000	21
834360	2
834480	30
834600	5
834720	3
835080	27
835104	2
835200	50
835560	4
835680	9
835800	38
835920	8
836280	2
836400	12
836520	1
836640	12
836760	2
836880	3
837000	20
837120	7
837480	5
837600	16
837720	5
838008	7
838080	40
838200	24
838224	1
838320	11
838440	2
838800	57
838920	19
839280	3
839328	4
839400	7
839520	12
839760	1
839880	1
839928	2
840000	11
840120	9
840240	11
840480	13
840600	13
840720	31
840840	1
840960	1
841032	1
841200	22
841224	1
841320	10
841440	2
841680	11
841800	15
841920	45
841944	1
842328	2
842400	78
842520	7
842544	3
842640	12
842880	2
843000	2
843120	46
843240	2
843360	1
843480	1
843600	9
843624	15
843648	1
843720	4
843840	32
844080	2
844200	8
844320	16
844344	6
844440	7
844464	1
844560	2
844800	9
844920	9
844944	4
845040	9
845160	2
845520	16
845640	11
845760	12
846000	24
846120	3
846240	16
846264	3
846480	2
846600	2
846624	2
846720	65
846840	9
846864	1
846960	2
847080	4
847200	3
847320	3
847344	2
847368	1
847440	36
847680	1
847920	6
848040	2
848160	22
848520	1
848640	4
848664	8
849120	3
849240	6
849360	2
849384	1
849480	4
849600	10
849960	1
849984	1
850080	11
850200	2
850320	7
850560	4
850680	12
850800	3
850920	1
851040	69
851280	12
851400	1
851664	3
851688	1
851760	24
851784	1
851880	2
852000	5
852240	2
852384	16
852480	10
852600	2
852720	2
852984	6
853080	5
853200	12
853680	9
853704	3
853800	9
853920	12
854280	9
854400	42
854520	1
854640	5
854880	2
855000	7
855120	2
855360	32
855384	4
855600	9
855720	1
855840	1
856080	27
856200	3
856320	4
856680	1
856704	3
856800	18
856920	7
857040	2
857280	27
857400	21
857520	25
858000	26
858120	22
858240	1
858600	2
858720	39
858960	5
859200	1
859320	8
859440	1
859680	27
859704	3
859800	3
859920	18
860040	5
860160	3
860400	40
860520	10
860544	1
860640	4
860760	1
860928	8
861000	18
861120	36
861240	5
861720	11
861840	53
862320	7
862800	1
862848	4
862920	3
863040	14
863160	1
863280	1
863400	1
863520	10
863544	6
863640	5
863760	1
863928	2
864000	19
864120	2
864240	10
864264	1
864384	1
864720	19
864840	4
864960	7
865248	3
865440	40
865680	5
865920	2
866040	31
866160	10
866544	3
866640	1
866760	9
866880	30
867120	1
867264	1
867360	2
867384	2
867480	1
867600	6
867864	3
868080	2
868320	23
868464	1
868680	1
868968	2
869040	57
869160	3
869760	9
869784	1
870000	3
870360	18
870384	1
870480	15
870984	2
871080	1
871200	8
871584	3
871920	10
872184	3
872304	1
872640	52
872880	2
873000	7
873120	2
873288	3
873360	35
873480	2
873600	23
873720	1
873840	1
873984	1
874080	41
874200	3
874320	1
874584	3
874680	2
874704	1
874800	13
874920	2
875304	12
875400	3
875520	1
875616	2
875904	1
876000	14
876120	3
876240	11
876480	2
876600	4
876720	13
876840	6
876960	27
877200	6
877224	1
877320	6
877680	53
877800	1
877848	1
877920	17
878040	1
878304	2
878400	24
878520	1
878616	1
878640	2
879120	12
879240	1
879600	1
879624	1
879720	1
879840	16
880080	1
880320	16
880440	1
880560	8
880848	5
880920	1
881040	36
881232	3
881280	34
881640	16
881760	18
882000	48
882720	30
882840	2
883152	1
883440	10
883464	1
883680	1
883848	3
883920	18
884040	5
884160	29
884640	15
884760	7
884880	7
885360	6
885552	1
885600	31
886320	14
886464	3
886848	1
886920	6
887040	33
887304	1
887640	5
887760	10
887784	1
888168	2
888360	9
888384	1
888480	12
888768	4
888960	10
889080	3
889200	1
889680	7
889920	6
890184	1
890640	27
890784	1
891000	1
891168	2
891360	28
891384	1
891888	3
891960	17
892080	22
892488	1
892608	3
892680	19
892800	14
892920	2
893280	2
893400	1
893520	3
893760	3
893784	1
893904	1
894000	13
894240	13
894504	4
894720	1
894960	21
895224	2
895680	73
895920	16
896280	22
896400	6
896520	3
896760	1
897000	3
897120	12
897528	4
897624	1
897720	5
897840	12
898152	1
898536	1
898560	21
898920	7
899064	8
899280	37
899520	12
899640	1
899760	1
900000	32
900240	20
900600	3
900720	23
900840	4
901320	8
901440	19
901536	1
902160	9
902640	3
902880	26
903240	1
903360	1
903600	25
903768	1
903960	22
904152	1
904320	47
904560	9
904920	1
905040	17
905760	5
906360	2
906480	10
906840	3
906960	10
907080	3
907200	54
907560	10
907680	25
907920	23
908280	4
908472	1
908640	20
908880	9
909360	10
909384	2
909840	7
909960	7
910080	16
910560	3
910680	3
910800	3
911280	33
911304	1
911400	3
911520	13
912000	6
912240	7
912528	3
912600	4
912840	1
912960	15
913104	1
913560	9
913680	28
913920	1
914064	1
914280	16
914400	3
914880	39
915000	7
915120	9
915600	27
915720	1
915840	12
916320	13
916920	12
917280	44
917880	15
918000	16
918600	26
918720	17
918840	3
919200	2
919320	4
919440	5
919920	9
920040	5
920640	2
920880	15
921600	32
921840	6
922200	4
922320	45
922440	2
922560	1
922920	22
923040	3
923160	7
923640	6
923760	19
924240	8
924456	1
924480	17
924960	4
925200	14
925560	1
925920	38
925992	1
926160	3
926376	1
926520	4
926640	23
926760	3
926880	23
927240	8
927360	16
927480	11
927528	1
928080	10
928560	11
928680	1
928800	29
929280	2
929520	25
929688	1
929880	11
930000	4
930240	13
930480	11
930600	9
930960	22
931200	17
931680	18
931800	2
932160	1
932280	2
932400	28
932760	7
932880	9
933000	1
933120	20
933408	1
933480	16
933600	15
933840	4
934200	3
934320	6
934560	9
934800	9
934920	11
935280	2
935520	3
936000	9
936120	3
936480	15
936600	15
936624	4
936720	8
937200	20
937320	3
937440	31
937800	13
937920	11
938040	1
938160	3
938520	10
938640	4
938880	1
939480	1
939600	7
939840	2
940200	13
940320	22
940344	5
940800	3
940920	13
941040	2
941520	52
941640	6
941760	3
942240	12
942360	1
942480	5
942840	7
943200	12
943560	3
943800	1
943920	22
944064	3
944160	4
944520	10
944640	11
945120	4
945240	13
945360	11
945840	16
945960	1
946080	14
946560	10
946680	9
946800	7
947280	5
947520	24
947880	2
948120	5
948240	25
948480	6
948840	13
948960	31
949200	1
949560	6
949680	15
949800	3
950160	6
950280	4
950400	44
951000	5
951120	8
951546	1
951600	7
951840	12
952080	4
952200	3
952560	13
952800	10
952920	1
953160	1
953280	11
953400	9
953520	11
954000	15
954120	8
954720	27
955200	3
955320	3
955440	2
955680	25
955800	6
955920	13
956160	6
956400	8
956520	13
956880	2
957120	14
957240	3
957600	20
957720	8
957840	8
958320	4
958440	7
958920	3
959040	33
959400	4
959520	20
959640	1
959760	15
960120	9
960240	3
960720	11
960840	1
960960	4
961440	23
962160	3
962400	1
962520	2
962640	19
963120	13
963240	10
963360	17
963720	3
963840	15
963960	4
964080	6
964368	1
964440	20
964560	8
965160	3
965280	2
965520	8
965760	12
965880	1
966120	2
966240	5
966720	2
966840	9
966960	13
966984	6
967080	1
967440	14
967560	5
967584	1
967680	32
968160	31
968280	6
968400	2
968760	7
968880	3
969120	1
969480	3
969600	3
969720	1
969840	7
969984	4
970200	1
970440	4
970560	20
970704	1
971160	7
971280	7
971304	1
971520	6
971760	5
971880	5
972000	51
972600	3
972720	7
973200	4
973320	2
973440	1
973920	6
974160	4
974520	1
974640	1
974880	3
975024	4
975120	3
975240	1
975600	41
975720	3
975840	1
976080	1
976320	8
976440	1
976920	1
977040	12
977640	4
977760	5
978240	4
978600	6
978720	2
978840	2
979200	1
979320	5
979440	9
979920	5
980040	6
980640	37
980760	5
981360	12
981600	1
981840	4
981960	1
982080	1
982320	1
982440	8
982560	10
982800	6
983040	9
983160	5
983280	1
983640	5
983760	7
984240	3
984360	10
984480	1
984960	27
985320	1
985440	3
985560	4
985680	18
986040	2
986160	14
986280	5
986400	1
986760	5
986880	2
987360	42
987480	3
987840	17
988080	5
988440	1
988560	4
988680	2
989040	1
989160	2
989280	26
989760	8
989880	4
989904	1
990000	8
990360	2
990480	6
990600	9
990720	4
991080	3
991200	7
991440	1
991608	1
991920	1
992160	2
992400	2
992520	1
992760	2
992880	9
992904	10
993360	1
993600	13
994224	3
994320	19
995040	14
995520	6
995904	3
996120	4
996624	1
996840	1
997440	3
997920	15
997944	1
998160	1
998520	8
998640	26
998760	1
999240	4
999360	6
999840	4
1000944	5
1001160	1
1001520	8
1001760	2
1002240	13
1002264	1
1002360	6
1002480	1
1002960	33
1003560	3
1004160	6
1004280	1
1004760	1
1004880	1
1005000	1
1005360	3
1005480	2
1005840	5
1005960	4
1006080	1
1006200	1
1006560	29
1006680	1
1007280	30
1007880	1
1008000	24
1008480	3
1008960	3
1009080	2
1009200	11
1009440	2
1009680	2
1010160	4
1010208	3
1010400	3
1010880	42
1011120	12
1011600	12
1012320	10
1013040	2
1013208	2
1013520	11
1014480	5
1015200	19
1015440	2
1015824	5
1015920	15
1016640	17
1017744	1
1017840	7
1018080	10
1018440	3
1018824	1
1019520	7
1019544	1
1020144	1
1020240	16
1020960	11
1021440	3
1021560	17
1022160	1
1022280	1
1022568	1
1022760	1
1023120	11
1023360	2
1023840	1
1023864	2
1024080	1
1024560	4
1024584	4
1025160	1
1025280	30
1025760	3
1025880	13
1026000	2
1026120	4
1026480	2
1027200	3
1027440	5
1028160	13
1028880	7
1029120	1
1029600	6
1030200	6
1030320	1
1031760	1
1032480	27
1032720	4
1033200	26
1033920	26
1035744	1
1036080	4
1036128	2
1036440	3
1036800	6
1037520	32
1038048	2
1038240	12
1038744	1
1039584	1
1040400	4
1040448	2
1040760	2
1041120	21
1041360	1
1041840	14
1042560	16
1043064	1
1043280	11
1044480	15
1044720	1
1045200	1
1045440	7
1046160	16
1046880	10
1047600	10
1048200	8
1048320	7
1048800	11
1049760	4
1050480	5
1051200	6
1051800	5
1051920	15
1052520	8
1053048	1
1053360	1
1054080	17
1054800	9
1055520	18
1056120	18
1056240	10
1056432	1
1056840	5
1058400	27
1059120	27
1059840	11
1059960	1
1060440	2
1060560	4
1061160	5
1062000	1
1062720	6
1063440	17
1063680	11
1064160	36
1064880	9
1065480	3
1066320	3
1067040	9
1067400	5
1067760	14
1068000	4
1068480	13
1069200	8
1070640	1
1071120	18
1071360	8
1071720	8
1072080	8
1072800	14
1073520	6
1073736	1
1074120	3
1074240	5
1074720	10
1074840	5
1075440	9
1075680	1
1076040	3
1076400	1
1077120	16
1077840	4
1078440	9
1078560	12
1079040	5
1079160	4
1079760	11
1080720	8
1081440	4
1082040	11
1082160	7
1082760	4
1082880	4
1083480	2
1083600	19
1084080	9
1084320	1
1085040	11
1085760	25
1086360	1
1086480	10
1087080	11
1087200	7
1087800	2
1088640	27
1089360	9
1090080	13
1090800	24
1090920	5
1091400	4
1092120	2
1092240	1
1092960	12
1093680	14
1094040	4
1094400	18
1094640	10
1095120	6
1095840	6
1096560	1
1097040	7
1097280	2
1097640	4
1097760	5
1098000	2
1098360	5
1098720	5
1098960	4
1100160	8
1100640	2
1100760	1
1100880	1
1101360	5
1101480	1
1102080	11
1102680	5
1103040	2
1103760	6
1104360	1
1104480	2
1104960	19
1105080	3
1105200	14
1105680	7
1105800	7
1106400	1
1106640	3
1107000	3
1107360	2
1107504	2
1107960	2
1108080	7
1108680	10
1108800	23
1109400	5
1109520	2
1110000	12
1110720	2
1110960	1
1111224	2
1111680	3
1112400	16
1113000	5
1113120	3
1113720	8
1113840	3
1114440	1
1114560	15
1115040	3
1115280	5
1116000	10
1116720	9
1116960	3
1117320	2
1117440	16
1118160	3
1118880	23
1119600	3
1120560	2
1121040	1
1121280	5
1121880	6
1122480	4
1123200	1
1123680	4
1123920	3
1124280	2
1124400	1
1124880	11
1125000	2
1125600	9
1126200	1
1126800	11
1127280	2
1127400	3
1127880	11
1128000	5
1128120	1
1128600	4
1128720	3
1128960	13
1129320	2
1130400	3
1130880	3
1131000	2
1131120	9
1131600	7
1131720	5
1131840	2
1132320	3
1132920	5
1133040	3
1134000	2
1134240	5
1134600	1
1134720	5
1135320	6
1135440	2
1135920	2
1136040	1
1136160	6
1136640	18
1137600	2
1137960	1
1138320	3
1138920	1
1139040	9
1139760	1
1140480	25
1142184	3
1144080	8
1144800	12
1145400	2
1145520	5
1146720	1
1147200	3
1147800	6
1148520	1
1149120	26
1149840	4
1150320	1
1150800	6
1150920	1
1151520	3
1151640	4
1152840	1
1153440	7
1153800	1
1153920	1
1154040	2
1154160	10
1154520	2
1154640	3
1155240	1
1155840	8
1156560	4
1157640	1
1157760	3
1158240	3
1158480	4
1159200	4
1162080	19
1162488	1
1164240	4
1165104	4
1166400	10
1166640	1
1167120	7
1168104	4
1169280	6
1169424	1
1170720	23
1171440	11
1172640	4
1173144	1
1173720	2
1174320	5
1174440	1
1174560	1
1175040	6
1175160	1
1175760	11
1176960	1
1177200	1
1177440	2
1179360	10
1180080	5
1180800	5
1184400	11
1185120	1
1188720	20
1189440	4
1190640	1
1191024	1
1192320	4
1193040	11
1193640	1
1194480	2
1196640	7
1197360	18
1199520	5
1199880	1
1200960	9
1201680	3
1202400	13
1204560	3
1205280	1
1206000	12
1206720	11
1209600	12
1210320	3
1211040	6
1211328	2
1211640	9
1214640	4
1215360	10
1215960	8
1216080	1
1218960	4
1219680	14
1222560	9
1223280	4
1224000	11
1226880	3
1227600	12
1228320	13
1229760	2
1231200	2
1231920	5
1232640	14
1233360	4
1234560	10
1234800	8
1236240	7
1236960	4
1237680	2
1238280	1
1238880	5
1239840	7
1242000	6
1242600	6
1244880	1
1245600	8
1246200	1
1246320	6
1246920	4
1249200	7
1249920	10
1250640	10
1251240	5
1252800	3
1253520	2
1254240	20
1254960	4
1257840	4
1258080	3
1258560	6
1259280	9
1260000	8
1261440	1
1261800	5
1262160	7
1262880	4
1264320	5
1265040	2
1265520	4
1267920	1
1268640	2
1269240	5
1269840	8
1270080	21
1272240	4
1272840	2
1272960	3
1273560	3
1274160	5
1275120	1
1275840	6
1276560	3
1277160	13
1277280	3
1277880	3
1279440	1
1280160	6
1280880	6
1281600	5
1282200	3
1283760	1
1284480	5
1285200	2
1285320	1
1285920	11
1287360	1
1288080	1
1289040	3
1290240	8
1292160	3
1292760	2
1295280	2
1295760	3
1295880	1
1296480	3
1297080	3
1298880	4
1299480	1
1300080	7
1300200	2
1300320	16
1300800	1
1302480	2
1303080	3
1303200	1
1303800	2
1303920	4
1305120	5
1305360	6
1305624	1
1306080	1
1306800	3
1307520	5
1309344	1
1309680	1
1310400	2
1312560	3
1320000	6
1321920	1
1322400	1
1323000	3
1323120	1
1323720	1
1324320	3
1325520	7
1326000	3
1326120	1
1326240	10
1326720	2
1330560	15
1331280	3
1335600	8
1340304	1
1340640	6
1342920	1
1343520	1
1345680	3
1345920	3
1348920	1
1352160	13
1357200	6
1360800	7
1361520	6
1365840	7
1366224	2
1366560	2
1370880	8
1374480	1
1375920	2
1378800	7
1380960	1
1383120	10
1387440	4
1391040	7
1391760	4
1392480	10
1396080	3
1396800	3
1401120	5
1401720	2
1401840	1
1405440	4
1406160	2
1409760	5
1411200	7
1414080	11
1417680	6
1418400	5
1421280	2
1422000	1
1422720	5
1423440	7
1426320	1
1427040	1
1427760	2
1428960	2
1431360	6
1432680	5
1436400	5
1437000	4
1440720	5
1444320	5
1445040	4
1447920	1
1448640	1
1449360	12
1451520	8
1452960	2
1453680	2
1454400	6
1456560	2
1459920	3
1463640	2
1467360	5
1467960	2
1470960	2
1471680	4
1472280	4
1474560	2
1475280	5
1476000	5
1478880	1
1481760	9
1483440	1
1487160	1
1490880	2
1491840	2
1494000	1
1494600	1
1495200	5
1497600	3
1498200	2
1498320	1
1501200	1
1506960	1
1512000	7
1517040	8
1518120	1
1521120	2
1522080	2
1532160	1
1537920	2
1538424	1
1542240	5
1547280	5
1552320	6
1557360	2
1568880	3
1572480	1
1573200	5
1577520	3
1578240	4
1582560	6
1587600	3
1592640	3
1599840	2
1604160	4
1608480	2
1612800	9
1613520	2
1617840	2
1622880	3
1630800	5
1635120	2
1639440	4
1643040	2
1643760	1
1644480	6
1648080	2
1653120	1
1658040	2
1661760	2
1666080	4
1669680	1
1670400	4
1673280	1
1685280	2
1689000	1
1692720	1
1693320	3
1693440	5
1696320	2
1716240	1
1723680	3
1728720	5
1733760	2
1758960	2
1764000	4
1769040	1
1774080	2
1794240	6
1799280	2
1804320	2
1814400	2
1825200	2
1829520	2
1834560	4
1839600	2
1856160	3
1860480	1
1864800	2
1865520	3
1887120	2
1891440	2
1895040	1
1914360	2
1918080	1
1935360	2
1975680	5
2010960	2
2016000	2
2046240	3
2051280	1
2056320	1
2081520	2
2086560	2
2112480	2
2116800	1
2143440	1
2170680	1
2177280	1
2257920	3
2298240	2
2333520	2
2338560	1
2368800	1
2399760	1
2540160	1
2580480	2
2620800	1
2656080	1
2903040	1
2943360	1
3265920	1
3628800	1
