--- Hosoya_Index ---
92	1
132	1
141	1
150	1
167	1
176	2
177	1
180	1
183	1
188	1
192	3
194	1
195	1
197	1
199	1
201	1
204	3
208	4
209	1
211	1
212	1
213	1
216	1
218	1
219	1
220	2
221	1
222	2
224	3
225	1
228	3
234	5
235	2
236	3
239	1
240	7
242	1
243	2
244	2
246	5
248	1
249	1
250	2
251	1
252	1
254	4
255	3
256	4
257	1
258	2
259	2
260	7
261	1
262	1
263	2
264	10
265	1
266	5
267	2
268	5
269	1
270	5
271	2
272	4
273	1
274	2
275	2
276	7
278	1
279	5
280	4
281	3
282	5
284	11
285	2
286	5
287	3
288	19
289	2
290	4
291	3
292	7
293	1
294	7
295	4
296	12
297	4
298	4
299	5
300	15
301	3
302	3
303	3
304	16
305	4
306	8
307	3
308	16
309	3
310	9
311	5
312	19
313	1
314	10
315	8
316	12
317	4
318	11
319	3
320	23
321	7
322	7
323	8
324	22
325	1
326	12
327	7
328	17
329	2
330	12
331	5
332	19
333	5
334	14
335	6
336	50
337	5
338	14
339	7
340	24
341	3
342	21
343	8
344	38
345	11
346	13
347	13
348	31
349	7
350	23
351	8
352	31
353	8
354	15
355	5
356	27
357	11
358	19
359	6
360	68
361	7
362	19
363	11
364	42
365	13
366	25
367	7
368	56
369	16
370	18
371	10
372	47
373	9
374	31
375	25
376	57
377	13
378	42
379	10
380	59
381	13
382	31
383	10
384	91
385	16
386	32
387	19
388	44
389	14
390	56
391	14
392	62
393	24
394	29
395	16
396	94
397	13
398	35
399	19
400	77
401	16
402	51
403	15
404	72
405	34
406	35
407	21
408	108
409	19
410	57
411	18
412	81
413	25
414	79
415	23
416	136
417	23
418	38
419	22
420	130
421	26
422	59
423	33
424	106
425	25
426	71
427	30
428	102
429	32
430	55
431	25
432	184
433	29
434	77
435	46
436	109
437	35
438	100
439	22
440	164
441	46
442	72
443	24
444	164
445	32
446	80
447	43
448	160
449	37
450	136
451	33
452	129
453	43
454	69
455	41
456	247
457	36
458	91
459	51
460	151
461	55
462	123
463	42
464	206
465	52
466	121
467	46
468	216
469	50
470	112
471	72
472	211
473	53
474	135
475	51
476	254
477	78
478	104
479	48
480	326
481	60
482	147
483	66
484	176
485	64
486	204
487	59
488	267
489	67
490	153
491	52
492	271
493	81
494	150
495	95
496	332
497	74
498	217
499	82
500	251
501	95
502	152
503	68
504	383
505	85
506	190
507	88
508	244
509	84
510	236
511	77
512	353
513	134
514	182
515	88
516	401
517	90
518	194
519	105
520	367
521	109
522	294
523	91
524	329
525	116
526	235
527	97
528	522
529	95
530	242
531	133
532	347
533	104
534	326
535	132
536	460
537	137
538	247
539	126
540	482
541	104
542	288
543	168
544	456
545	168
546	374
547	128
548	438
549	168
550	311
551	132
552	658
553	167
554	290
555	186
556	409
557	146
558	412
559	144
560	533
561	199
562	353
563	144
564	636
565	186
566	358
567	225
568	580
569	165
570	480
571	180
572	583
573	198
574	363
575	170
576	812
577	206
578	363
579	219
580	517
581	182
582	533
583	178
584	694
585	235
586	418
587	191
588	734
589	224
590	466
591	293
592	706
593	230
594	611
595	258
596	718
597	272
598	471
599	235
600	940
601	247
602	519
603	256
604	715
605	273
606	672
607	258
608	840
609	322
610	539
611	260
612	978
613	266
614	590
615	331
616	832
617	265
618	692
619	258
620	876
621	353
622	553
623	318
624	1292
625	299
626	591
627	331
628	959
629	322
630	857
631	297
632	1024
633	365
634	715
635	334
636	1129
637	353
638	710
639	401
640	1029
641	356
642	870
643	342
644	1055
645	415
646	743
647	362
648	1340
649	392
650	826
651	490
652	1032
653	390
654	1039
655	382
656	1237
657	467
658	862
659	405
660	1348
661	432
662	936
663	512
664	1362
665	426
666	989
667	471
668	1250
669	535
670	982
671	448
672	1599
673	422
674	949
675	557
676	1330
677	479
678	1258
679	453
680	1568
681	669
682	976
683	467
684	1565
685	514
686	1153
687	588
688	1442
689	535
690	1286
691	575
692	1524
693	666
694	1037
695	619
696	1941
697	606
698	1225
699	666
700	1646
701	564
702	1363
703	594
704	1759
705	738
706	1157
707	605
708	1865
709	668
710	1407
711	737
712	1772
713	632
714	1617
715	736
716	1683
717	781
718	1308
719	747
720	2213
721	681
722	1481
723	881
724	1808
725	732
726	1700
727	679
728	2059
729	827
730	1549
731	778
732	2220
733	759
734	1660
735	866
736	2083
737	806
738	1788
739	822
740	2109
741	864
742	1609
743	843
744	2475
745	834
746	1744
747	965
748	2114
749	827
750	1965
751	908
752	2346
753	1068
754	1752
755	847
756	2646
757	909
758	1831
759	1101
760	2421
761	987
762	2058
763	919
764	2418
765	1064
766	1943
767	1052
768	2947
769	970
770	2068
771	1246
772	2439
773	1062
774	2274
775	1118
776	2858
777	1207
778	2028
779	1115
780	3049
781	1058
782	2191
783	1272
784	2740
785	1207
786	2507
787	1188
788	2735
789	1256
790	2355
791	1195
792	3301
793	1126
794	2384
795	1404
796	2834
797	1212
798	2562
799	1249
800	3251
801	1349
802	2362
803	1324
804	3316
805	1270
806	2536
807	1398
808	3269
809	1335
810	2901
811	1328
812	3298
813	1520
814	2800
815	1427
816	3749
817	1432
818	2872
819	1606
820	3327
821	1411
822	2978
823	1462
824	3609
825	1680
826	2814
827	1417
828	3831
829	1517
830	2885
831	1677
832	3675
833	1512
834	3321
835	1536
836	3739
837	1729
838	3177
839	1596
840	4071
841	1624
842	3163
843	1809
844	3787
845	1701
846	3445
847	1748
848	4157
849	1878
850	3162
851	1778
852	4476
853	1890
854	3237
855	2078
856	4166
857	1727
858	3683
859	1782
860	4151
861	2106
862	3638
863	1817
864	4634
865	1950
866	3704
867	2045
868	4254
869	1899
870	4221
871	1969
872	4756
873	2108
874	3533
875	2068
876	4810
877	2049
878	3867
879	2259
880	4832
881	2218
882	4320
883	2043
884	4812
885	2339
886	4017
887	2048
888	5244
889	2341
890	4144
891	2436
892	4766
893	2238
894	4564
895	2305
896	5199
897	2470
898	4212
899	2395
900	5503
901	2274
902	4285
903	2493
904	5233
905	2508
906	4707
907	2305
908	5496
909	2651
910	4546
911	2459
912	5706
913	2481
914	4653
915	2796
916	5546
917	2578
918	5004
919	2646
920	5807
921	2647
922	4884
923	2697
924	5927
925	2723
926	4780
927	2919
928	6110
929	2826
930	5032
931	2806
932	6198
933	2905
934	5069
935	2707
936	6450
937	2917
938	5225
939	3126
940	6043
941	2969
942	5743
943	2963
944	6498
945	3020
946	5563
947	3214
948	6726
949	3065
950	5407
951	3319
952	6847
953	3175
954	5796
955	3180
956	6702
957	3526
958	5575
959	3117
960	7288
961	3314
962	5909
963	3537
964	6786
965	3292
966	6273
967	3440
968	7051
969	3488
970	6086
971	3365
972	7416
973	3441
974	6381
975	3579
976	7507
977	3463
978	6538
979	3613
980	7490
981	3654
982	6191
983	3589
984	8175
985	3881
986	6553
987	3826
988	7662
989	3840
990	7116
991	3758
992	7554
993	3953
994	6815
995	3739
996	8230
997	3775
998	6924
999	4118
1000	7914
1001	3902
1002	7181
1003	3981
1004	8259
1005	4281
1006	6927
1007	4072
1008	8937
1009	4141
1010	7174
1011	4207
1012	8451
1013	4218
1014	7749
1015	4237
1016	8441
1017	4518
1018	7582
1019	4326
1020	8563
1021	4325
1022	7621
1023	4527
1024	8918
1025	4265
1026	8086
1027	4448
1028	9254
1029	4738
1030	7679
1031	4570
1032	9692
1033	4610
1034	8073
1035	4615
1036	9467
1037	4647
1038	8569
1039	4589
1040	9649
1041	4970
1042	8366
1043	4968
1044	9807
1045	4867
1046	8511
1047	5017
1048	9761
1049	4749
1050	8892
1051	5154
1052	10003
1053	5173
1054	8477
1055	5022
1056	10761
1057	5124
1058	8811
1059	5130
1060	10240
1061	5057
1062	9286
1063	5169
1064	10153
1065	5531
1066	9186
1067	5221
1068	10786
1069	5328
1070	9439
1071	5552
1072	10618
1073	5318
1074	9648
1075	5484
1076	10658
1077	5679
1078	9561
1079	5719
1080	11632
1081	5633
1082	9523
1083	5706
1084	11215
1085	5852
1086	9959
1087	5668
1088	11262
1089	5988
1090	10257
1091	5711
1092	11667
1093	5852
1094	10397
1095	6242
1096	11407
1097	5917
1098	10716
1099	6316
1100	11529
1101	6030
1102	10471
1103	6146
1104	12488
1105	6195
1106	10446
1107	6400
1108	11946
1109	6389
1110	10842
1111	6187
1112	12507
1113	6555
1114	11043
1115	6453
1116	12485
1117	6662
1118	10955
1119	6697
1120	12485
1121	6536
1122	11432
1123	6632
1124	12720
1125	6745
1126	11769
1127	6680
1128	13522
1129	6885
1130	11399
1131	7152
1132	13105
1133	6909
1134	12003
1135	7065
1136	13272
1137	7213
1138	12171
1139	6897
1140	13568
1141	7102
1142	12058
1143	7451
1144	13482
1145	7255
1146	12549
1147	7475
1148	13776
1149	7277
1150	12497
1151	7535
1152	14294
1153	7300
1154	12444
1155	7751
1156	14260
1157	7550
1158	12779
1159	7532
1160	14255
1161	7766
1162	12865
1163	7531
1164	14524
1165	7895
1166	13358
1167	7899
1168	14767
1169	7972
1170	13707
1171	7824
1172	14757
1173	8043
1174	13686
1175	8057
1176	15483
1177	7890
1178	13630
1179	8482
1180	15296
1181	8271
1182	13870
1183	8357
1184	15761
1185	8746
1186	13677
1187	8336
1188	15656
1189	8614
1190	14384
1191	8363
1192	15681
1193	8710
1194	14618
1195	8669
1196	15996
1197	8703
1198	14693
1199	8769
1200	16524
1201	8702
1202	14498
1203	9044
1204	16299
1205	8787
1206	15006
1207	9105
1208	16860
1209	9249
1210	14969
1211	8947
1212	16875
1213	9282
1214	15394
1215	9290
1216	16870
1217	9302
1218	16170
1219	9257
1220	17048
1221	9654
1222	15670
1223	9732
1224	17707
1225	9585
1226	16430
1227	9901
1228	17615
1229	9718
1230	16071
1231	9828
1232	18199
1233	10005
1234	15900
1235	9998
1236	18429
1237	10077
1238	16350
1239	10017
1240	18459
1241	10092
1242	17051
1243	9967
1244	18197
1245	10369
1246	16779
1247	10323
1248	18976
1249	10130
1250	17106
1251	10614
1252	18408
1253	10479
1254	17648
1255	10599
1256	19270
1257	10541
1258	17184
1259	10640
1260	19576
1261	10746
1262	17448
1263	10588
1264	19783
1265	11013
1266	18173
1267	10810
1268	19341
1269	11085
1270	18118
1271	10876
1272	20467
1273	10995
1274	18302
1275	11273
1276	20126
1277	11084
1278	18672
1279	11336
1280	20842
1281	11285
1282	18512
1283	11616
1284	20750
1285	11389
1286	18412
1287	11349
1288	21115
1289	11509
1290	19251
1291	11663
1292	20755
1293	11941
1294	19391
1295	11924
1296	21123
1297	12132
1298	19670
1299	12084
1300	21309
1301	11904
1302	19891
1303	12364
1304	21841
1305	12375
1306	19797
1307	12423
1308	22396
1309	12311
1310	19635
1311	12506
1312	21954
1313	12610
1314	20261
1315	12424
1316	22352
1317	12763
1318	20829
1319	12820
1320	22730
1321	12793
1322	20959
1323	13111
1324	22285
1325	12753
1326	21249
1327	13342
1328	23093
1329	12866
1330	21164
1331	13274
1332	23356
1333	13207
1334	21388
1335	13402
1336	23674
1337	13275
1338	22133
1339	13712
1340	23734
1341	13973
1342	21547
1343	13403
1344	24341
1345	13716
1346	22089
1347	13686
1348	24002
1349	13800
1350	22443
1351	14126
1352	24816
1353	14215
1354	22765
1355	14115
1356	24737
1357	14174
1358	22991
1359	14253
1360	25197
1361	14011
1362	22707
1363	14489
1364	25204
1365	14630
1366	23482
1367	14349
1368	25324
1369	14891
1370	23864
1371	14588
1372	25275
1373	14599
1374	24056
1375	14831
1376	25448
1377	14838
1378	23967
1379	14778
1380	26312
1381	15038
1382	24391
1383	15195
1384	26731
1385	15066
1386	24420
1387	15163
1388	26536
1389	15236
1390	24653
1391	15322
1392	26866
1393	15512
1394	25036
1395	15638
1396	26809
1397	15610
1398	25079
1399	15531
1400	27250
1401	15855
1402	25506
1403	15833
1404	27757
1405	15916
1406	25858
1407	16511
1408	27815
1409	16077
1410	26031
1411	16193
1412	27939
1413	16499
1414	26282
1415	16027
1416	28930
1417	16626
1418	26336
1419	16238
1420	28580
1421	16474
1422	26438
1423	17056
1424	28637
1425	16941
1426	26642
1427	16658
1428	29314
1429	16675
1430	27156
1431	17335
1432	29239
1433	16737
1434	27708
1435	17338
1436	29649
1437	17225
1438	27379
1439	17145
1440	30093
1441	17590
1442	27912
1443	17464
1444	29808
1445	17750
1446	28160
1447	17741
1448	29987
1449	17704
1450	28406
1451	18012
1452	30267
1453	18078
1454	28884
1455	18022
1456	30811
1457	17974
1458	29049
1459	18364
1460	31675
1461	18274
1462	28755
1463	18487
1464	31719
1465	18687
1466	29137
1467	18563
1468	31757
1469	18829
1470	29492
1471	18430
1472	32079
1473	18767
1474	30375
1475	18903
1476	31751
1477	18715
1478	30491
1479	19230
1480	32461
1481	18653
1482	30490
1483	19342
1484	32268
1485	19270
1486	30772
1487	19144
1488	32965
1489	19637
1490	30296
1491	19084
1492	32971
1493	19807
1494	31331
1495	19428
1496	33193
1497	19743
1498	31308
1499	20156
1500	33638
1501	19879
1502	31377
1503	19978
1504	33911
1505	20231
1506	32370
1507	20389
1508	34306
1509	19999
1510	31856
1511	20691
1512	35266
1513	20544
1514	32441
1515	20573
1516	35041
1517	20626
1518	33108
1519	20615
1520	35070
1521	21121
1522	32673
1523	20797
1524	35425
1525	21109
1526	33172
1527	21248
1528	35578
1529	21325
1530	33664
1531	21430
1532	35649
1533	21358
1534	33715
1535	21682
1536	36267
1537	21572
1538	34092
1539	21553
1540	36296
1541	21753
1542	34155
1543	21616
1544	36367
1545	21682
1546	34630
1547	21917
1548	36674
1549	22356
1550	34390
1551	22107
1552	36633
1553	22257
1554	35038
1555	22047
1556	37299
1557	22165
1558	34908
1559	22478
1560	37921
1561	22491
1562	35631
1563	22946
1564	38032
1565	22756
1566	35681
1567	22638
1568	38294
1569	22867
1570	36213
1571	23190
1572	38724
1573	23509
1574	36298
1575	23300
1576	38670
1577	23019
1578	36801
1579	23506
1580	38552
1581	23242
1582	36986
1583	23680
1584	39433
1585	23740
1586	37322
1587	23683
1588	39491
1589	23909
1590	37470
1591	24096
1592	39384
1593	24289
1594	37911
1595	24050
1596	39949
1597	24508
1598	38075
1599	23939
1600	40341
1601	24207
1602	38340
1603	24434
1604	41055
1605	24621
1606	38675
1607	24385
1608	40901
1609	24937
1610	38610
1611	24931
1612	41467
1613	24930
1614	38793
1615	25079
1616	41069
1617	25243
1618	38897
1619	25128
1620	41881
1621	25424
1622	39440
1623	25457
1624	42170
1625	25484
1626	39928
1627	25633
1628	42116
1629	25690
1630	39841
1631	26067
1632	42010
1633	25461
1634	41208
1635	26089
1636	42158
1637	25984
1638	40655
1639	26084
1640	43022
1641	25958
1642	41025
1643	26199
1644	43614
1645	26359
1646	41063
1647	26566
1648	44347
1649	26817
1650	41932
1651	26654
1652	44615
1653	26677
1654	42123
1655	27054
1656	44457
1657	26834
1658	42086
1659	27204
1660	44486
1661	26962
1662	42071
1663	27056
1664	45373
1665	27283
1666	41786
1667	27362
1668	45113
1669	27437
1670	42904
1671	27708
1672	45701
1673	27370
1674	43471
1675	27724
1676	45201
1677	27190
1678	43345
1679	28246
1680	45725
1681	28165
1682	43887
1683	28540
1684	45931
1685	27957
1686	44095
1687	28430
1688	46596
1689	28551
1690	44523
1691	28799
1692	47356
1693	29042
1694	45018
1695	28878
1696	47373
1697	29051
1698	45169
1699	28860
1700	47488
1701	29198
1702	45319
1703	29064
1704	47869
1705	29142
1706	45219
1707	29139
1708	48221
1709	29138
1710	45776
1711	29739
1712	48702
1713	29682
1714	45800
1715	29717
1716	48521
1717	30139
1718	46257
1719	29811
1720	48797
1721	30088
1722	47056
1723	30118
1724	48831
1725	30623
1726	47247
1727	30051
1728	49419
1729	30321
1730	47227
1731	30616
1732	50010
1733	30862
1734	47648
1735	30340
1736	50473
1737	30924
1738	47602
1739	31031
1740	50244
1741	31295
1742	47238
1743	31081
1744	50544
1745	30900
1746	48087
1747	31372
1748	50851
1749	31725
1750	48296
1751	30842
1752	51404
1753	31221
1754	48160
1755	31881
1756	51309
1757	31426
1758	48273
1759	31948
1760	51153
1761	30896
1762	49441
1763	31823
1764	51592
1765	31760
1766	49153
1767	32028
1768	52463
1769	31799
1770	50094
1771	32441
1772	52123
1773	32218
1774	50497
1775	32346
1776	52430
1777	32447
1778	50620
1779	32426
1780	52799
1781	32903
1782	50281
1783	32386
1784	53512
1785	32883
1786	51551
1787	33072
1788	53732
1789	33179
1790	51858
1791	33343
1792	54250
1793	33165
1794	51347
1795	33549
1796	54453
1797	33316
1798	52018
1799	33428
1800	54805
1801	33287
1802	52102
1803	33834
1804	54903
1805	33571
1806	52476
1807	34096
1808	54746
1809	33680
1810	52553
1811	34367
1812	55173
1813	33841
1814	53465
1815	34544
1816	55942
1817	34182
1818	53000
1819	34538
1820	55059
1821	34601
1822	53767
1823	34492
1824	56170
1825	34798
1826	53590
1827	35029
1828	55906
1829	34792
1830	53825
1831	35103
1832	56249
1833	35301
1834	54258
1835	35283
1836	57038
1837	35535
1838	54858
1839	35230
1840	57086
1841	35368
1842	54525
1843	35952
1844	58013
1845	35506
1846	54794
1847	35945
1848	57807
1849	35722
1850	55280
1851	36109
1852	57627
1853	36081
1854	55168
1855	36199
1856	57826
1857	36238
1858	55856
1859	36046
1860	58268
1861	36349
1862	55663
1863	36866
1864	58155
1865	36213
1866	56411
1867	37101
1868	59050
1869	36903
1870	56343
1871	36480
1872	59458
1873	36793
1874	57115
1875	37027
1876	59356
1877	37510
1878	56865
1879	37059
1880	60325
1881	37371
1882	57641
1883	37520
1884	60057
1885	37443
1886	57692
1887	37949
1888	60807
1889	38181
1890	57721
1891	39141
1892	60816
1893	38084
1894	58189
1895	38219
1896	61903
1897	38268
1898	58698
1899	38593
1900	61321
1901	38918
1902	59858
1903	38596
1904	61779
1905	38894
1906	59753
1907	39477
1908	62010
1909	38690
1910	60417
1911	39577
1912	62332
1913	39169
1914	60734
1915	38928
1916	62985
1917	39759
1918	60803
1919	39077
1920	62672
1921	39807
1922	60567
1923	39097
1924	63095
1925	39653
1926	61083
1927	39590
1928	62586
1929	40188
1930	60982
1931	39851
1932	63643
1933	39607
1934	60840
1935	40062
1936	64528
1937	39697
1938	61530
1939	40193
1940	64164
1941	40235
1942	61249
1943	40653
1944	64374
1945	40255
1946	62141
1947	40529
1948	64992
1949	40778
1950	62220
1951	40853
1952	64961
1953	40725
1954	63424
1955	41374
1956	65073
1957	40770
1958	63215
1959	41473
1960	65927
1961	41409
1962	63879
1963	41412
1964	65781
1965	41878
1966	63712
1967	41528
1968	65764
1969	41212
1970	63428
1971	41518
1972	66570
1973	41763
1974	63917
1975	41687
1976	67174
1977	41791
1978	63633
1979	41298
1980	65968
1981	41982
1982	63754
1983	41954
1984	66704
1985	42094
1986	63860
1987	42228
1988	67173
1989	41732
1990	64408
1991	42108
1992	66895
1993	42081
1994	64168
1995	42630
1996	67720
1997	42696
1998	65634
1999	42822
2000	68120
2001	42910
2002	65847
2003	42804
2004	68630
2005	42686
2006	65702
2007	42858
2008	68751
2009	43589
2010	66137
2011	43452
2012	68960
2013	43507
2014	66486
2015	43361
2016	68797
2017	43968
2018	66547
2019	43695
2020	69152
2021	43579
2022	66930
2023	43971
2024	69848
2025	43829
2026	66616
2027	44262
2028	70518
2029	43892
2030	67097
2031	44345
2032	69804
2033	43751
2034	67214
2035	44232
2036	70349
2037	44023
2038	67795
2039	44178
2040	70795
2041	44265
2042	68784
2043	44804
2044	70679
2045	44785
2046	68017
2047	44929
2048	71206
2049	44827
2050	68750
2051	44911
2052	70964
2053	45251
2054	68459
2055	45393
2056	71810
2057	45337
2058	69363
2059	45401
2060	72003
2061	45523
2062	69159
2063	45330
2064	72478
2065	45603
2066	69399
2067	46034
2068	72695
2069	45623
2070	69551
2071	45831
2072	72733
2073	45771
2074	70882
2075	46346
2076	73401
2077	45822
2078	70887
2079	46869
2080	73740
2081	45817
2082	71303
2083	46433
2084	73341
2085	46735
2086	71314
2087	46965
2088	73838
2089	46588
2090	71339
2091	46855
2092	73491
2093	47114
2094	71730
2095	47311
2096	74072
2097	47042
2098	72066
2099	46955
2100	73846
2101	47422
2102	72378
2103	47556
2104	74744
2105	47442
2106	72019
2107	47323
2108	74485
2109	47705
2110	72278
2111	47507
2112	75617
2113	47549
2114	72381
2115	47933
2116	76136
2117	47622
2118	73014
2119	48167
2120	76069
2121	47968
2122	73320
2123	48007
2124	76022
2125	48449
2126	73854
2127	48213
2128	76075
2129	47986
2130	74206
2131	48980
2132	75909
2133	48280
2134	74439
2135	48638
2136	76962
2137	49098
2138	74386
2139	48854
2140	76235
2141	48871
2142	75685
2143	48788
2144	76454
2145	49417
2146	75089
2147	49049
2148	77116
2149	49633
2150	74933
2151	49140
2152	77477
2153	49889
2154	74741
2155	49452
2156	78622
2157	49947
2158	74813
2159	50202
2160	79255
2161	49642
2162	75679
2163	50212
2164	78989
2165	49760
2166	76274
2167	50446
2168	79310
2169	50569
2170	77109
2171	50383
2172	79341
2173	50349
2174	76609
2175	51173
2176	79380
2177	50678
2178	77846
2179	50740
2180	79402
2181	50751
2182	77157
2183	50685
2184	80105
2185	51105
2186	77865
2187	50805
2188	78681
2189	51232
2190	77941
2191	50523
2192	79728
2193	50951
2194	78052
2195	50501
2196	79894
2197	51604
2198	78018
2199	50654
2200	80536
2201	50899
2202	77420
2203	50977
2204	80699
2205	51164
2206	77182
2207	51521
2208	80803
2209	50587
2210	77415
2211	51539
2212	81142
2213	50948
2214	77605
2215	52139
2216	80570
2217	51270
2218	77523
2219	51658
2220	80621
2221	50975
2222	78807
2223	51716
2224	80688
2225	51369
2226	78903
2227	52300
2228	80749
2229	52272
2230	79783
2231	52217
2232	81185
2233	52372
2234	79607
2235	52195
2236	82343
2237	52453
2238	80239
2239	52401
2240	81942
2241	53392
2242	80112
2243	52241
2244	83242
2245	53605
2246	80032
2247	52817
2248	83060
2249	53284
2250	79592
2251	52943
2252	82251
2253	52959
2254	79999
2255	53397
2256	82738
2257	53280
2258	79880
2259	53071
2260	83311
2261	53038
2262	80548
2263	54333
2264	82906
2265	53193
2266	80874
2267	53714
2268	83881
2269	53567
2270	81497
2271	53787
2272	83737
2273	54102
2274	81689
2275	54117
2276	83272
2277	54513
2278	82616
2279	54367
2280	84719
2281	55098
2282	83531
2283	54484
2284	85163
2285	54728
2286	83082
2287	54356
2288	85434
2289	54705
2290	83198
2291	54699
2292	86104
2293	54996
2294	82900
2295	54716
2296	86124
2297	54992
2298	83034
2299	55016
2300	86074
2301	54380
2302	82840
2303	54869
2304	86541
2305	54808
2306	82876
2307	55514
2308	86285
2309	54472
2310	83604
2311	55227
2312	86476
2313	54741
2314	83044
2315	55541
2316	85501
2317	55440
2318	84211
2319	55455
2320	85766
2321	55038
2322	84608
2323	55438
2324	86076
2325	55508
2326	85579
2327	55257
2328	86331
2329	55589
2330	84161
2331	55339
2332	86643
2333	55666
2334	84811
2335	55506
2336	87314
2337	56617
2338	84378
2339	56131
2340	88102
2341	56118
2342	84424
2343	56113
2344	87668
2345	56020
2346	84960
2347	56150
2348	87874
2349	56137
2350	85313
2351	56632
2352	88349
2353	56181
2354	85929
2355	56730
2356	88700
2357	56157
2358	85989
2359	57154
2360	88273
2361	56510
2362	85767
2363	57159
2364	88527
2365	56864
2366	86245
2367	56522
2368	89178
2369	57238
2370	86982
2371	57276
2372	88949
2373	57274
2374	86774
2375	57401
2376	89114
2377	57396
2378	87134
2379	57361
2380	89652
2381	58106
2382	86840
2383	57792
2384	89660
2385	58093
2386	87328
2387	58169
2388	91118
2389	57870
2390	88043
2391	58326
2392	91005
2393	57998
2394	87789
2395	58324
2396	91231
2397	58825
2398	88991
2399	58309
2400	91469
2401	58188
2402	89291
2403	59334
2404	91744
2405	58415
2406	89422
2407	58850
2408	91302
2409	58607
2410	89761
2411	58803
2412	91606
2413	58355
2414	89063
2415	58911
2416	91595
2417	58634
2418	89026
2419	58781
2420	91848
2421	59087
2422	88580
2423	58905
2424	92206
2425	59126
2426	89321
2427	58913
2428	91889
2429	59059
2430	89032
2431	58562
2432	91912
2433	59090
2434	89043
2435	58910
2436	92416
2437	58281
2438	88408
2439	59500
2440	92017
2441	58251
2442	89627
2443	58971
2444	92137
2445	59139
2446	89777
2447	59338
2448	92398
2449	59478
2450	90708
2451	60350
2452	93153
2453	59480
2454	91173
2455	60574
2456	92618
2457	60255
2458	91409
2459	61082
2460	93667
2461	60294
2462	91678
2463	60846
2464	94005
2465	61081
2466	91615
2467	60520
2468	94033
2469	60834
2470	91067
2471	60257
2472	93920
2473	60791
2474	91073
2475	60248
2476	94225
2477	60424
2478	91164
2479	60457
2480	94109
2481	59736
2482	90893
2483	59943
2484	94326
2485	60400
2486	90969
2487	60638
2488	94922
2489	60377
2490	91218
2491	60347
2492	93642
2493	59914
2494	91041
2495	60511
2496	94256
2497	60055
2498	91404
2499	60128
2500	93791
2501	60618
2502	91835
2503	60175
2504	93105
2505	60254
2506	92302
2507	60356
2508	93792
2509	60410
2510	91900
2511	60363
2512	94771
2513	60811
2514	91638
2515	61002
2516	93785
2517	61047
2518	91461
2519	60938
2520	95625
2521	61388
2522	91804
2523	61854
2524	95588
2525	61666
2526	92255
2527	61782
2528	95500
2529	61552
2530	92544
2531	62340
2532	94477
2533	61130
2534	92609
2535	61144
2536	95500
2537	61410
2538	92193
2539	61936
2540	94692
2541	61673
2542	92801
2543	62045
2544	94832
2545	61654
2546	93145
2547	61322
2548	94082
2549	61172
2550	93068
2551	61653
2552	93822
2553	61873
2554	92647
2555	61080
2556	94411
2557	61320
2558	92426
2559	61014
2560	94868
2561	61946
2562	92338
2563	61187
2564	95466
2565	61932
2566	92125
2567	61111
2568	95623
2569	62049
2570	92502
2571	62108
2572	96510
2573	62081
2574	93521
2575	62918
2576	96853
2577	62348
2578	94638
2579	63212
2580	96655
2581	62563
2582	94199
2583	63268
2584	97711
2585	63259
2586	95276
2587	63143
2588	97830
2589	63230
2590	95168
2591	63681
2592	97189
2593	63392
2594	96413
2595	62696
2596	97217
2597	63585
2598	95812
2599	63293
2600	97521
2601	64408
2602	95340
2603	63120
2604	98236
2605	63628
2606	95543
2607	63006
2608	98169
2609	62784
2610	95273
2611	63180
2612	97857
2613	63201
2614	94934
2615	62916
2616	98074
2617	62905
2618	94734
2619	63228
2620	98030
2621	63351
2622	94917
2623	63307
2624	98589
2625	62927
2626	96081
2627	63309
2628	98323
2629	63151
2630	96671
2631	63498
2632	97945
2633	63033
2634	96027
2635	64414
2636	98054
2637	63443
2638	96735
2639	63527
2640	97382
2641	63625
2642	96631
2643	63671
2644	98352
2645	63699
2646	96510
2647	62908
2648	98364
2649	63691
2650	95878
2651	63385
2652	98154
2653	64015
2654	96354
2655	63415
2656	98910
2657	64566
2658	95884
2659	63681
2660	99233
2661	63809
2662	95636
2663	64456
2664	99510
2665	63374
2666	96239
2667	64384
2668	99058
2669	63977
2670	96702
2671	64848
2672	100874
2673	64405
2674	97205
2675	64832
2676	99848
2677	65010
2678	98151
2679	65283
2680	100241
2681	64681
2682	99284
2683	64991
2684	100038
2685	66052
2686	98880
2687	65623
2688	100678
2689	65697
2690	99149
2691	64990
2692	100346
2693	66067
2694	99248
2695	65832
2696	101206
2697	65614
2698	99413
2699	66034
2700	101672
2701	65958
2702	99241
2703	64763
2704	102076
2705	65982
2706	98991
2707	65815
2708	101870
2709	65718
2710	98892
2711	65921
2712	102454
2713	65872
2714	98698
2715	65786
2716	101618
2717	65551
2718	99362
2719	66026
2720	101670
2721	65944
2722	99701
2723	66254
2724	101009
2725	65906
2726	99670
2727	65418
2728	101521
2729	65497
2730	99831
2731	65653
2732	101789
2733	66550
2734	100262
2735	65177
2736	102425
2737	66855
2738	100416
2739	66336
2740	102102
2741	66343
2742	100248
2743	66149
2744	102472
2745	66551
2746	100348
2747	66544
2748	103364
2749	66634
2750	100188
2751	66572
2752	103544
2753	66623
2754	99597
2755	66721
2756	103232
2757	65728
2758	99052
2759	66069
2760	103078
2761	65932
2762	99791
2763	66527
2764	101826
2765	65700
2766	99897
2767	65894
2768	102205
2769	65906
2770	99812
2771	66003
2772	101375
2773	65271
2774	99214
2775	65786
2776	100974
2777	66257
2778	99453
2779	65896
2780	101399
2781	66203
2782	99952
2783	65810
2784	101115
2785	65882
2786	99254
2787	65837
2788	101115
2789	66357
2790	99006
2791	65639
2792	102462
2793	66238
2794	99076
2795	65622
2796	101507
2797	66035
2798	98900
2799	66208
2800	102188
2801	66344
2802	99516
2803	66079
2804	101430
2805	65689
2806	99556
2807	66630
2808	101472
2809	66967
2810	99912
2811	66365
2812	101206
2813	66387
2814	100617
2815	66877
2816	101285
2817	65936
2818	100885
2819	66410
2820	102310
2821	66976
2822	100690
2823	66326
2824	101950
2825	66944
2826	100346
2827	66475
2828	102823
2829	67053
2830	101339
2831	65786
2832	102561
2833	66873
2834	100396
2835	65501
2836	103280
2837	66603
2838	100369
2839	66173
2840	102660
2841	66803
2842	99611
2843	66632
2844	103170
2845	66271
2846	99527
2847	66685
2848	102943
2849	65772
2850	99776
2851	67053
2852	103119
2853	66177
2854	99761
2855	66477
2856	102023
2857	66076
2858	100289
2859	66874
2860	101470
2861	66323
2862	100293
2863	66247
2864	101764
2865	66493
2866	100192
2867	66446
2868	101980
2869	66299
2870	100033
2871	66445
2872	102006
2873	66833
2874	100477
2875	65937
2876	101693
2877	67083
2878	99277
2879	66113
2880	103312
2881	66879
2882	99427
2883	66762
2884	102970
2885	67108
2886	99289
2887	66054
2888	102775
2889	66706
2890	99045
2891	66557
2892	101748
2893	65766
2894	98856
2895	65717
2896	101789
2897	65341
2898	98601
2899	65631
2900	100607
2901	65306
2902	98189
2903	65885
2904	99998
2905	64721
2906	98284
2907	65094
2908	100359
2909	65234
2910	97963
2911	65444
2912	99616
2913	65448
2914	98922
2915	65416
2916	99724
2917	65488
2918	98491
2919	65508
2920	100423
2921	66660
2922	98860
2923	65474
2924	102388
2925	66665
2926	99279
2927	65695
2928	102906
2929	66580
2930	100792
2931	66635
2932	102578
2933	67470
2934	100282
2935	67235
2936	103656
2937	66810
2938	100470
2939	67590
2940	103815
2941	66885
2942	101177
2943	67529
2944	102870
2945	66936
2946	100974
2947	67952
2948	102680
2949	66885
2950	101010
2951	67255
2952	102172
2953	66725
2954	100941
2955	67054
2956	101625
2957	66745
2958	100893
2959	66712
2960	101669
2961	67115
2962	100367
2963	66589
2964	102225
2965	67669
2966	100747
2967	66386
2968	102660
2969	67938
2970	100303
2971	66450
2972	102903
2973	67833
2974	100316
2975	66700
2976	103677
2977	68361
2978	100713
2979	67472
2980	104063
2981	67821
2982	101550
2983	68329
2984	104624
2985	67764
2986	101498
2987	68029
2988	104810
2989	67765
2990	101890
2991	68478
2992	104593
2993	67662
2994	102127
2995	68619
2996	103752
2997	68016
2998	102179
2999	69281
3000	104622
3001	67563
3002	102890
3003	68330
3004	103705
3005	67551
3006	102696
3007	67343
3008	103231
3009	68050
3010	102590
3011	67075
3012	103420
3013	68295
3014	101301
3015	67283
3016	104070
3017	68108
3018	101481
3019	67157
3020	104752
3021	67625
3022	101468
3023	67380
3024	104850
3025	67982
3026	100953
3027	67211
3028	105165
3029	67330
3030	102361
3031	68598
3032	104200
3033	67645
3034	101179
3035	68340
3036	104853
3037	67314
3038	102598
3039	67769
3040	104361
3041	66923
3042	102880
3043	67919
3044	103222
3045	67883
3046	102309
3047	68433
3048	104169
3049	67899
3050	102904
3051	67799
3052	104319
3053	68421
3054	103384
3055	67852
3056	104026
3057	68674
3058	102898
3059	67404
3060	104420
3061	69115
3062	103848
3063	68360
3064	105691
3065	68699
3066	103040
3067	68342
3068	105915
3069	69402
3070	103337
3071	68917
3072	106616
3073	69081
3074	102440
3075	69560
3076	107048
3077	68654
3078	103420
3079	69388
3080	106515
3081	68450
3082	103274
3083	69877
3084	105919
3085	68429
3086	102853
3087	69455
3088	105632
3089	68440
3090	103353
3091	68851
3092	104499
3093	68523
3094	103901
3095	68622
3096	104499
3097	67815
3098	103186
3099	68611
3100	104357
3101	68199
3102	103555
3103	67698
3104	104090
3105	67958
3106	102718
3107	67471
3108	103883
3109	68265
3110	102375
3111	67047
3112	104486
3113	67454
3114	101523
3115	67582
3116	104928
3117	67530
3118	102377
3119	67925
3120	105068
3121	67571
3122	101564
3123	68125
3124	105282
3125	67512
3126	102448
3127	68383
3128	105107
3129	67972
3130	102740
3131	68804
3132	104709
3133	67990
3134	102980
3135	67977
3136	104018
3137	68139
3138	102502
3139	68266
3140	103617
3141	68331
3142	103388
3143	67863
3144	103806
3145	68202
3146	103224
3147	67641
3148	104504
3149	67935
3150	103485
3151	67117
3152	103370
3153	68156
3154	101244
3155	67184
3156	103401
3157	67664
3158	102148
3159	67138
3160	104341
3161	67717
3162	100570
3163	67115
3164	103616
3165	66750
3166	100169
3167	66938
3168	102731
3169	66067
3170	99576
3171	66730
3172	102053
3173	66340
3174	99183
3175	66387
3176	103408
3177	66002
3178	98765
3179	66471
3180	100631
3181	65901
3182	98745
3183	65555
3184	101126
3185	65571
3186	99613
3187	65924
3188	100515
3189	65395
3190	100046
3191	65730
3192	100812
3193	65124
3194	99588
3195	65835
3196	100385
3197	66203
3198	99449
3199	65729
3200	100997
3201	66261
3202	98845
3203	65352
3204	101866
3205	66339
3206	100108
3207	66069
3208	101240
3209	66854
3210	99411
3211	66321
3212	102309
3213	65774
3214	99352
3215	67197
3216	102229
3217	66583
3218	99479
3219	66579
3220	101868
3221	66263
3222	100057
3223	67475
3224	101714
3225	67046
3226	100672
3227	67001
3228	101420
3229	66557
3230	100744
3231	66647
3232	100647
3233	66322
3234	99991
3235	66677
3236	100870
3237	65860
3238	99590
3239	64966
3240	100578
3241	65707
3242	99604
3243	65132
3244	100376
3245	65841
3246	97703
3247	64967
3248	100690
3249	64885
3250	97842
3251	65017
3252	100488
3253	65000
3254	97478
3255	64947
3256	100075
3257	65282
3258	97447
3259	65316
3260	99915
3261	65043
3262	97369
3263	65121
3264	99846
3265	64911
3266	98198
3267	65439
3268	99961
3269	65215
3270	98768
3271	65370
3272	100043
3273	65687
3274	99001
3275	66128
3276	100813
3277	65804
3278	98779
3279	66509
3280	101194
3281	66826
3282	99565
3283	66270
3284	100589
3285	67373
3286	99153
3287	65667
3288	100501
3289	66231
3290	97537
3291	65537
3292	100068
3293	65676
3294	97913
3295	65149
3296	99753
3297	65436
3298	96738
3299	65301
3300	100145
3301	64821
3302	96442
3303	64476
3304	99250
3305	63860
3306	96089
3307	64749
3308	97901
3309	63452
3310	95988
3311	64905
3312	97519
3313	64274
3314	96440
3315	64288
3316	97840
3317	63739
3318	96878
3319	64535
3320	97354
3321	64555
3322	97175
3323	63922
3324	98031
3325	65203
3326	97086
3327	64928
3328	98750
3329	65387
3330	97135
3331	63993
3332	99119
3333	65473
3334	97735
3335	65206
3336	99947
3337	65676
3338	97623
3339	65325
3340	100325
3341	65775
3342	97030
3343	65287
3344	99959
3345	65494
3346	97370
3347	65579
3348	100387
3349	65281
3350	97019
3351	65510
3352	100001
3353	64982
3354	97153
3355	65608
3356	99006
3357	64316
3358	97578
3359	65722
3360	98269
3361	64501
3362	98609
3363	65425
3364	97769
3365	64891
3366	98155
3367	64339
3368	98959
3369	64808
3370	97125
3371	65095
3372	98836
3373	65384
3374	98257
3375	64868
3376	99044
3377	65731
3378	96905
3379	64828
3380	98731
3381	65830
3382	97319
3383	64681
3384	99921
3385	66126
3386	96956
3387	64484
3388	99826
3389	65520
3390	97700
3391	65742
3392	100233
3393	66054
3394	96972
3395	65937
3396	101318
3397	64943
3398	97662
3399	66789
3400	100376
3401	65224
3402	98369
3403	66600
3404	101115
3405	65224
3406	99117
3407	66134
3408	99706
3409	65796
3410	99268
3411	66169
3412	99398
3413	65692
3414	99648
3415	65936
3416	100750
3417	65750
3418	98944
3419	65621
3420	100717
3421	66480
3422	99925
3423	66031
3424	100062
3425	65788
3426	98600
3427	65085
3428	101217
3429	65967
3430	98436
3431	64800
3432	101292
3433	65821
3434	98903
3435	65691
3436	101897
3437	65338
3438	97503
3439	65742
3440	101612
3441	64799
3442	97656
3443	65661
3444	101465
3445	64617
3446	98188
3447	65786
3448	100434
3449	64737
3450	99449
3451	65710
3452	99516
3453	64979
3454	99313
3455	66257
3456	99872
3457	65701
3458	99174
3459	65356
3460	99367
3461	65210
3462	98666
3463	64860
3464	98539
3465	65061
3466	98374
3467	64856
3468	98866
3469	65575
3470	98906
3471	64725
3472	99059
3473	65183
3474	98375
3475	64331
3476	99289
3477	65228
3478	97028
3479	64281
3480	100022
3481	64824
3482	95752
3483	63937
3484	99414
3485	63871
3486	95738
3487	63981
3488	98654
3489	64032
3490	95986
3491	64132
3492	99047
3493	63729
3494	96777
3495	64027
3496	97602
3497	62960
3498	95910
3499	64211
3500	98105
3501	62990
3502	96949
3503	63987
3504	97216
3505	63261
3506	96522
3507	63860
3508	97034
3509	63348
3510	96480
3511	63412
3512	96601
3513	64644
3514	96292
3515	63727
3516	97822
3517	64508
3518	96906
3519	63712
3520	98386
3521	64586
3522	95181
3523	63152
3524	98658
3525	64291
3526	94822
3527	63549
3528	99129
3529	64267
3530	95756
3531	64365
3532	99069
3533	64102
3534	95202
3535	64125
3536	97992
3537	63472
3538	96221
3539	64233
3540	98136
3541	63464
3542	95168
3543	64606
3544	97502
3545	63272
3546	96355
3547	63781
3548	97494
3549	63160
3550	95226
3551	63544
3552	96014
3553	63319
3554	95826
3555	62706
3556	95718
3557	63577
3558	95646
3559	62607
3560	95693
3561	62564
3562	95327
3563	62525
3564	95491
3565	63308
3566	94077
3567	62398
3568	95745
3569	62669
3570	93333
3571	62378
3572	94893
3573	62568
3574	92979
3575	62535
3576	96028
3577	62021
3578	93750
3579	61769
3580	95236
3581	62190
3582	92946
3583	62031
3584	95232
3585	61338
3586	93726
3587	62303
3588	95303
3589	61862
3590	92868
3591	61717
3592	95082
3593	61452
3594	92967
3595	62498
3596	94485
3597	61932
3598	94107
3599	61884
3600	94327
3601	62020
3602	93959
3603	61339
3604	93753
3605	62169
3606	93211
3607	61586
3608	94758
3609	62706
3610	91890
3611	60927
3612	94420
3613	62012
3614	92259
3615	61112
3616	94624
3617	61440
3618	91705
3619	61454
3620	94034
3621	61128
3622	90935
3623	61647
3624	94302
3625	60699
3626	90819
3627	60328
3628	93094
3629	60065
3630	89702
3631	60518
3632	91505
3633	59970
3634	89332
3635	59751
3636	91730
3637	59019
3638	89246
3639	59658
3640	89828
3641	59215
3642	89547
3643	58964
3644	90029
3645	59337
3646	89523
3647	58610
3648	89251
3649	59314
3650	88563
3651	58090
3652	89616
3653	59625
3654	87125
3655	58973
3656	89871
3657	59241
3658	88101
3659	58989
3660	90160
3661	59503
3662	88431
3663	59463
3664	90025
3665	59951
3666	88226
3667	59202
3668	91399
3669	60048
3670	88464
3671	60351
3672	91780
3673	59812
3674	89434
3675	60843
3676	91093
3677	59465
3678	89374
3679	60396
3680	91679
3681	59662
3682	89416
3683	60730
3684	91422
3685	59495
3686	91079
3687	60127
3688	90253
3689	60031
3690	89811
3691	59592
3692	89335
3693	59278
3694	89806
3695	58587
3696	90094
3697	59460
3698	87751
3699	58657
3700	89588
3701	58879
3702	87838
3703	57511
3704	87872
3705	58402
3706	86376
3707	57550
3708	88097
3709	57219
3710	85436
3711	57176
3712	87541
3713	57309
3714	84981
3715	57174
3716	88857
3717	56770
3718	85448
3719	56905
3720	86681
3721	56561
3722	84771
3723	57521
3724	86558
3725	56873
3726	86142
3727	58372
3728	87362
3729	57812
3730	87239
3731	58056
3732	88052
3733	58634
3734	87053
3735	58570
3736	87585
3737	58845
3738	88061
3739	58171
3740	88513
3741	58980
3742	87292
3743	58720
3744	88939
3745	58717
3746	87824
3747	58325
3748	89400
3749	59451
3750	86894
3751	58738
3752	89909
3753	58589
3754	87131
3755	57743
3756	88970
3757	58508
3758	85853
3759	58119
3760	89066
3761	57281
3762	86080
3763	58402
3764	88129
3765	57276
3766	86085
3767	58033
3768	87456
3769	56291
3770	85803
3771	57718
3772	86774
3773	56972
3774	86723
3775	57096
3776	86360
3777	57077
3778	85411
3779	57592
3780	85877
3781	56458
3782	86258
3783	56651
3784	86283
3785	57241
3786	85632
3787	57412
3788	86428
3789	57303
3790	85997
3791	56463
3792	87855
3793	57684
3794	85150
3795	56747
3796	88546
3797	57353
3798	86015
3799	56880
3800	88288
3801	57914
3802	85535
3803	57617
3804	89311
3805	57061
3806	86141
3807	57608
3808	88756
3809	56997
3810	86105
3811	57910
3812	88299
3813	56623
3814	86424
3815	58019
3816	87757
3817	56988
3818	86976
3819	57550
3820	88096
3821	57290
3822	86149
3823	57993
3824	87778
3825	57116
3826	87411
3827	57061
3828	87118
3829	56733
3830	85893
3831	56660
3832	86462
3833	57855
3834	87114
3835	56171
3836	87028
3837	58193
3838	85095
3839	56272
3840	87493
3841	57152
3842	85507
3843	56121
3844	87214
3845	57834
3846	84508
3847	56295
3848	88537
3849	56432
3850	84821
3851	57226
3852	87891
3853	56835
3854	84611
3855	56870
3856	88123
3857	56232
3858	84914
3859	57364
3860	87553
3861	56368
3862	85071
3863	57128
3864	86717
3865	55961
3866	85895
3867	57428
3868	85943
3869	56346
3870	85985
3871	56691
3872	86930
3873	56819
3874	85740
3875	56680
3876	86674
3877	57069
3878	86743
3879	56198
3880	87125
3881	57713
3882	85440
3883	56654
3884	86614
3885	57379
3886	85885
3887	56333
3888	88011
3889	57645
3890	85171
3891	56950
3892	88190
3893	57214
3894	84735
3895	56716
3896	87339
3897	56684
3898	84495
3899	57417
3900	87991
3901	56194
3902	85020
3903	56864
3904	86706
3905	56090
3906	84590
3907	56490
3908	86278
3909	56221
3910	85606
3911	57050
3912	85875
3913	56070
3914	85003
3915	56712
3916	85173
3917	55453
3918	85581
3919	56491
3920	84689
3921	56032
3922	84729
3923	55550
3924	85176
3925	55923
3926	85051
3927	55316
3928	85339
3929	56499
3930	84701
3931	55258
3932	85367
3933	55877
3934	83894
3935	55694
3936	85843
3937	55458
3938	83605
3939	55572
3940	85554
3941	55931
3942	83203
3943	55541
3944	86527
3945	54953
3946	83079
3947	55777
3948	85909
3949	55310
3950	83436
3951	55773
3952	85178
3953	54659
3954	83617
3955	56622
3956	85195
3957	55761
3958	83955
3959	55833
3960	85043
3961	55301
3962	84348
3963	55469
3964	83937
3965	55939
3966	84555
3967	54935
3968	84507
3969	55996
3970	84556
3971	55037
3972	84616
3973	55825
3974	83917
3975	54967
3976	85207
3977	56139
3978	82535
3979	55280
3980	84977
3981	55224
3982	82183
3983	55183
3984	83949
3985	55811
3986	82269
3987	54483
3988	84057
3989	55063
3990	81217
3991	54169
3992	84096
3993	54578
3994	80122
3995	54599
3996	82792
3997	53668
3998	80655
3999	54387
4000	81852
4001	52967
4002	79983
4003	54039
4004	81501
4005	52595
4006	80717
4007	53586
4008	80253
4009	52838
4010	79898
4011	52288
4012	79158
4013	52833
4014	79563
4015	52310
4016	79332
4017	52724
4018	79338
4019	51670
4020	79132
4021	52432
4022	77836
4023	51993
4024	79618
4025	52205
4026	78137
4027	51508
4028	79732
4029	52860
4030	76815
4031	51957
4032	79065
4033	52551
4034	77319
4035	51725
4036	79865
4037	52035
4038	77128
4039	53050
4040	79619
4041	52148
4042	77884
4043	52854
4044	79512
4045	52237
4046	77757
4047	53336
4048	79963
4049	51668
4050	78909
4051	52914
4052	78574
4053	52591
4054	78744
4055	52502
4056	78991
4057	52941
4058	79051
4059	52824
4060	78770
4061	53376
4062	78806
4063	52283
4064	79109
4065	52994
4066	78705
4067	52001
4068	79237
4069	53249
4070	77629
4071	51886
4072	79225
4073	52635
4074	77625
4075	51561
4076	79137
4077	52419
4078	76518
4079	50979
4080	79329
4081	51722
4082	75658
4083	51874
4084	78336
4085	50594
4086	75707
4087	51129
4088	77805
4089	50324
4090	75517
4091	51705
4092	77236
4093	49988
4094	75345
4095	50687
4096	75816
4097	49113
4098	74832
4099	50675
4100	74749
4101	49313
4102	74579
4103	49041
4104	74722
4105	49538
4106	73926
4107	48834
4108	73680
4109	48910
4110	74133
4111	48686
4112	73990
4113	49231
4114	72862
4115	48030
4116	74519
4117	49262
4118	72815
4119	48174
4120	74299
4121	48915
4122	72388
4123	48543
4124	74778
4125	48461
4126	72345
4127	49008
4128	75027
4129	48681
4130	72652
4131	48911
4132	75107
4133	48257
4134	73214
4135	49987
4136	74558
4137	49202
4138	73649
4139	49466
4140	73454
4141	48619
4142	74099
4143	49413
4144	73584
4145	48914
4146	73540
4147	48818
4148	74107
4149	48726
4150	73009
4151	48585
4152	72909
4153	48255
4154	73105
4155	47504
4156	72336
4157	48296
4158	71167
4159	46907
4160	72387
4161	48047
4162	71632
4163	46424
4164	72561
4165	47115
4166	70052
4167	46074
4168	71167
4169	46573
4170	69851
4171	46230
4172	71105
4173	46202
4174	68399
4175	46185
4176	71103
4177	46262
4178	68635
4179	47043
4180	70596
4181	45890
4182	69014
4183	46306
4184	70493
4185	45824
4186	69095
4187	46807
4188	69648
4189	45972
4190	70280
4191	46384
4192	71098
4193	46590
4194	69529
4195	47023
4196	70575
4197	46740
4198	71034
4199	46587
4200	70488
4201	47419
4202	71224
4203	47355
4204	71151
4205	47644
4206	71062
4207	46609
4208	72122
4209	48151
4210	70008
4211	46476
4212	72558
4213	47452
4214	69839
4215	46616
4216	72154
4217	47241
4218	69012
4219	46379
4220	71827
4221	46538
4222	69677
4223	46881
4224	71588
4225	45825
4226	68995
4227	46198
4228	70256
4229	45025
4230	68475
4231	46332
4232	69429
4233	44615
4234	69834
4235	45560
4236	69797
4237	45052
4238	68987
4239	45474
4240	69000
4241	45406
4242	69202
4243	44769
4244	68553
4245	45681
4246	68910
4247	44877
4248	69636
4249	45547
4250	68817
4251	44442
4252	69332
4253	45983
4254	67679
4255	44710
4256	70399
4257	45478
4258	68261
4259	45017
4260	70114
4261	46105
4262	68040
4263	45669
4264	71248
4265	45276
4266	68435
4267	46035
4268	69615
4269	45242
4270	68044
4271	46453
4272	71127
4273	45429
4274	68513
4275	46582
4276	69674
4277	44998
4278	70068
4279	45933
4280	69902
4281	45227
4282	70195
4283	46124
4284	68567
4285	45092
4286	70524
4287	45376
4288	68951
4289	45428
4290	69151
4291	45433
4292	68979
4293	46034
4294	69798
4295	44619
4296	70243
4297	46050
4298	68013
4299	44858
4300	70232
4301	45893
4302	69153
4303	45068
4304	70563
4305	46442
4306	68268
4307	45644
4308	70436
4309	45145
4310	68794
4311	45280
4312	70445
4313	45444
4314	68104
4315	45522
4316	71653
4317	44944
4318	68492
4319	46570
4320	70594
4321	45110
4322	69015
4323	46089
4324	69904
4325	44967
4326	69466
4327	45797
4328	69170
4329	45266
4330	69961
4331	45767
4332	69675
4333	45671
4334	69475
4335	45608
4336	69357
4337	45489
4338	69379
4339	44647
4340	69502
4341	45937
4342	68147
4343	45283
4344	69647
4345	45900
4346	69011
4347	44744
4348	69422
4349	46435
4350	67383
4351	44926
4352	70144
4353	45125
4354	67681
4355	45183
4356	68621
4357	45502
4358	67261
4359	44851
4360	69734
4361	44857
4362	66528
4363	45263
4364	69124
4365	44388
4366	67419
4367	45504
4368	68753
4369	43932
4370	68014
4371	45511
4372	67876
4373	44249
4374	69162
4375	45099
4376	67836
4377	44601
4378	67872
4379	45042
4380	67895
4381	44324
4382	68110
4383	45067
4384	68057
4385	45339
4386	68207
4387	44575
4388	68791
4389	45611
4390	68211
4391	44402
4392	68413
4393	45371
4394	67720
4395	44455
4396	69380
4397	45443
4398	66955
4399	44645
4400	69140
4401	45143
4402	66512
4403	44250
4404	69520
4405	44183
4406	66207
4407	45062
4408	68730
4409	44401
4410	66219
4411	45123
4412	68478
4413	43798
4414	66463
4415	45485
4416	67559
4417	44327
4418	66887
4419	44332
4420	66919
4421	44285
4422	67212
4423	44281
4424	67116
4425	44142
4426	67387
4427	44062
4428	67532
4429	44420
4430	66019
4431	43959
4432	65934
4433	43681
4434	67521
4435	42796
4436	66581
4437	44757
4438	65563
4439	43037
4440	67170
4441	43713
4442	64800
4443	42662
4444	66632
4445	43767
4446	64708
4447	43573
4448	66719
4449	43349
4450	64304
4451	43089
4452	66609
4453	42992
4454	63977
4455	43680
4456	66027
4457	42538
4458	64107
4459	43690
4460	65437
4461	42638
4462	64599
4463	43599
4464	65359
4465	42555
4466	64828
4467	43499
4468	64523
4469	43022
4470	64309
4471	43145
4472	64722
4473	42918
4474	65158
4475	42844
4476	63594
4477	43300
4478	64724
4479	42267
4480	64109
4481	43400
4482	64391
4483	42249
4484	64630
4485	43625
4486	63331
4487	42377
4488	65558
4489	43308
4490	62689
4491	42390
4492	65562
4493	42585
4494	62291
4495	42855
4496	65085
4497	42127
4498	62223
4499	42323
4500	64771
4501	41801
4502	63351
4503	43084
4504	64592
4505	42100
4506	62602
4507	42368
4508	63337
4509	41693
4510	63032
4511	41991
4512	62706
4513	42166
4514	62581
4515	41884
4516	62458
4517	41004
4518	63518
4519	40879
4520	62265
4521	42189
4522	62759
4523	41053
4524	61485
4525	41188
4526	61080
4527	39906
4528	61915
4529	41156
4530	60500
4531	39841
4532	62414
4533	40952
4534	59995
4535	40134
4536	61903
4537	40305
4538	59237
4539	39923
4540	61745
4541	40222
4542	59058
4543	40571
4544	61553
4545	40114
4546	59460
4547	40488
4548	61024
4549	39334
4550	59722
4551	40656
4552	60687
4553	39223
4554	59768
4555	40132
4556	60387
4557	38817
4558	59712
4559	39684
4560	60076
4561	40006
4562	59735
4563	39926
4564	59163
4565	39584
4566	59898
4567	39094
4568	59347
4569	39520
4570	59132
4571	38725
4572	59411
4573	39528
4574	58431
4575	38494
4576	59167
4577	39348
4578	57338
4579	38680
4580	58971
4581	39345
4582	56976
4583	38319
4584	59617
4585	38156
4586	56557
4587	38879
4588	58507
4589	37672
4590	56330
4591	38376
4592	58065
4593	37815
4594	56059
4595	38185
4596	58281
4597	37071
4598	55992
4599	37841
4600	56871
4601	36471
4602	56485
4603	37828
4604	55754
4605	36597
4606	56458
4607	37199
4608	55198
4609	36654
4610	55629
4611	35929
4612	54591
4613	36347
4614	55192
4615	35698
4616	54785
4617	36365
4618	53886
4619	34860
4620	54599
4621	35286
4622	53426
4623	34689
4624	54232
4625	35392
4626	52472
4627	34555
4628	54794
4629	34688
4630	51700
4631	34667
4632	53934
4633	34568
4634	51507
4635	34617
4636	54208
4637	34218
4638	51581
4639	35359
4640	53155
4641	34603
4642	52150
4643	35163
4644	53901
4645	34460
4646	52462
4647	35948
4648	53274
4649	34661
4650	54436
4651	35767
4652	53553
4653	35552
4654	53586
4655	35445
4656	54024
4657	35808
4658	54712
4659	35611
4660	54045
4661	36371
4662	54286
4663	35939
4664	55238
4665	36623
4666	54660
4667	35246
4668	54938
4669	37093
4670	53859
4671	35523
4672	55654
4673	36435
4674	53372
4675	35681
4676	55113
4677	36054
4678	52479
4679	35356
4680	55600
4681	35553
4682	52428
4683	36194
4684	55169
4685	34828
4686	52640
4687	35633
4688	53645
4689	34158
4690	51816
4691	35010
4692	52375
4693	33566
4694	51952
4695	34436
4696	51721
4697	33479
4698	51774
4699	33794
4700	50333
4701	33456
4702	51973
4703	32711
4704	50808
4705	34029
4706	50037
4707	32420
4708	50389
4709	33229
4710	50344
4711	32292
4712	50195
4713	34100
4714	49942
4715	32443
4716	51438
4717	33495
4718	50169
4719	32610
4720	51524
4721	33597
4722	49494
4723	33264
4724	52629
4725	33139
4726	49893
4727	33587
4728	52687
4729	33019
4730	50415
4731	33710
4732	52326
4733	33089
4734	50645
4735	34178
4736	51848
4737	33229
4738	51474
4739	34331
4740	51869
4741	33427
4742	51969
4743	34449
4744	51482
4745	33557
4746	52032
4747	33011
4748	51043
4749	34017
4750	51566
4751	32974
4752	51949
4753	33762
4754	51519
4755	32876
4756	51364
4757	33866
4758	50761
4759	32610
4760	51835
4761	33598
4762	50426
4763	32496
4764	51615
4765	33852
4766	49736
4767	32340
4768	52948
4769	33272
4770	49387
4771	33291
4772	51455
4773	32799
4774	49445
4775	33076
4776	51660
4777	32121
4778	49837
4779	33791
4780	51128
4781	31923
4782	49738
4783	33139
4784	51285
4785	32325
4786	49918
4787	33226
4788	49932
4789	32370
4790	50604
4791	32837
4792	50169
4793	33063
4794	50480
4795	32714
4796	49893
4797	32519
4798	51137
4799	32568
4800	49978
4801	33414
4802	49824
4803	32423
4804	50770
4805	33187
4806	50255
4807	32133
4808	50824
4809	33502
4810	49079
4811	32478
4812	52699
4813	32700
4814	49290
4815	33209
4816	51480
4817	32580
4818	49400
4819	32782
4820	51903
4821	32311
4822	49715
4823	33556
4824	50783
4825	32931
4826	50274
4827	33250
4828	51406
4829	32017
4830	50234
4831	33491
4832	50434
4833	32725
4834	50469
4835	32860
4836	50758
4837	32506
4838	50945
4839	33154
4840	49902
4841	32953
4842	51395
4843	32688
4844	50882
4845	33366
4846	50146
4847	32554
4848	51025
4849	33232
4850	50992
4851	32613
4852	50777
4853	33974
4854	49674
4855	32692
4856	51882
4857	33388
4858	49465
4859	32451
4860	51284
4861	33353
4862	48813
4863	33303
4864	51930
4865	32609
4866	49278
4867	33637
4868	50975
4869	32829
4870	48699
4871	33146
4872	50855
4873	32994
4874	48722
4875	33707
4876	50098
4877	32450
4878	49758
4879	33419
4880	50019
4881	32628
4882	49716
4883	33211
4884	49259
4885	32449
4886	50876
4887	32627
4888	49421
4889	33192
4890	49437
4891	32466
4892	50256
4893	33294
4894	50259
4895	31957
4896	49698
4897	33433
4898	48478
4899	32093
4900	50189
4901	33306
4902	49116
4903	32346
4904	50435
4905	32810
4906	48152
4907	32460
4908	51065
4909	32197
4910	48175
4911	32744
4912	50151
4913	32324
4914	48342
4915	32445
4916	50065
4917	32201
4918	48632
4919	33207
4920	49563
4921	32087
4922	49842
4923	32526
4924	50124
4925	31744
4926	48892
4927	33077
4928	48196
4929	32006
4930	50005
4931	32262
4932	49623
4933	32385
4934	49009
4935	32117
4936	48628
4937	32491
4938	49997
4939	32171
4940	49911
4941	33419
4942	48253
4943	32366
4944	50438
4945	32566
4946	49257
4947	32266
4948	49835
4949	32741
4950	48126
4951	31976
4952	50366
4953	32320
4954	48088
4955	32281
4956	50126
4957	32220
4958	47808
4959	32576
4960	50568
4961	32058
4962	47560
4963	32281
4964	49219
4965	31269
4966	47635
4967	32343
4968	48999
4969	31219
4970	48457
4971	32521
4972	47257
4973	31180
4974	48713
4975	31719
4976	47890
4977	31652
4978	47432
4979	31648
4980	47171
4981	31587
4982	48031
4983	30760
4984	47614
4985	31569
4986	47670
4987	30965
4988	47275
4989	30909
4990	47041
4991	30310
4992	47258
4993	31936
4994	46406
4995	30638
4996	48192
4997	31282
4998	45904
4999	30465
5000	48078
5001	30975
5002	45879
5003	30674
5004	48222
5005	29821
5006	45747
5007	31145
5008	46930
5009	30070
5010	45828
5011	30608
5012	46552
5013	29758
5014	45830
5015	31146
5016	45859
5017	29751
5018	46225
5019	30584
5020	45252
5021	29553
5022	46396
5023	30335
5024	44994
5025	30007
5026	45542
5027	29746
5028	45458
5029	30137
5030	44564
5031	29377
5032	45180
5033	29839
5034	44670
5035	29293
5036	44914
5037	30347
5038	44171
5039	28746
5040	45250
5041	30089
5042	43416
5043	29209
5044	45327
5045	29543
5046	42533
5047	29220
5048	45385
5049	29005
5050	43504
5051	29357
5052	44790
5053	28604
5054	42916
5055	29638
5056	44736
5057	28407
5058	43852
5059	30132
5060	43246
5061	28695
5062	43081
5063	29255
5064	43554
5065	28530
5066	43318
5067	29243
5068	42665
5069	28618
5070	43549
5071	28419
5072	42776
5073	28956
5074	43026
5075	28172
5076	42761
5077	28622
5078	42842
5079	27446
5080	42908
5081	28938
5082	42233
5083	27265
5084	42961
5085	28029
5086	41150
5087	27256
5088	42948
5089	28323
5090	40502
5091	27487
5092	42786
5093	27539
5094	40314
5095	27589
5096	41978
5097	26948
5098	40475
5099	27018
5100	42110
5101	26517
5102	40840
5103	27328
5104	41031
5105	26487
5106	40216
5107	26961
5108	41228
5109	26273
5110	40670
5111	27439
5112	40248
5113	26118
5114	40449
5115	26483
5116	39935
5117	26179
5118	40557
5119	26194
5120	40260
5121	26558
5122	40450
5123	25437
5124	40467
5125	26727
5126	39570
5127	25572
5128	40037
5129	26364
5130	38654
5131	25117
5132	39426
5133	25948
5134	37892
5135	24924
5136	39696
5137	25869
5138	37134
5139	24909
5140	39749
5141	24473
5142	37090
5143	24910
5144	38809
5145	23876
5146	37130
5147	25145
5148	37904
5149	24092
5150	37452
5151	25065
5152	38006
5153	23626
5154	36702
5155	24511
5156	36667
5157	24195
5158	37415
5159	24072
5160	36950
5161	23936
5162	37510
5163	24230
5164	36391
5165	24094
5166	36898
5167	23487
5168	36926
5169	24365
5170	37222
5171	23556
5172	36655
5173	24962
5174	37052
5175	23754
5176	37664
5177	25157
5178	36625
5179	24065
5180	38503
5181	24407
5182	36285
5183	24468
5184	38858
5185	24654
5186	36604
5187	25361
5188	38497
5189	24555
5190	36865
5191	24997
5192	38102
5193	24414
5194	37269
5195	25241
5196	38288
5197	24270
5198	37445
5199	25334
5200	37755
5201	23945
5202	37215
5203	24949
5204	37220
5205	24281
5206	37518
5207	24365
5208	36516
5209	24600
5210	37562
5211	23820
5212	36706
5213	24107
5214	36206
5215	23123
5216	36048
5217	24047
5218	35942
5219	22795
5220	36672
5221	23919
5222	35491
5223	22496
5224	35706
5225	23153
5226	33773
5227	22365
5228	36318
5229	22147
5230	33636
5231	22214
5232	35729
5233	22004
5234	33348
5235	22710
5236	35556
5237	21590
5238	34065
5239	22729
5240	34702
5241	21356
5242	33842
5243	22341
5244	34325
5245	21786
5246	34042
5247	22461
5248	34327
5249	21761
5250	34459
5251	22799
5252	34171
5253	22252
5254	35234
5255	22289
5256	34225
5257	22755
5258	35747
5259	21753
5260	34514
5261	23157
5262	34732
5263	22013
5264	35747
5265	23151
5266	34437
5267	22026
5268	35671
5269	22819
5270	34407
5271	22363
5272	36024
5273	22761
5274	33889
5275	22343
5276	35911
5277	22654
5278	34198
5279	22521
5280	36086
5281	21974
5282	33401
5283	22967
5284	35034
5285	21617
5286	34330
5287	22291
5288	35017
5289	21615
5290	33931
5291	22581
5292	34272
5293	21622
5294	34142
5295	22334
5296	33469
5297	21813
5298	34141
5299	22020
5300	33463
5301	21744
5302	33974
5303	21421
5304	33235
5305	22006
5306	33281
5307	20778
5308	34047
5309	21643
5310	33876
5311	20633
5312	33615
5313	22452
5314	32933
5315	20564
5316	34668
5317	21870
5318	32416
5319	21029
5320	33854
5321	21585
5322	32278
5323	21277
5324	35260
5325	21270
5326	32189
5327	21811
5328	34562
5329	21157
5330	32807
5331	22061
5332	34463
5333	20815
5334	33084
5335	22038
5336	33514
5337	20771
5338	33859
5339	21778
5340	33729
5341	21079
5342	33564
5343	22078
5344	33078
5345	21370
5346	35311
5347	21442
5348	33583
5349	22128
5350	33660
5351	21137
5352	33403
5353	22042
5354	33766
5355	21194
5356	33591
5357	22293
5358	32642
5359	21245
5360	34118
5361	22004
5362	33225
5363	21168
5364	33873
5365	22083
5366	32972
5367	21358
5368	34987
5369	21815
5370	32204
5371	21857
5372	34632
5373	20959
5374	32717
5375	21821
5376	34625
5377	20969
5378	33544
5379	22711
5380	33660
5381	21391
5382	33529
5383	21947
5384	33797
5385	21377
5386	33704
5387	22340
5388	33398
5389	21389
5390	34576
5391	22186
5392	33395
5393	22418
5394	34379
5395	21648
5396	33672
5397	22264
5398	35039
5399	21318
5400	34027
5401	22942
5402	33758
5403	21808
5404	34666
5405	22667
5406	34471
5407	21684
5408	34786
5409	22844
5410	33362
5411	21737
5412	35513
5413	22317
5414	32902
5415	21777
5416	35165
5417	21998
5418	32893
5419	22403
5420	35383
5421	21731
5422	33061
5423	23030
5424	34201
5425	21390
5426	33556
5427	22377
5428	34503
5429	21724
5430	33736
5431	22915
5432	33392
5433	21553
5434	35059
5435	22400
5436	33850
5437	21846
5438	33756
5439	22188
5440	33743
5441	22158
5442	34888
5443	21461
5444	33440
5445	22947
5446	33344
5447	21526
5448	34003
5449	22522
5450	33520
5451	21355
5452	34014
5453	22742
5454	32876
5455	21732
5456	34457
5457	21894
5458	32485
5459	21672
5460	34671
5461	21899
5462	32398
5463	21448
5464	35051
5465	21388
5466	32356
5467	22505
5468	33604
5469	21087
5470	32795
5471	22066
5472	33971
5473	20980
5474	32947
5475	22141
5476	32621
5477	21221
5478	33520
5479	21834
5480	33538
5481	20837
5482	33213
5483	21950
5484	32439
5485	21393
5486	34107
5487	21182
5488	32157
5489	22342
5490	32869
5491	21292
5492	32801
5493	22119
5494	33426
5495	20669
5496	33276
5497	22130
5498	32642
5499	21266
5500	33897
5501	21816
5502	32437
5503	21084
5504	33895
5505	22128
5506	31683
5507	21213
5508	34558
5509	21256
5510	31866
5511	22018
5512	33915
5513	21663
5514	32398
5515	21951
5516	33957
5517	21141
5518	32650
5519	22163
5520	33058
5521	20806
5522	33232
5523	22051
5524	33498
5525	20885
5526	32849
5527	22135
5528	32535
5529	21153
5530	33892
5531	21569
5532	32750
5533	21523
5534	33180
5535	21267
5536	32504
5537	21940
5538	32764
5539	20515
5540	32486
5541	21770
5542	31765
5543	20588
5544	32498
5545	20994
5546	32059
5547	20415
5548	32425
5549	21249
5550	30818
5551	19877
5552	32602
5553	20668
5554	30392
5555	20096
5556	31991
5557	19692
5558	29727
5559	20278
5560	32385
5561	19436
5562	30549
5563	20639
5564	30686
5565	19603
5566	30316
5567	20256
5568	31219
5569	18916
5570	30131
5571	20450
5572	30128
5573	19243
5574	31281
5575	19509
5576	30121
5577	19438
5578	30328
5579	19287
5580	29984
5581	19371
5582	30436
5583	18906
5584	29627
5585	20113
5586	29724
5587	18928
5588	30456
5589	19844
5590	29498
5591	18884
5592	30149
5593	19878
5594	28612
5595	18601
5596	30372
5597	19553
5598	29279
5599	18866
5600	30620
5601	19615
5602	28440
5603	19263
5604	30710
5605	18794
5606	28242
5607	19916
5608	29745
5609	18570
5610	29447
5611	19659
5612	29768
5613	18640
5614	28849
5615	20126
5616	29106
5617	18680
5618	29945
5619	18781
5620	28553
5621	18892
5622	29621
5623	19542
5624	28076
5625	18832
5626	29970
5627	18410
5628	28681
5629	19810
5630	29210
5631	18683
5632	29143
5633	19040
5634	28698
5635	18465
5636	28720
5637	19502
5638	27628
5639	18489
5640	29080
5641	19276
5642	27909
5643	18174
5644	29243
5645	19396
5646	26318
5647	18405
5648	29577
5649	18350
5650	26922
5651	18916
5652	28612
5653	17956
5654	27180
5655	18704
5656	28359
5657	17877
5658	27536
5659	18721
5660	27150
5661	17812
5662	27568
5663	18069
5664	27080
5665	17225
5666	27227
5667	18403
5668	25969
5669	17435
5670	27810
5671	17148
5672	25969
5673	17234
5674	26737
5675	16818
5676	25820
5677	17483
5678	26220
5679	16289
5680	26019
5681	17585
5682	25561
5683	16466
5684	26383
5685	16782
5686	25444
5687	16117
5688	26089
5689	16812
5690	24486
5691	16074
5692	27069
5693	16391
5694	24615
5695	16424
5696	26789
5697	16392
5698	24697
5699	16849
5700	26976
5701	15660
5702	25185
5703	17205
5704	25612
5705	15969
5706	25553
5707	16740
5708	25314
5709	16114
5710	25856
5711	17027
5712	25312
5713	16140
5714	26232
5715	16398
5716	24960
5717	16446
5718	26385
5719	16387
5720	24592
5721	16411
5722	25816
5723	16032
5724	25178
5725	17109
5726	25233
5727	15791
5728	26051
5729	16534
5730	24454
5731	15786
5732	25706
5733	16485
5734	23695
5735	15774
5736	26080
5737	15896
5738	23686
5739	15127
5740	25455
5741	15871
5742	23167
5743	15601
5744	25231
5745	15025
5746	23423
5747	15824
5748	24324
5749	14855
5750	23351
5751	15432
5752	23780
5753	14470
5754	23423
5755	15379
5756	22996
5757	14517
5758	23245
5759	14825
5760	22928
5761	14421
5762	23695
5763	15046
5764	22363
5765	14646
5766	23865
5767	13998
5768	22783
5769	14896
5770	22915
5771	14119
5772	22642
5773	14945
5774	22371
5775	14398
5776	23673
5777	15089
5778	22322
5779	14477
5780	23956
5781	14780
5782	21940
5783	14579
5784	23500
5785	14856
5786	22169
5787	14520
5788	24323
5789	14375
5790	22551
5791	15229
5792	23226
5793	14694
5794	22821
5795	15178
5796	23119
5797	14196
5798	22821
5799	15153
5800	22649
5801	14389
5802	23055
5803	14815
5804	22501
5805	14244
5806	23212
5807	14822
5808	22160
5809	14120
5810	22927
5811	14139
5812	22316
5813	14347
5814	22277
5815	13933
5816	22027
5817	14455
5818	21814
5819	13152
5820	22297
5821	14496
5822	21046
5823	13294
5824	22198
5825	14169
5826	20701
5827	13185
5828	21945
5829	13364
5830	20250
5831	13195
5832	22058
5833	13112
5834	20518
5835	13252
5836	21559
5837	13001
5838	20202
5839	13592
5840	21389
5841	12493
5842	20258
5843	13432
5844	20918
5845	12748
5846	20696
5847	12937
5848	20407
5849	12332
5850	21161
5851	13453
5852	20483
5853	12797
5854	21333
5855	13369
5856	20578
5857	13287
5858	21387
5859	13009
5860	20742
5861	13858
5862	21580
5863	12653
5864	21296
5865	13576
5866	20424
5867	12956
5868	21417
5869	13612
5870	20969
5871	13119
5872	22028
5873	13828
5874	20593
5875	13299
5876	21804
5877	13602
5878	20349
5879	13327
5880	22522
5881	13239
5882	20374
5883	14127
5884	22336
5885	12887
5886	21314
5887	13756
5888	21526
5889	13192
5890	20991
5891	13556
5892	20708
5893	13006
5894	21650
5895	13671
5896	20873
5897	12971
5898	21101
5899	13813
5900	20671
5901	12944
5902	21781
5903	13137
5904	20554
5905	13625
5906	20883
5907	12787
5908	20428
5909	13731
5910	20653
5911	12897
5912	21266
5913	13641
5914	20242
5915	12425
5916	21298
5917	13134
5918	20352
5919	13094
5920	21637
5921	13332
5922	19837
5923	13064
5924	21330
5925	12859
5926	19582
5927	12979
5928	21363
5929	12693
5930	20123
5931	13325
5932	20659
5933	12693
5934	20397
5935	13533
5936	20577
5937	12493
5938	21087
5939	13330
5940	20196
5941	12549
5942	20627
5943	13196
5944	20321
5945	12689
5946	21208
5947	12866
5948	20062
5949	13321
5950	20700
5951	12601
5952	20667
5953	13497
5954	20709
5955	12800
5956	20432
5957	13540
5958	20323
5959	12245
5960	21212
5961	13293
5962	19921
5963	12511
5964	21460
5965	13197
5966	20418
5967	13011
5968	21960
5969	13010
5970	20090
5971	13285
5972	21797
5973	13104
5974	19922
5975	13264
5976	21399
5977	12768
5978	20496
5979	13712
5980	20937
5981	12598
5982	21088
5983	13452
5984	20827
5985	12972
5986	21174
5987	13504
5988	20603
5989	12731
5990	21569
5991	13331
5992	20319
5993	13136
5994	21183
5995	13055
5996	20587
5997	13252
5998	22013
5999	12984
6000	20944
6001	14191
6002	20743
6003	12807
6004	21151
6005	13625
6006	20545
6007	13002
6008	21453
6009	13710
6010	20350
6011	13010
6012	21782
6013	13582
6014	20386
6015	13283
6016	22048
6017	13697
6018	20030
6019	13602
6020	22340
6021	13070
6022	20521
6023	13885
6024	21294
6025	12796
6026	21494
6027	14216
6028	21122
6029	12958
6030	21020
6031	13808
6032	21179
6033	13437
6034	21637
6035	13554
6036	20654
6037	13528
6038	21328
6039	13758
6040	20734
6041	13317
6042	21971
6043	13270
6044	20382
6045	14218
6046	21062
6047	13076
6048	20916
6049	13583
6050	20628
6051	12784
6052	21584
6053	13329
6054	20067
6055	12941
6056	21578
6057	13308
6058	20277
6059	13211
6060	21394
6061	13509
6062	19820
6063	13245
6064	21691
6065	12880
6066	20191
6067	13752
6068	21166
6069	12692
6070	20384
6071	13381
6072	20949
6073	12540
6074	20668
6075	13605
6076	20845
6077	12847
6078	21094
6079	13385
6080	21003
6081	13177
6082	20883
6083	13434
6084	20245
6085	13037
6086	21692
6087	12954
6088	20100
6089	13579
6090	20909
6091	12880
6092	20697
6093	13598
6094	21111
6095	13056
6096	20949
6097	13923
6098	20465
6099	12699
6100	21256
6101	13582
6102	20260
6103	12891
6104	21267
6105	13303
6106	19732
6107	13273
6108	21654
6109	13021
6110	19990
6111	13824
6112	21382
6113	12974
6114	20234
6115	13593
6116	20954
6117	12746
6118	19780
6119	13453
6120	20296
6121	12737
6122	20751
6123	13454
6124	20044
6125	12648
6126	20323
6127	13293
6128	20093
6129	12632
6130	21028
6131	12719
6132	19401
6133	13184
6134	20044
6135	12564
6136	19271
6137	13034
6138	19747
6139	12165
6140	19807
6141	13463
6142	18940
6143	12132
6144	19861
6145	12947
6146	19566
6147	12463
6148	20063
6149	13099
6150	18840
6151	12215
6152	20716
6153	12479
6154	18728
6155	12807
6156	19887
6157	12281
6158	18713
6159	12735
6160	20484
6161	11967
6162	18750
6163	13255
6164	19526
6165	11720
6166	19477
6167	12607
6168	19303
6169	11987
6170	19249
6171	12824
6172	19435
6173	12172
6174	19631
6175	12393
6176	19087
6177	12515
6178	19386
6179	12307
6180	18242
6181	12176
6182	19827
6183	11461
6184	18659
6185	12788
6186	18841
6187	11705
6188	19712
6189	12588
6190	18870
6191	11809
6192	19677
6193	12395
6194	18098
6195	11627
6196	19959
6197	12009
6198	18324
6199	11590
6200	18980
6201	12254
6202	17994
6203	11692
6204	20095
6205	11317
6206	17800
6207	12315
6208	19025
6209	11466
6210	18022
6211	11920
6212	18899
6213	10993
6214	18698
6215	12148
6216	17876
6217	11014
6218	18852
6219	11620
6220	17759
6221	11602
6222	18332
6223	11435
6224	17567
6225	11566
6226	18184
6227	11187
6228	17431
6229	11871
6230	17685
6231	10887
6232	17616
6233	11591
6234	18123
6235	10511
6236	18070
6237	11737
6238	16734
6239	10729
6240	18092
6241	11095
6242	16803
6243	10460
6244	17868
6245	11059
6246	16085
6247	10757
6248	18049
6249	10675
6250	16072
6251	11307
6252	17222
6253	10483
6254	16310
6255	11150
6256	17389
6257	10167
6258	16843
6259	11124
6260	16318
6261	10242
6262	17061
6263	10627
6264	16369
6265	10223
6266	16632
6267	10864
6268	16161
6269	10464
6270	17338
6271	10466
6272	16574
6273	10854
6274	16721
6275	10160
6276	16368
6277	10746
6278	16713
6279	10005
6280	16260
6281	11151
6282	16226
6283	10159
6284	17173
6285	10698
6286	16190
6287	10268
6288	17055
6289	10910
6290	15970
6291	10293
6292	17555
6293	10678
6294	15709
6295	10679
6296	17428
6297	10465
6298	15850
6299	10884
6300	17526
6301	10056
6302	15693
6303	11453
6304	16685
6305	10138
6306	16840
6307	10691
6308	16611
6309	10439
6310	16749
6311	10843
6312	16035
6313	10102
6314	16823
6315	10586
6316	16194
6317	10726
6318	16593
6319	10243
6320	15666
6321	10164
6322	16662
6323	9871
6324	15283
6325	10670
6326	15710
6327	9627
6328	16279
6329	10406
6330	15500
6331	9358
6332	15792
6333	10477
6334	14743
6335	9584
6336	16009
6337	9473
6338	14141
6339	9219
6340	15755
6341	9332
6342	13771
6343	9487
6344	15897
6345	8961
6346	14102
6347	9683
6348	14684
6349	8692
6350	14281
6351	9099
6352	14436
6353	8558
6354	14377
6355	9427
6356	13708
6357	8344
6358	14557
6359	8817
6360	13960
6361	8435
6362	14011
6363	8863
6364	13203
6365	8753
6366	14691
6367	8382
6368	13444
6369	9076
6370	14172
6371	8162
6372	13694
6373	8799
6374	13805
6375	7922
6376	14432
6377	8953
6378	13308
6379	8322
6380	14744
6381	8591
6382	13392
6383	8602
6384	14698
6385	8891
6386	12889
6387	8598
6388	14990
6389	8349
6390	13274
6391	9081
6392	14726
6393	8619
6394	14155
6395	9078
6396	14631
6397	8207
6398	14393
6399	9286
6400	14197
6401	8296
6402	14157
6403	9012
6404	14069
6405	8299
6406	14252
6407	8937
6408	13712
6409	8525
6410	14502
6411	8332
6412	13367
6413	8793
6414	13910
6415	8078
6416	13393
6417	8815
6418	13736
6419	7848
6420	13448
6421	8909
6422	12676
6423	7848
6424	13881
6425	8239
6426	12537
6427	7769
6428	13617
6429	8247
6430	12130
6431	7588
6432	13737
6433	7774
6434	11945
6435	7715
6436	13098
6437	7543
6438	11865
6439	7725
6440	12887
6441	7169
6442	11947
6443	8045
6444	12268
6445	7017
6446	12458
6447	7740
6448	12190
6449	7173
6450	12226
6451	7670
6452	11823
6453	7100
6454	12676
6455	7370
6456	11741
6457	7475
6458	12494
6459	7498
6460	11838
6461	7930
6462	12865
6463	7239
6464	12740
6465	8196
6466	11983
6467	7118
6468	12711
6469	7691
6470	12088
6471	7399
6472	12784
6473	7984
6474	11717
6475	7486
6476	13321
6477	7803
6478	12000
6479	7661
6480	13084
6481	7848
6482	11656
6483	7813
6484	12787
6485	7275
6486	12380
6487	8082
6488	12376
6489	7238
6490	12337
6491	7734
6492	12577
6493	7052
6494	12169
6495	7864
6496	11608
6497	7108
6498	12498
6499	7455
6500	11651
6501	7186
6502	12234
6503	7180
6504	11305
6505	7202
6506	12491
6507	6842
6508	11480
6509	7393
6510	11554
6511	6976
6512	11783
6513	7214
6514	11241
6515	6502
6516	11875
6517	7464
6518	10605
6519	6695
6520	12042
6521	7304
6522	11007
6523	6996
6524	11877
6525	6924
6526	11023
6527	7008
6528	12324
6529	6760
6530	11059
6531	7227
6532	11865
6533	6820
6534	11391
6535	7429
6536	11691
6537	6576
6538	11600
6539	7541
6540	11305
6541	6702
6542	11689
6543	7323
6544	11577
6545	6953
6546	12361
6547	7419
6548	11231
6549	7241
6550	12254
6551	7066
6552	11675
6553	7349
6554	12087
6555	7048
6556	11749
6557	7364
6558	11979
6559	6908
6560	12221
6561	8006
6562	10997
6563	7015
6564	12522
6565	7384
6566	11522
6567	7183
6568	12416
6569	7718
6570	11485
6571	7050
6572	12333
6573	7346
6574	11464
6575	7339
6576	12486
6577	6963
6578	11123
6579	7770
6580	12437
6581	7021
6582	12062
6583	7758
6584	11785
6585	7036
6586	11783
6587	7260
6588	11604
6589	7030
6590	12146
6591	7593
6592	11349
6593	7234
6594	12412
6595	7430
6596	11328
6597	7164
6598	12078
6599	7312
6600	11576
6601	7604
6602	11867
6603	6840
6604	12313
6605	7526
6606	11523
6607	6859
6608	12507
6609	7516
6610	11599
6611	7559
6612	12521
6613	7756
6614	11502
6615	7209
6616	12253
6617	7294
6618	11333
6619	7505
6620	12616
6621	7144
6622	11371
6623	7642
6624	12390
6625	7044
6626	11858
6627	7713
6628	12030
6629	7164
6630	11997
6631	7598
6632	11837
6633	7083
6634	12120
6635	7793
6636	11806
6637	7027
6638	12330
6639	7435
6640	11508
6641	7341
6642	12131
6643	7326
6644	11511
6645	7676
6646	12377
6647	7314
6648	12153
6649	7655
6650	11935
6651	7189
6652	12123
6653	7670
6654	11845
6655	6924
6656	12497
6657	7499
6658	11466
6659	7121
6660	12495
6661	7474
6662	11426
6663	7414
6664	12970
6665	7414
6666	11163
6667	7731
6668	12574
6669	7297
6670	11780
6671	7490
6672	12179
6673	7168
6674	11971
6675	7767
6676	11832
6677	6969
6678	12425
6679	7677
6680	11692
6681	7378
6682	12124
6683	7582
6684	11635
6685	7180
6686	12407
6687	7384
6688	11811
6689	7540
6690	11919
6691	7093
6692	11400
6693	7454
6694	12018
6695	6952
6696	11587
6697	7706
6698	11685
6699	6785
6700	12196
6701	7526
6702	11417
6703	7319
6704	12126
6705	7410
6706	11177
6707	7186
6708	12478
6709	7132
6710	11257
6711	7287
6712	11943
6713	7391
6714	11582
6715	7279
6716	12285
6717	7362
6718	11488
6719	7746
6720	12078
6721	6896
6722	11908
6723	7505
6724	11527
6725	7127
6726	11738
6727	7645
6728	11661
6729	7183
6730	12066
6731	7249
6732	11777
6733	7596
6734	12247
6735	7469
6736	11839
6737	7413
6738	12363
6739	7437
6740	11768
6741	7798
6742	11634
6743	7079
6744	12323
6745	7643
6746	11746
6747	7092
6748	12214
6749	7853
6750	11148
6751	7240
6752	12946
6753	7611
6754	11507
6755	7499
6756	12496
6757	7428
6758	11489
6759	7312
6760	12341
6761	7151
6762	11266
6763	7695
6764	12023
6765	7047
6766	11954
6767	7508
6768	11761
6769	7092
6770	11813
6771	7624
6772	11395
6773	7044
6774	12144
6775	7454
6776	11624
6777	7266
6778	11662
6779	7078
6780	11263
6781	6957
6782	12040
6783	6700
6784	11086
6785	7558
6786	11191
6787	6464
6788	11809
6789	7246
6790	11180
6791	6732
6792	11781
6793	7132
6794	10859
6795	6768
6796	11854
6797	6815
6798	10701
6799	6671
6800	11213
6801	7040
6802	10480
6803	6810
6804	11628
6805	6635
6806	10339
6807	7391
6808	11534
6809	6297
6810	11038
6811	7079
6812	11128
6813	6407
6814	11003
6815	7187
6816	10841
6817	6454
6818	11268
6819	6771
6820	10819
6821	6945
6822	11030
6823	6935
6824	10779
6825	6687
6826	11545
6827	6682
6828	10737
6829	7143
6830	10920
6831	6515
6832	11016
6833	7158
6834	11021
6835	6457
6836	10868
6837	7094
6838	10511
6839	6492
6840	11759
6841	6839
6842	10679
6843	6975
6844	11581
6845	6947
6846	10698
6847	6644
6848	11778
6849	6564
6850	10388
6851	6920
6852	11260
6853	6565
6854	10501
6855	6767
6856	11264
6857	6503
6858	10355
6859	7261
6860	10870
6861	6291
6862	11447
6863	6981
6864	10868
6865	6679
6866	11156
6867	6839
6868	10122
6869	6687
6870	11291
6871	6489
6872	10537
6873	7004
6874	10842
6875	6668
6876	10673
6877	6986
6878	11022
6879	6396
6880	10386
6881	7061
6882	10766
6883	6398
6884	11201
6885	6733
6886	9986
6887	6247
6888	11125
6889	6932
6890	10057
6891	6435
6892	11167
6893	6342
6894	9787
6895	6506
6896	10813
6897	6267
6898	9757
6899	6444
6900	10644
6901	6036
6902	9724
6903	6840
6904	10125
6905	5767
6906	10345
6907	6621
6908	10090
6909	5912
6910	10032
6911	6382
6912	9385
6913	5961
6914	10521
6915	5987
6916	9703
6917	6097
6918	10029
6919	6106
6920	9312
6921	6015
6922	10523
6923	5652
6924	9449
6925	6465
6926	9706
6927	5274
6928	10079
6929	6487
6930	9108
6931	5667
6932	10123
6933	6078
6934	9129
6935	5749
6936	10159
6937	5834
6938	9105
6939	5784
6940	9977
6941	5652
6942	8996
6943	5728
6944	10458
6945	5575
6946	9004
6947	6092
6948	9590
6949	5180
6950	9409
6951	6087
6952	9478
6953	5406
6954	9500
6955	6074
6956	9176
6957	5482
6958	9898
6959	5633
6960	9013
6961	5838
6962	9221
6963	5711
6964	9270
6965	5544
6966	9774
6967	5514
6968	8689
6969	6104
6970	9739
6971	5220
6972	9267
6973	5978
6974	9215
6975	5193
6976	9332
6977	5893
6978	8543
6979	5163
6980	10044
6981	5543
6982	8391
6983	5484
6984	9712
6985	5583
6986	8693
6987	5345
6988	9708
6989	5474
6990	8489
6991	5839
6992	9187
6993	5202
6994	8560
6995	5471
6996	9184
6997	4928
6998	8635
6999	5809
7000	8657
7001	4899
7002	9028
7003	5583
7004	8189
7005	5096
7006	8785
7007	5302
7008	8130
7009	4988
7010	8957
7011	4997
7012	7974
7013	5298
7014	8565
7015	4868
7016	8145
7017	5230
7018	8614
7019	4540
7020	8007
7021	5341
7022	7750
7023	4574
7024	8521
7025	5094
7026	7599
7027	4690
7028	8548
7029	5125
7030	7119
7031	4470
7032	8620
7033	4602
7034	7387
7035	4919
7036	8063
7037	4653
7038	7345
7039	4951
7040	8513
7041	4381
7042	7596
7043	5244
7044	7991
7045	4170
7046	7877
7047	4894
7048	7545
7049	4227
7050	7978
7051	4786
7052	7445
7053	4617
7054	8373
7055	4648
7056	7632
7057	4835
7058	7928
7059	4520
7060	7114
7061	4711
7062	8305
7063	4150
7064	7472
7065	5384
7066	7716
7067	4349
7068	8271
7069	5125
7070	7296
7071	4471
7072	8291
7073	4792
7074	7291
7075	4589
7076	8458
7077	4792
7078	7715
7079	4577
7080	8125
7081	4823
7082	7309
7083	4786
7084	8289
7085	4480
7086	7235
7087	5073
7088	8222
7089	4279
7090	7626
7091	4870
7092	7496
7093	4271
7094	7728
7095	4746
7096	7462
7097	4389
7098	7894
7099	4511
7100	6762
7101	4313
7102	7403
7103	4249
7104	6918
7105	4144
7106	7569
7107	3944
7108	6658
7109	4534
7110	7012
7111	3646
7112	6747
7113	4393
7114	6548
7115	3587
7116	6989
7117	4098
7118	5863
7119	3629
7120	7194
7121	3955
7122	5880
7123	3787
7124	6743
7125	3879
7126	6008
7127	3807
7128	7111
7129	3443
7130	5672
7131	4087
7132	6820
7133	3332
7134	6255
7135	3934
7136	6536
7137	3332
7138	6193
7139	4232
7140	5746
7141	3335
7142	6962
7143	3862
7144	6019
7145	3619
7146	6962
7147	3936
7148	6085
7149	3801
7150	6816
7151	3610
7152	6106
7153	4029
7154	6449
7155	3617
7156	6409
7157	4067
7158	6767
7159	3514
7160	6726
7161	4633
7162	6415
7163	3594
7164	7452
7165	3948
7166	6163
7167	3674
7168	7246
7169	4000
7170	6179
7171	3894
7172	7302
7173	3752
7174	6393
7175	4061
7176	7221
7177	3958
7178	6174
7179	4110
7180	7122
7181	3410
7182	6310
7183	4340
7184	6249
7185	3501
7186	6688
7187	4103
7188	6293
7189	3519
7190	6634
7191	3886
7192	5887
7193	3638
7194	6696
7195	3679
7196	6106
7197	3739
7198	6370
7199	3622
7200	5735
7201	3707
7202	6553
7203	3288
7204	5981
7205	3995
7206	5949
7207	3371
7208	6399
7209	3850
7210	5703
7211	3373
7212	6660
7213	3788
7214	5595
7215	3394
7216	6471
7217	3492
7218	5755
7219	3571
7220	6484
7221	3588
7222	5543
7223	3606
7224	6628
7225	3331
7226	5821
7227	3985
7228	6137
7229	3176
7230	6200
7231	3969
7232	5943
7233	3320
7234	6756
7235	3835
7236	5793
7237	3502
7238	6531
7239	3681
7240	6019
7241	3665
7242	6720
7243	3747
7244	5888
7245	3872
7246	6510
7247	3567
7248	5899
7249	4038
7250	6212
7251	3369
7252	6519
7253	4091
7254	6177
7255	3415
7256	6794
7257	4083
7258	5703
7259	3450
7260	6869
7261	3745
7262	5747
7263	3635
7264	6939
7265	3789
7266	5614
7267	3668
7268	6516
7269	3412
7270	6153
7271	3874
7272	6403
7273	3291
7274	5942
7275	3900
7276	6446
7277	3405
7278	6262
7279	4069
7280	5767
7281	3294
7282	6513
7283	3735
7284	5866
7285	3428
7286	6500
7287	3543
7288	5811
7289	3640
7290	6640
7291	3456
7292	6011
7293	3679
7294	6360
7295	3402
7296	6258
7297	3809
7298	6131
7299	3289
7300	6410
7301	4018
7302	5671
7303	3307
7304	6556
7305	3648
7306	5789
7307	3538
7308	6509
7309	3576
7310	5716
7311	3624
7312	6563
7313	3456
7314	5894
7315	3761
7316	6429
7317	3502
7318	5678
7319	3820
7320	6491
7321	3275
7322	6402
7323	3984
7324	5921
7325	3369
7326	6477
7327	3745
7328	5864
7329	3685
7330	6337
7331	3689
7332	5971
7333	3513
7334	6480
7335	3462
7336	6013
7337	3683
7338	6404
7339	3664
7340	5997
7341	3840
7342	6414
7343	3430
7344	6294
7345	4113
7346	5981
7347	3416
7348	6687
7349	3820
7350	5802
7351	3587
7352	6862
7353	3865
7354	5692
7355	3666
7356	6523
7357	3646
7358	6035
7359	3650
7360	6651
7361	3731
7362	5838
7363	3918
7364	6794
7365	3284
7366	6036
7367	4000
7368	6142
7369	3496
7370	6411
7371	3862
7372	6100
7373	3610
7374	6787
7375	3846
7376	5973
7377	3822
7378	6439
7379	3952
7380	6107
7381	3628
7382	6599
7383	3714
7384	5983
7385	3914
7386	6650
7387	3609
7388	6363
7389	4035
7390	6387
7391	3480
7392	6513
7393	4009
7394	6174
7395	3543
7396	6801
7397	4204
7398	6014
7399	3790
7400	6910
7401	3750
7402	5953
7403	3841
7404	6939
7405	3872
7406	5753
7407	3951
7408	6521
7409	3555
7410	6441
7411	3959
7412	6578
7413	3647
7414	6280
7415	4118
7416	6177
7417	3621
7418	6675
7419	3942
7420	5886
7421	3496
7422	6543
7423	3822
7424	6006
7425	3660
7426	6460
7427	3772
7428	6026
7429	3830
7430	6169
7431	3550
7432	6137
7433	3913
7434	6027
7435	3685
7436	6100
7437	3939
7438	6070
7439	3391
7440	6678
7441	3813
7442	5889
7443	3454
7444	6579
7445	3738
7446	5449
7447	3610
7448	6623
7449	3687
7450	5949
7451	3771
7452	6302
7453	3689
7454	5984
7455	3878
7456	6441
7457	3578
7458	5916
7459	3894
7460	6130
7461	3325
7462	6307
7463	3920
7464	6056
7465	3562
7466	6606
7467	3951
7468	6023
7469	3701
7470	6586
7471	3707
7472	6026
7473	3754
7474	6293
7475	3683
7476	6120
7477	3873
7478	6444
7479	3497
7480	6008
7481	3829
7482	6369
7483	3446
7484	6543
7485	4148
7486	5978
7487	3453
7488	6690
7489	3872
7490	5629
7491	3757
7492	6675
7493	3716
7494	5726
7495	3697
7496	6499
7497	3508
7498	5674
7499	3496
7500	6642
7501	3531
7502	5847
7503	3836
7504	6308
7505	3394
7506	6202
7507	4060
7508	5808
7509	3335
7510	6114
7511	3752
7512	5843
7513	3357
7514	6337
7515	3670
7516	5732
7517	3538
7518	6153
7519	3606
7520	6018
7521	3537
7522	6386
7523	3541
7524	6015
7525	3829
7526	5919
7527	3297
7528	6064
7529	3698
7530	5771
7531	3375
7532	6279
7533	3748
7534	5463
7535	3288
7536	6471
7537	3601
7538	5442
7539	3491
7540	6321
7541	3665
7542	5672
7543	3744
7544	6223
7545	3434
7546	5473
7547	3625
7548	5768
7549	3352
7550	6035
7551	3597
7552	5842
7553	3348
7554	5727
7555	3554
7556	5809
7557	3286
7558	6268
7559	3572
7560	5661
7561	3419
7562	5946
7563	3469
7564	5460
7565	3271
7566	6061
7567	3405
7568	5562
7569	3578
7570	5762
7571	3208
7572	5606
7573	3504
7574	5737
7575	3375
7576	5805
7577	3659
7578	5750
7579	3151
7580	6215
7581	3502
7582	5511
7583	3227
7584	5851
7585	3414
7586	5297
7587	3247
7588	6174
7589	3199
7590	5407
7591	3380
7592	5899
7593	3379
7594	5741
7595	3452
7596	5871
7597	3278
7598	5431
7599	3625
7600	5806
7601	2998
7602	5879
7603	3393
7604	5239
7605	3187
7606	5837
7607	3262
7608	5254
7609	3236
7610	6087
7611	3247
7612	5690
7613	3572
7614	5546
7615	3271
7616	5466
7617	3422
7618	5829
7619	3031
7620	5436
7621	3570
7622	5374
7623	2978
7624	5939
7625	3384
7626	5069
7627	3097
7628	5704
7629	3174
7630	5070
7631	3258
7632	6083
7633	3138
7634	5036
7635	3360
7636	5718
7637	3004
7638	5091
7639	3144
7640	5410
7641	3110
7642	4993
7643	3319
7644	5607
7645	2896
7646	5378
7647	3257
7648	4860
7649	2862
7650	5187
7651	3335
7652	4978
7653	2973
7654	5619
7655	2892
7656	4947
7657	3033
7658	5429
7659	2789
7660	4800
7661	2932
7662	5018
7663	2883
7664	4886
7665	3098
7666	5047
7667	2586
7668	5111
7669	3079
7670	4702
7671	2884
7672	5249
7673	2957
7674	4420
7675	2615
7676	5568
7677	2944
7678	4301
7679	2814
7680	5151
7681	2839
7682	4431
7683	2796
7684	5461
7685	2653
7686	4620
7687	3065
7688	5140
7689	2653
7690	4947
7691	2959
7692	4934
7693	2582
7694	4785
7695	3048
7696	4620
7697	2521
7698	5121
7699	2932
7700	4550
7701	2792
7702	5022
7703	2778
7704	4615
7705	2753
7706	5292
7707	2655
7708	4623
7709	3068
7710	4802
7711	2519
7712	5010
7713	2963
7714	4794
7715	2695
7716	4583
7717	2914
7718	4451
7719	2566
7720	5470
7721	2794
7722	4404
7723	2604
7724	5035
7725	2754
7726	4278
7727	2717
7728	5330
7729	2538
7730	4196
7731	3003
7732	4878
7733	2602
7734	4442
7735	2781
7736	4752
7737	2391
7738	4615
7739	3053
7740	4320
7741	2325
7742	4684
7743	2671
7744	4412
7745	2587
7746	5036
7747	2723
7748	4292
7749	2660
7750	4911
7751	2486
7752	4480
7753	2863
7754	4461
7755	2401
7756	4445
7757	2616
7758	4683
7759	2430
7760	4356
7761	2790
7762	4081
7763	2313
7764	4882
7765	2753
7766	4048
7767	2435
7768	4586
7769	2406
7770	3778
7771	2514
7772	4767
7773	2397
7774	3808
7775	2532
7776	4385
7777	2197
7778	3806
7779	2521
7780	4317
7781	2048
7782	3968
7783	2630
7784	4128
7785	2054
7786	3934
7787	2387
7788	3772
7789	2060
7790	4133
7791	2325
7792	3554
7793	2130
7794	4415
7795	2081
7796	3410
7797	2260
7798	3949
7799	1874
7800	3541
7801	2200
7802	3814
7803	1928
7804	3416
7805	2290
7806	3664
7807	1779
7808	4004
7809	2317
7810	3175
7811	1886
7812	3904
7813	2215
7814	3427
7815	1797
7816	4182
7817	2134
7818	3100
7819	2139
7820	4029
7821	2007
7822	3408
7823	2033
7824	4241
7825	1818
7826	3307
7827	2484
7828	3749
7829	1655
7830	3878
7831	2213
7832	3730
7833	1962
7834	3647
7835	2305
7836	3415
7837	1912
7838	4136
7839	2152
7840	3358
7841	2251
7842	3919
7843	2173
7844	3532
7845	2064
7846	4302
7847	2036
7848	3471
7849	2449
7850	3628
7851	1813
7852	3820
7853	2175
7854	3563
7855	1830
7856	3777
7857	2234
7858	3322
7859	1895
7860	4270
7861	2102
7862	3249
7863	2112
7864	3830
7865	2014
7866	3082
7867	1973
7868	3877
7869	1815
7870	3028
7871	2148
7872	3530
7873	1804
7874	3407
7875	2043
7876	3409
7877	1540
7878	3240
7879	2122
7880	2938
7881	1639
7882	3580
7883	1793
7884	2766
7885	1630
7886	3448
7887	1720
7888	2912
7889	1761
7890	3399
7891	1608
7892	2959
7893	1936
7894	3018
7895	1528
7896	2844
7897	1763
7898	3093
7899	1365
7900	3241
7901	2033
7902	2701
7903	1524
7904	3399
7905	1887
7906	2656
7907	1468
7908	3488
7909	1639
7910	2561
7911	1700
7912	3597
7913	1517
7914	2859
7915	1854
7916	3323
7917	1720
7918	3041
7919	1842
7920	3399
7921	1489
7922	3023
7923	2094
7924	3246
7925	1531
7926	3351
7927	2103
7928	2895
7929	1637
7930	3620
7931	1922
7932	2988
7933	1776
7934	3438
7935	1764
7936	3037
7937	2022
7938	3438
7939	1700
7940	3129
7941	2042
7942	3490
7943	1618
7944	3245
7945	2080
7946	3196
7947	1576
7948	3366
7949	2014
7950	2820
7951	1641
7952	3697
7953	1824
7954	2735
7955	1735
7956	3609
7957	1779
7958	2607
7959	1842
7960	3298
7961	1621
7962	2726
7963	1815
7964	3430
7965	1446
7966	2899
7967	2125
7968	3058
7969	1361
7970	3246
7971	1908
7972	2779
7973	1515
7974	3252
7975	1773
7976	2862
7977	1507
7978	3262
7979	1557
7980	2548
7981	1766
7982	3139
7983	1501
7984	2480
7985	1636
7986	3113
7987	1323
7988	2781
7989	1932
7990	2974
7991	1364
7992	3013
7993	1716
7994	2794
7995	1312
7996	3107
7997	1777
7998	2398
7999	1451
8000	3461
8001	1580
8002	2443
8003	1544
8004	3000
8005	1498
8006	2556
8007	1614
8008	3380
8009	1407
8010	2710
8011	1845
8012	3196
8013	1413
8014	2913
8015	1813
8016	2884
8017	1313
8018	3075
8019	1760
8020	2678
8021	1512
8022	3178
8023	1681
8024	2633
8025	1649
8026	3251
8027	1693
8028	2867
8029	1699
8030	3152
8031	1474
8032	2795
8033	1778
8034	2948
8035	1502
8036	3118
8037	1798
8038	3065
8039	1431
8040	3194
8041	1866
8042	2639
8043	1498
8044	3552
8045	1845
8046	2694
8047	1501
8048	3421
8049	1717
8050	2621
8051	1730
8052	3327
8053	1509
8054	2753
8055	1897
8056	3193
8057	1593
8058	2928
8059	1900
8060	3194
8061	1373
8062	2829
8063	1998
8064	2872
8065	1565
8066	3160
8067	1805
8068	2853
8069	1537
8070	3440
8071	1709
8072	2670
8073	1793
8074	3378
8075	1583
8076	2991
8077	1773
8078	2974
8079	1631
8080	2833
8081	1780
8082	3141
8083	1381
8084	3072
8085	2053
8086	2821
8087	1440
8088	3303
8089	1899
8090	2731
8091	1625
8092	3478
8093	1739
8094	2616
8095	1691
8096	3321
8097	1604
8098	2590
8099	1704
8100	3496
8101	1515
8102	2901
8103	1993
8104	3263
8105	1492
8106	2884
8107	2015
8108	2990
8109	1487
8110	3226
8111	1778
8112	2739
8113	1496
8114	3409
8115	1791
8116	2842
8117	1713
8118	3400
8119	1745
8120	2742
8121	1808
8122	3180
8123	1619
8124	2926
8125	1814
8126	3094
8127	1616
8128	2890
8129	1988
8130	3082
8131	1490
8132	3429
8133	2012
8134	2955
8135	1683
8136	3634
8137	1786
8138	2748
8139	1566
8140	3497
8141	1640
8142	2759
8143	1825
8144	3212
8145	1654
8146	2823
8147	1839
8148	3402
8149	1673
8150	2836
8151	1988
8152	3251
8153	1711
8154	3191
8155	1929
8156	3053
8157	1542
8158	3322
8159	1921
8160	2725
8161	1599
8162	3305
8163	1745
8164	2838
8165	1771
8166	3498
8167	1775
8168	2797
8169	1831
8170	3283
8171	1554
8172	3091
8173	1995
8174	3077
8175	1527
8176	3126
8177	1829
8178	3104
8179	1622
8180	3344
8181	2009
8182	2870
8183	1687
8184	3471
8185	1901
8186	2787
8187	1661
8188	3641
8189	1766
8190	2606
8191	1833
8192	3329
8193	1645
8194	3148
8195	1979
8196	3127
8197	1708
8198	3158
8199	1940
8200	3375
8201	1494
8202	3120
8203	2046
8204	2799
8205	1559
8206	3363
8207	1773
8208	2721
8209	1648
8210	3445
8211	1775
8212	2815
8213	1932
8214	3206
8215	1589
8216	3080
8217	1770
8218	3245
8219	1666
8220	2908
8221	1898
8222	2962
8223	1551
8224	3086
8225	2038
8226	2830
8227	1492
8228	3320
8229	1728
8230	2825
8231	1561
8232	3528
8233	1706
8234	2668
8235	1801
8236	3137
8237	1628
8238	2844
8239	1718
8240	3292
8241	1680
8242	2709
8243	1776
8244	3071
8245	1466
8246	2921
8247	1896
8248	2812
8249	1550
8250	3077
8251	1727
8252	2733
8253	1635
8254	3247
8255	1620
8256	2837
8257	1699
8258	3040
8259	1642
8260	2954
8261	1660
8262	3243
8263	1575
8264	2828
8265	1668
8266	2972
8267	1437
8268	3134
8269	1818
8270	2947
8271	1516
8272	3195
8273	1833
8274	2847
8275	1658
8276	3372
8277	1730
8278	2578
8279	1626
8280	3241
8281	1698
8282	2772
8283	1665
8284	3124
8285	1651
8286	2796
8287	1830
8288	3123
8289	1651
8290	2954
8291	1842
8292	3023
8293	1598
8294	3199
8295	1812
8296	2881
8297	1636
8298	3208
8299	1737
8300	2882
8301	1674
8302	3245
8303	1783
8304	2718
8305	1789
8306	3404
8307	1658
8308	2964
8309	1964
8310	2960
8311	1535
8312	3110
8313	1804
8314	2753
8315	1507
8316	3093
8317	1743
8318	2856
8319	1586
8320	3269
8321	1917
8322	2723
8323	1559
8324	3397
8325	1719
8326	2569
8327	1771
8328	3344
8329	1559
8330	2528
8331	1848
8332	2855
8333	1440
8334	2730
8335	1698
8336	2939
8337	1506
8338	2893
8339	1727
8340	2883
8341	1544
8342	2991
8343	1818
8344	2696
8345	1465
8346	3167
8347	1725
8348	2723
8349	1584
8350	3112
8351	1554
8352	2609
8353	1759
8354	2808
8355	1429
8356	3113
8357	1647
8358	2759
8359	1534
8360	2772
8361	1749
8362	2860
8363	1340
8364	3049
8365	1728
8366	2550
8367	1518
8368	3070
8369	1645
8370	2528
8371	1602
8372	3160
8373	1552
8374	2538
8375	1698
8376	2817
8377	1479
8378	2737
8379	1597
8380	3121
8381	1620
8382	2712
8383	1768
8384	2918
8385	1476
8386	2881
8387	1612
8388	2587
8389	1392
8390	2832
8391	1646
8392	2441
8393	1483
8394	3328
8395	1456
8396	2516
8397	1739
8398	2759
8399	1477
8400	2797
8401	1425
8402	2770
8403	1473
8404	2499
8405	1732
8406	2646
8407	1417
8408	2881
8409	1710
8410	2551
8411	1260
8412	2795
8413	1677
8414	2302
8415	1383
8416	3097
8417	1475
8418	2360
8419	1554
8420	2872
8421	1450
8422	2387
8423	1411
8424	3024
8425	1331
8426	2389
8427	1580
8428	2364
8429	1349
8430	2802
8431	1541
8432	2548
8433	1314
8434	2645
8435	1715
8436	2386
8437	1389
8438	2802
8439	1460
8440	2354
8441	1380
8442	2621
8443	1362
8444	2408
8445	1546
8446	2729
8447	1292
8448	2575
8449	1698
8450	2579
8451	1326
8452	2735
8453	1505
8454	2576
8455	1328
8456	2812
8457	1446
8458	2340
8459	1319
8460	2852
8461	1479
8462	2265
8463	1436
8464	2720
8465	1327
8466	2057
8467	1472
8468	2969
8469	1362
8470	2286
8471	1502
8472	2534
8473	1232
8474	2819
8475	1423
8476	2374
8477	1360
8478	2320
8479	1448
8480	2429
8481	1180
8482	2646
8483	1353
8484	2210
8485	1204
8486	2573
8487	1410
8488	2362
8489	1342
8490	2755
8491	1231
8492	2267
8493	1457
8494	2448
8495	1178
8496	2434
8497	1351
8498	2318
8499	1320
8500	2347
8501	1397
8502	2336
8503	1045
8504	2586
8505	1295
8506	1985
8507	1215
8508	2646
8509	1324
8510	1974
8511	1164
8512	2846
8513	1315
8514	1908
8515	1465
8516	2408
8517	1184
8518	2273
8519	1276
8520	2352
8521	1299
8522	2016
8523	1395
8524	2384
8525	1014
8526	2430
8527	1416
8528	2105
8529	1096
8530	2359
8531	1350
8532	2072
8533	1170
8534	2812
8535	1090
8536	1886
8537	1390
8538	2128
8539	985
8540	2167
8541	1132
8542	2306
8543	1108
8544	2094
8545	1396
8546	1973
8547	1094
8548	2353
8549	1156
8550	1936
8551	942
8552	2270
8553	1155
8554	1653
8555	994
8556	2500
8557	993
8558	1673
8559	1248
8560	2040
8561	939
8562	1925
8563	1008
8564	2228
8565	912
8566	1815
8567	1225
8568	1890
8569	880
8570	2070
8571	1081
8572	1880
8573	974
8574	1843
8575	1230
8576	1678
8577	961
8578	2121
8579	933
8580	1661
8581	973
8582	2075
8583	908
8584	1702
8585	1063
8586	1965
8587	968
8588	2017
8589	1158
8590	1740
8591	954
8592	2051
8593	953
8594	1811
8595	979
8596	1936
8597	1077
8598	1662
8599	938
8600	2231
8601	1116
8602	1642
8603	1007
8604	2136
8605	938
8606	1627
8607	1099
8608	2274
8609	921
8610	1726
8611	1288
8612	1907
8613	907
8614	2059
8615	1128
8616	1776
8617	966
8618	1899
8619	1035
8620	1849
8621	884
8622	2042
8623	1027
8624	1548
8625	1027
8626	2050
8627	1002
8628	1583
8629	983
8630	2160
8631	932
8632	1710
8633	1113
8634	1773
8635	781
8636	1809
8637	928
8638	1670
8639	906
8640	1785
8641	996
8642	1572
8643	680
8644	2115
8645	995
8646	1285
8647	808
8648	1822
8649	893
8650	1290
8651	807
8652	2001
8653	676
8654	1277
8655	967
8656	1608
8657	596
8658	1618
8659	733
8660	1495
8661	640
8662	1395
8663	877
8664	1448
8665	557
8666	1735
8667	836
8668	1182
8669	653
8670	1677
8671	734
8672	1124
8673	636
8674	1692
8675	601
8676	1133
8677	926
8678	1461
8679	638
8680	1607
8681	798
8682	1560
8683	759
8684	1347
8685	944
8686	1397
8687	546
8688	1733
8689	944
8690	1285
8691	711
8692	1799
8693	816
8694	1342
8695	781
8696	2095
8697	666
8698	1279
8699	979
8700	1685
8701	765
8702	1562
8703	882
8704	1728
8705	799
8706	1513
8707	1104
8708	1610
8709	751
8710	1741
8711	907
8712	1462
8713	783
8714	1591
8715	933
8716	1475
8717	799
8718	1903
8719	794
8720	1295
8721	940
8722	1750
8723	749
8724	1421
8725	885
8726	1711
8727	731
8728	1478
8729	997
8730	1458
8731	679
8732	1697
8733	835
8734	1328
8735	755
8736	1636
8737	798
8738	1226
8739	657
8740	1836
8741	748
8742	1176
8743	760
8744	1670
8745	668
8746	1206
8747	762
8748	1643
8749	582
8750	1202
8751	862
8752	1342
8753	585
8754	1450
8755	756
8756	1231
8757	571
8758	1440
8759	771
8760	1182
8761	628
8762	1508
8763	667
8764	1003
8765	661
8766	1505
8767	529
8768	1106
8769	720
8770	1580
8771	525
8772	1180
8773	932
8774	1342
8775	539
8776	1441
8777	709
8778	1222
8779	509
8780	1298
8781	721
8782	1137
8783	524
8784	1663
8785	783
8786	1065
8787	666
8788	1701
8789	666
8790	1084
8791	751
8792	1817
8793	578
8794	1266
8795	821
8796	1369
8797	542
8798	1352
8799	752
8800	1337
8801	604
8802	1340
8803	819
8804	1406
8805	555
8806	1617
8807	777
8808	1089
8809	591
8810	1630
8811	716
8812	1086
8813	722
8814	1669
8815	581
8816	1071
8817	869
8818	1478
8819	548
8820	1362
8821	771
8822	1247
8823	613
8824	1308
8825	769
8826	1244
8827	487
8828	1533
8829	784
8830	1093
8831	570
8832	1645
8833	735
8834	1084
8835	665
8836	1653
8837	625
8838	1019
8839	808
8840	1409
8841	557
8842	1225
8843	720
8844	1491
8845	545
8846	1217
8847	856
8848	1373
8849	513
8850	1496
8851	698
8852	1171
8853	647
8854	1451
8855	731
8856	1242
8857	581
8858	1616
8859	592
8860	1073
8861	817
8862	1520
8863	618
8864	1285
8865	771
8866	1476
8867	556
8868	1304
8869	842
8870	1218
8871	574
8872	1527
8873	721
8874	1274
8875	614
8876	1501
8877	770
8878	1067
8879	630
8880	1689
8881	662
8882	1110
8883	761
8884	1558
8885	614
8886	1195
8887	739
8888	1627
8889	569
8890	1237
8891	959
8892	1219
8893	644
8894	1460
8895	771
8896	1307
8897	578
8898	1523
8899	836
8900	1203
8901	653
8902	1620
8903	682
8904	1185
8905	680
8906	1551
8907	675
8908	1155
8909	735
8910	1586
8911	598
8912	1502
8913	928
8914	1359
8915	610
8916	1439
8917	740
8918	1231
8919	592
8920	1442
8921	745
8922	1258
8923	612
8924	1546
8925	794
8926	1016
8927	702
8928	1668
8929	646
8930	1130
8931	862
8932	1611
8933	633
8934	1239
8935	873
8936	1422
8937	626
8938	1486
8939	830
8940	1323
8941	561
8942	1382
8943	797
8944	1312
8945	622
8946	1569
8947	728
8948	1206
8949	727
8950	1853
8951	714
8952	1190
8953	795
8954	1553
8955	608
8956	1336
8957	865
8958	1463
8959	673
8960	1340
8961	908
8962	1267
8963	634
8964	1556
8965	777
8966	1309
8967	634
8968	1686
8969	894
8970	1175
8971	672
8972	1750
8973	766
8974	1219
8975	791
8976	1635
8977	703
8978	1150
8979	795
8980	1550
8981	564
8982	1408
8983	844
8984	1469
8985	623
8986	1480
8987	887
8988	1443
8989	645
8990	1548
8991	813
8992	1211
8993	703
8994	1646
8995	742
8996	1228
8997	711
8998	1639
8999	757
9000	1197
9001	842
9002	1599
9003	659
9004	1376
9005	783
9006	1484
9007	682
9008	1402
9009	944
9010	1259
9011	585
9012	1749
9013	797
9014	1273
9015	673
9016	1605
9017	802
9018	1216
9019	722
9020	1788
9021	738
9022	1281
9023	804
9024	1638
9025	721
9026	1213
9027	855
9028	1507
9029	596
9030	1385
9031	969
9032	1284
9033	611
9034	1634
9035	812
9036	1323
9037	714
9038	1594
9039	873
9040	1285
9041	739
9042	1659
9043	734
9044	1251
9045	701
9046	1596
9047	717
9048	1195
9049	778
9050	1460
9051	617
9052	1318
9053	948
9054	1281
9055	668
9056	1523
9057	793
9058	1347
9059	720
9060	1485
9061	702
9062	1148
9063	639
9064	1448
9065	680
9066	1199
9067	646
9068	1518
9069	694
9070	1133
9071	851
9072	1393
9073	590
9074	1263
9075	722
9076	1343
9077	645
9078	1397
9079	716
9080	1252
9081	624
9082	1484
9083	797
9084	1125
9085	640
9086	1437
9087	699
9088	1159
9089	728
9090	1548
9091	711
9092	1176
9093	756
9094	1536
9095	584
9096	1431
9097	804
9098	1381
9099	647
9100	1333
9101	777
9102	1370
9103	613
9104	1555
9105	783
9106	1199
9107	669
9108	1545
9109	841
9110	1268
9111	733
9112	1871
9113	780
9114	1146
9115	873
9116	1583
9117	703
9118	1321
9119	798
9120	1564
9121	714
9122	1411
9123	931
9124	1382
9125	666
9126	1518
9127	938
9128	1410
9129	708
9130	1649
9131	850
9132	1161
9133	753
9134	1728
9135	704
9136	1342
9137	804
9138	1493
9139	642
9140	1349
9141	849
9142	1631
9143	683
9144	1357
9145	887
9146	1428
9147	769
9148	1506
9149	1004
9150	1328
9151	637
9152	1562
9153	775
9154	1092
9155	731
9156	1725
9157	739
9158	1149
9159	714
9160	1605
9161	729
9162	1318
9163	760
9164	1460
9165	678
9166	1269
9167	883
9168	1469
9169	557
9170	1301
9171	786
9172	1203
9173	625
9174	1433
9175	764
9176	1187
9177	695
9178	1483
9179	733
9180	1126
9181	728
9182	1458
9183	688
9184	1247
9185	772
9186	1437
9187	757
9188	1111
9189	732
9190	1215
9191	542
9192	1400
9193	769
9194	1248
9195	605
9196	1348
9197	779
9198	1242
9199	658
9200	1527
9201	672
9202	1090
9203	681
9204	1550
9205	627
9206	1156
9207	625
9208	1418
9209	666
9210	1098
9211	808
9212	1484
9213	624
9214	1333
9215	749
9216	1213
9217	693
9218	1267
9219	757
9220	1281
9221	578
9222	1482
9223	725
9224	1341
9225	667
9226	1424
9227	725
9228	1173
9229	655
9230	1726
9231	629
9232	1172
9233	839
9234	1328
9235	608
9236	1424
9237	747
9238	1332
9239	682
9240	1504
9241	742
9242	1234
9243	658
9244	1487
9245	832
9246	1152
9247	597
9248	1428
9249	761
9250	1110
9251	688
9252	1542
9253	647
9254	1052
9255	845
9256	1503
9257	612
9258	1180
9259	761
9260	1214
9261	609
9262	1180
9263	762
9264	1190
9265	634
9266	1292
9267	695
9268	1277
9269	577
9270	1419
9271	774
9272	1086
9273	629
9274	1548
9275	671
9276	1155
9277	761
9278	1177
9279	524
9280	1180
9281	683
9282	1251
9283	648
9284	1174
9285	654
9286	1101
9287	542
9288	1275
9289	761
9290	1116
9291	592
9292	1407
9293	664
9294	952
9295	656
9296	1405
9297	540
9298	1002
9299	598
9300	1233
9301	505
9302	1169
9303	639
9304	1123
9305	596
9306	1040
9307	680
9308	1179
9309	515
9310	1229
9311	713
9312	1033
9313	521
9314	1127
9315	626
9316	960
9317	487
9318	1389
9319	587
9320	1028
9321	595
9322	1204
9323	465
9324	1073
9325	611
9326	1134
9327	520
9328	963
9329	556
9330	1117
9331	480
9332	1159
9333	668
9334	1006
9335	499
9336	1144
9337	659
9338	978
9339	475
9340	1271
9341	526
9342	837
9343	565
9344	1147
9345	527
9346	912
9347	526
9348	1276
9349	474
9350	908
9351	631
9352	1099
9353	434
9354	1146
9355	592
9356	1107
9357	517
9358	1084
9359	566
9360	994
9361	454
9362	1205
9363	591
9364	980
9365	520
9366	1155
9367	648
9368	877
9369	576
9370	1305
9371	474
9372	890
9373	725
9374	959
9375	442
9376	1206
9377	594
9378	997
9379	555
9380	1227
9381	619
9382	952
9383	538
9384	1277
9385	558
9386	944
9387	454
9388	1186
9389	584
9390	839
9391	634
9392	1287
9393	485
9394	850
9395	666
9396	1031
9397	451
9398	1131
9399	561
9400	1027
9401	484
9402	958
9403	623
9404	914
9405	483
9406	1086
9407	508
9408	900
9409	454
9410	1033
9411	493
9412	803
9413	461
9414	1124
9415	438
9416	842
9417	604
9418	1000
9419	375
9420	942
9421	491
9422	859
9423	411
9424	869
9425	499
9426	774
9427	367
9428	1075
9429	443
9430	782
9431	394
9432	948
9433	464
9434	668
9435	386
9436	1141
9437	301
9438	663
9439	499
9440	808
9441	317
9442	769
9443	454
9444	879
9445	373
9446	753
9447	504
9448	843
9449	336
9450	998
9451	484
9452	660
9453	313
9454	876
9455	377
9456	714
9457	358
9458	1125
9459	357
9460	676
9461	526
9462	810
9463	356
9464	836
9465	433
9466	857
9467	369
9468	847
9469	536
9470	800
9471	342
9472	1027
9473	437
9474	780
9475	386
9476	941
9477	507
9478	690
9479	328
9480	1172
9481	407
9482	709
9483	480
9484	977
9485	414
9486	767
9487	433
9488	1072
9489	338
9490	792
9491	523
9492	847
9493	311
9494	948
9495	402
9496	745
9497	376
9498	851
9499	438
9500	710
9501	401
9502	1036
9503	383
9504	632
9505	373
9506	937
9507	350
9508	633
9509	345
9510	989
9511	283
9512	658
9513	499
9514	629
9515	248
9516	849
9517	361
9518	579
9519	303
9520	693
9521	346
9522	562
9523	214
9524	957
9525	309
9526	530
9527	270
9528	798
9529	253
9530	487
9531	269
9532	845
9533	202
9534	393
9535	406
9536	655
9537	174
9538	727
9539	326
9540	594
9541	278
9542	655
9543	321
9544	620
9545	246
9546	885
9547	276
9548	485
9549	237
9550	724
9551	251
9552	501
9553	282
9554	851
9555	342
9556	548
9557	467
9558	676
9559	229
9560	760
9561	338
9562	668
9563	303
9564	686
9565	401
9566	659
9567	263
9568	970
9569	377
9570	617
9571	363
9572	800
9573	335
9574	600
9575	322
9576	972
9577	248
9578	608
9579	499
9580	741
9581	264
9582	789
9583	329
9584	697
9585	334
9586	677
9587	437
9588	637
9589	287
9590	840
9591	359
9592	593
9593	302
9594	787
9595	381
9596	546
9597	342
9598	832
9599	257
9600	536
9601	383
9602	642
9603	226
9604	691
9605	318
9606	586
9607	229
9608	621
9609	383
9610	541
9611	237
9612	778
9613	239
9614	499
9615	239
9616	640
9617	270
9618	468
9619	257
9620	817
9621	191
9622	332
9623	325
9624	706
9625	186
9626	423
9627	293
9628	658
9629	199
9630	488
9631	319
9632	446
9633	161
9634	607
9635	225
9636	399
9637	225
9638	541
9639	242
9640	460
9641	188
9642	749
9643	242
9644	350
9645	304
9646	635
9647	191
9648	452
9649	291
9650	719
9651	160
9652	498
9653	361
9654	560
9655	135
9656	740
9657	226
9658	391
9659	243
9660	611
9661	244
9662	461
9663	211
9664	853
9665	295
9666	389
9667	261
9668	802
9669	240
9670	436
9671	290
9672	799
9673	208
9674	489
9675	414
9676	567
9677	212
9678	802
9679	322
9680	531
9681	249
9682	627
9683	333
9684	546
9685	256
9686	802
9687	271
9688	475
9689	286
9690	694
9691	244
9692	498
9693	260
9694	777
9695	224
9696	424
9697	475
9698	595
9699	175
9700	713
9701	325
9702	521
9703	233
9704	623
9705	314
9706	474
9707	210
9708	715
9709	258
9710	421
9711	216
9712	672
9713	223
9714	406
9715	226
9716	758
9717	200
9718	465
9719	403
9720	589
9721	152
9722	680
9723	287
9724	535
9725	200
9726	501
9727	310
9728	456
9729	200
9730	760
9731	241
9732	482
9733	216
9734	590
9735	277
9736	417
9737	232
9738	688
9739	189
9740	409
9741	351
9742	549
9743	154
9744	556
9745	288
9746	489
9747	185
9748	595
9749	310
9750	434
9751	201
9752	732
9753	263
9754	455
9755	265
9756	661
9757	228
9758	395
9759	239
9760	682
9761	210
9762	405
9763	338
9764	644
9765	170
9766	524
9767	351
9768	607
9769	185
9770	537
9771	356
9772	539
9773	213
9774	671
9775	227
9776	425
9777	281
9778	705
9779	207
9780	550
9781	250
9782	735
9783	282
9784	355
9785	358
9786	681
9787	223
9788	524
9789	319
9790	659
9791	166
9792	578
9793	412
9794	491
9795	147
9796	691
9797	284
9798	441
9799	264
9800	725
9801	250
9802	493
9803	202
9804	810
9805	327
9806	357
9807	263
9808	770
9809	210
9810	410
9811	305
9812	750
9813	213
9814	466
9815	428
9816	590
9817	183
9818	811
9819	253
9820	461
9821	252
9822	576
9823	306
9824	541
9825	238
9826	740
9827	324
9828	397
9829	272
9830	789
9831	227
9832	524
9833	319
9834	671
9835	204
9836	411
9837	474
9838	580
9839	176
9840	673
9841	332
9842	516
9843	291
9844	619
9845	301
9846	538
9847	201
9848	740
9849	310
9850	491
9851	324
9852	751
9853	248
9854	502
9855	277
9856	796
9857	231
9858	522
9859	417
9860	662
9861	236
9862	756
9863	332
9864	519
9865	284
9866	615
9867	277
9868	526
9869	204
9870	725
9871	286
9872	486
9873	289
9874	736
9875	285
9876	578
9877	293
9878	651
9879	245
9880	583
9881	393
9882	616
9883	219
9884	575
9885	334
9886	537
9887	247
9888	622
9889	314
9890	480
9891	254
9892	815
9893	278
9894	458
9895	302
9896	725
9897	274
9898	492
9899	263
9900	777
9901	293
9902	472
9903	310
9904	668
9905	211
9906	582
9907	345
9908	659
9909	217
9910	672
9911	358
9912	557
9913	255
9914	711
9915	331
9916	482
9917	310
9918	637
9919	257
9920	488
9921	277
9922	622
9923	262
9924	504
9925	327
9926	731
9927	261
9928	495
9929	405
9930	737
9931	219
9932	649
9933	433
9934	487
9935	193
9936	789
9937	310
9938	452
9939	271
9940	745
9941	271
9942	541
9943	283
9944	808
9945	333
9946	467
9947	308
9948	873
9949	261
9950	478
9951	393
9952	650
9953	236
9954	674
9955	408
9956	577
9957	221
9958	871
9959	379
9960	511
9961	300
9962	690
9963	309
9964	553
9965	251
9966	799
9967	331
9968	495
9969	276
9970	793
9971	303
9972	503
9973	355
9974	669
9975	229
9976	576
9977	405
9978	657
9979	255
9980	761
9981	316
9982	476
9983	335
9984	751
9985	299
9986	532
9987	237
9988	699
9989	342
9990	524
9991	319
9992	841
9993	280
9994	421
9995	368
9996	596
9997	234
9998	595
9999	326
10000	611
10001	239
10002	621
10003	322
10004	533
10005	276
10006	675
10007	265
10008	535
10009	239
10010	676
10011	306
10012	434
10013	286
10014	707
10015	282
10016	534
10017	267
10018	625
10019	266
10020	548
10021	340
10022	546
10023	252
10024	599
10025	307
10026	459
10027	293
10028	586
10029	325
10030	466
10031	230
10032	666
10033	313
10034	505
10035	265
10036	773
10037	241
10038	499
10039	282
10040	706
10041	280
10042	541
10043	319
10044	640
10045	240
10046	483
10047	345
10048	605
10049	213
10050	604
10051	421
10052	499
10053	294
10054	719
10055	293
10056	577
10057	286
10058	673
10059	274
10060	570
10061	264
10062	636
10063	271
10064	572
10065	315
10066	728
10067	283
10068	681
10069	438
10070	671
10071	217
10072	688
10073	397
10074	490
10075	262
10076	744
10077	268
10078	480
10079	343
10080	863
10081	287
10082	483
10083	340
10084	709
10085	303
10086	684
10087	328
10088	802
10089	281
10090	461
10091	373
10092	648
10093	214
10094	656
10095	351
10096	573
10097	243
10098	757
10099	305
10100	465
10101	289
10102	684
10103	259
10104	569
10105	287
10106	698
10107	306
10108	543
10109	271
10110	685
10111	330
10112	536
10113	325
10114	556
10115	219
10116	662
10117	315
10118	519
10119	260
10120	597
10121	351
10122	457
10123	262
10124	660
10125	230
10126	492
10127	250
10128	643
10129	336
10130	472
10131	268
10132	726
10133	277
10134	484
10135	336
10136	594
10137	221
10138	511
10139	217
10140	489
10141	251
10142	581
10143	309
10144	473
10145	252
10146	682
10147	293
10148	557
10149	266
10150	583
10151	307
10152	495
10153	223
10154	743
10155	258
10156	437
10157	316
10158	555
10159	222
10160	552
10161	296
10162	524
10163	257
10164	541
10165	296
10166	528
10167	229
10168	704
10169	323
10170	487
10171	203
10172	627
10173	331
10174	425
10175	293
10176	696
10177	297
10178	456
10179	299
10180	632
10181	240
10182	428
10183	318
10184	559
10185	215
10186	500
10187	313
10188	551
10189	218
10190	596
10191	338
10192	470
10193	226
10194	705
10195	268
10196	579
10197	265
10198	658
10199	243
10200	453
10201	273
10202	510
10203	208
10204	564
10205	281
10206	576
10207	286
10208	461
10209	335
10210	478
10211	202
10212	598
10213	341
10214	427
10215	216
10216	641
10217	258
10218	415
10219	278
10220	668
10221	197
10222	411
10223	256
10224	550
10225	255
10226	540
10227	215
10228	589
10229	315
10230	371
10231	295
10232	616
10233	192
10234	510
10235	272
10236	411
10237	250
10238	503
10239	311
10240	408
10241	259
10242	662
10243	237
10244	507
10245	243
10246	491
10247	221
10248	446
10249	212
10250	559
10251	223
10252	361
10253	277
10254	503
10255	188
10256	545
10257	274
10258	423
10259	225
10260	556
10261	271
10262	345
10263	189
10264	566
10265	186
10266	340
10267	211
10268	516
10269	222
10270	368
10271	210
10272	569
10273	187
10274	340
10275	273
10276	470
10277	148
10278	432
10279	224
10280	345
10281	159
10282	426
10283	214
10284	339
10285	174
10286	611
10287	189
10288	374
10289	204
10290	417
10291	198
10292	321
10293	142
10294	638
10295	177
10296	347
10297	223
10298	406
10299	116
10300	394
10301	198
10302	353
10303	156
10304	486
10305	227
10306	362
10307	200
10308	480
10309	195
10310	332
10311	154
10312	505
10313	228
10314	385
10315	174
10316	604
10317	179
10318	307
10319	260
10320	448
10321	167
10322	501
10323	229
10324	383
10325	162
10326	413
10327	223
10328	384
10329	177
10330	499
10331	241
10332	451
10333	211
10334	569
10335	299
10336	353
10337	244
10338	539
10339	201
10340	422
10341	225
10342	475
10343	162
10344	427
10345	231
10346	476
10347	267
10348	399
10349	238
10350	430
10351	186
10352	533
10353	245
10354	362
10355	182
10356	459
10357	231
10358	327
10359	204
10360	622
10361	175
10362	330
10363	201
10364	410
10365	176
10366	367
10367	182
10368	492
10369	205
10370	324
10371	232
10372	431
10373	109
10374	470
10375	201
10376	260
10377	166
10378	359
10379	174
10380	311
10381	159
10382	497
10383	156
10384	307
10385	185
10386	333
10387	128
10388	294
10389	135
10390	376
10391	96
10392	264
10393	212
10394	298
10395	105
10396	426
10397	194
10398	260
10399	148
10400	330
10401	163
10402	216
10403	123
10404	537
10405	80
10406	211
10407	115
10408	295
10409	72
10410	260
10411	145
10412	479
10413	103
10414	253
10415	246
10416	336
10417	86
10418	356
10419	144
10420	221
10421	100
10422	380
10423	118
10424	248
10425	138
10426	421
10427	130
10428	321
10429	174
10430	350
10431	136
10432	272
10433	118
10434	474
10435	104
10436	238
10437	222
10438	299
10439	72
10440	454
10441	190
10442	287
10443	137
10444	453
10445	167
10446	297
10447	170
10448	546
10449	134
10450	295
10451	119
10452	344
10453	145
10454	265
10455	168
10456	494
10457	136
10458	258
10459	237
10460	396
10461	133
10462	345
10463	207
10464	228
10465	128
10466	347
10467	160
10468	291
10469	103
10470	458
10471	163
10472	245
10473	114
10474	386
10475	141
10476	250
10477	113
10478	407
10479	91
10480	218
10481	165
10482	308
10483	63
10484	289
10485	171
10486	268
10487	69
10488	272
10489	154
10490	192
10491	51
10492	447
10493	127
10494	143
10495	100
10496	338
10497	79
10498	169
10499	79
10500	395
10501	63
10502	100
10503	115
10504	251
10505	36
10506	208
10507	145
10508	196
10509	67
10510	174
10511	129
10512	233
10513	34
10514	351
10515	78
10516	113
10517	84
10518	253
10519	55
10520	174
10521	60
10522	411
10523	73
10524	148
10525	190
10526	246
10527	80
10528	239
10529	95
10530	259
10531	60
10532	215
10533	161
10534	177
10535	62
10536	444
10537	110
10538	209
10539	113
10540	390
10541	115
10542	233
10543	89
10544	333
10545	80
10546	159
10547	127
10548	332
10549	93
10550	279
10551	132
10552	368
10553	103
10554	229
10555	252
10556	240
10557	75
10558	419
10559	104
10560	210
10561	110
10562	311
10563	97
10564	221
10565	106
10566	404
10567	64
10568	203
10569	126
10570	230
10571	94
10572	204
10573	124
10574	316
10575	60
10576	238
10577	181
10578	200
10579	45
10580	341
10581	105
10582	156
10583	81
10584	287
10585	91
10586	160
10587	86
10588	379
10589	73
10590	192
10591	105
10592	263
10593	55
10594	163
10595	84
10596	290
10597	28
10598	152
10599	170
10600	204
10601	34
10602	306
10603	123
10604	149
10605	63
10606	264
10607	92
10608	113
10609	79
10610	343
10611	54
10612	145
10613	85
10614	234
10615	50
10616	179
10617	69
10618	295
10619	39
10620	107
10621	149
10622	205
10623	19
10624	231
10625	113
10626	134
10627	70
10628	278
10629	92
10630	138
10631	37
10632	323
10633	78
10634	111
10635	94
10636	267
10637	59
10638	137
10639	87
10640	333
10641	69
10642	99
10643	134
10644	207
10645	31
10646	223
10647	153
10648	200
10649	68
10650	247
10651	129
10652	193
10653	33
10654	342
10655	82
10656	108
10657	83
10658	297
10659	67
10660	183
10661	81
10662	331
10663	71
10664	110
10665	149
10666	279
10667	47
10668	258
10669	114
10670	189
10671	64
10672	248
10673	138
10674	178
10675	36
10676	423
10677	96
10678	104
10679	103
10680	331
10681	60
10682	191
10683	79
10684	294
10685	59
10686	150
10687	133
10688	212
10689	68
10690	206
10691	99
10692	324
10693	68
10694	180
10695	167
10696	151
10697	39
10698	445
10699	86
10700	126
10701	107
10702	252
10703	49
10704	221
10705	87
10706	290
10707	66
10708	137
10709	122
10710	244
10711	68
10712	239
10713	113
10714	278
10715	73
10716	215
10717	176
10718	204
10719	41
10720	342
10721	95
10722	139
10723	72
10724	298
10725	61
10726	169
10727	84
10728	399
10729	52
10730	197
10731	145
10732	219
10733	73
10734	209
10735	109
10736	336
10737	64
10738	148
10739	160
10740	239
10741	44
10742	310
10743	120
10744	147
10745	67
10746	246
10747	82
10748	191
10749	118
10750	336
10751	53
10752	167
10753	139
10754	253
10755	78
10756	186
10757	112
10758	241
10759	48
10760	176
10761	167
10762	214
10763	38
10764	305
10765	93
10766	150
10767	81
10768	356
10769	82
10770	128
10771	90
10772	327
10773	71
10774	163
10775	124
10776	306
10777	48
10778	172
10779	117
10780	324
10781	56
10782	132
10783	143
10784	252
10785	48
10786	308
10787	133
10788	173
10789	78
10790	256
10791	92
10792	171
10793	78
10794	345
10795	77
10796	129
10797	109
10798	276
10799	61
10800	164
10801	94
10802	324
10803	86
10804	188
10805	135
10806	218
10807	55
10808	260
10809	131
10810	224
10811	66
10812	271
10813	138
10814	175
10815	44
10816	424
10817	84
10818	138
10819	113
10820	304
10821	49
10822	238
10823	88
10824	311
10825	103
10826	140
10827	127
10828	249
10829	63
10830	254
10831	117
10832	251
10833	70
10834	198
10835	207
10836	176
10837	47
10838	421
10839	96
10840	138
10841	119
10842	248
10843	73
10844	229
10845	106
10846	264
10847	92
10848	197
10849	147
10850	236
10851	72
10852	243
10853	113
10854	300
10855	70
10856	216
10857	211
10858	200
10859	45
10860	425
10861	109
10862	140
10863	138
10864	255
10865	67
10866	179
10867	102
10868	323
10869	82
10870	252
10871	131
10872	299
10873	78
10874	235
10875	132
10876	303
10877	91
10878	207
10879	201
10880	192
10881	50
10882	340
10883	105
10884	200
10885	133
10886	244
10887	92
10888	210
10889	114
10890	329
10891	102
10892	219
10893	138
10894	305
10895	149
10896	230
10897	126
10898	301
10899	69
10900	208
10901	168
10902	231
10903	53
10904	393
10905	85
10906	182
10907	123
10908	324
10909	65
10910	231
10911	110
10912	342
10913	88
10914	222
10915	150
10916	302
10917	96
10918	182
10919	143
10920	337
10921	62
10922	241
10923	135
10924	245
10925	75
10926	296
10927	94
10928	226
10929	108
10930	300
10931	88
10932	190
10933	115
10934	333
10935	100
10936	162
10937	138
10938	287
10939	96
10940	211
10941	116
10942	291
10943	106
10944	195
10945	100
10946	300
10947	73
10948	255
10949	123
10950	190
10951	82
10952	310
10953	133
10954	177
10955	60
10956	339
10957	137
10958	184
10959	96
10960	338
10961	70
10962	228
10963	81
10964	284
10965	125
10966	185
10967	129
10968	313
10969	70
10970	252
10971	141
10972	212
10973	89
10974	218
10975	175
10976	196
10977	47
10978	398
10979	121
10980	118
10981	138
10982	322
10983	95
10984	292
10985	122
10986	289
10987	142
10988	220
10989	143
10990	293
10991	89
10992	218
10993	134
10994	223
10995	76
10996	250
10997	199
10998	247
10999	82
11000	416
11001	131
11002	173
11003	138
11004	349
11005	87
11006	226
11007	120
11008	303
11009	87
11010	238
11011	162
11012	315
11013	116
11014	262
11015	149
11016	314
11017	100
11018	202
11019	154
11020	216
11021	84
11022	415
11023	130
11024	191
11025	144
11026	282
11027	72
11028	254
11029	121
11030	265
11031	114
11032	248
11033	110
11034	291
11035	141
11036	250
11037	134
11038	300
11039	73
11040	272
11041	153
11042	192
11043	70
11044	276
11045	125
11046	177
11047	116
11048	292
11049	80
11050	234
11051	128
11052	299
11053	90
11054	181
11055	130
11056	306
11057	68
11058	230
11059	111
11060	298
11061	83
11062	227
11063	121
11064	281
11065	79
11066	272
11067	84
11068	169
11069	93
11070	237
11071	88
11072	212
11073	99
11074	267
11075	123
11076	133
11077	112
11078	327
11079	100
11080	206
11081	130
11082	242
11083	101
11084	229
11085	119
11086	219
11087	68
11088	190
11089	112
11090	182
11091	71
11092	292
11093	115
11094	198
11095	95
11096	338
11097	116
11098	123
11099	109
11100	332
11101	65
11102	181
11103	112
11104	276
11105	98
11106	192
11107	97
11108	289
11109	76
11110	251
11111	123
11112	202
11113	99
11114	286
11115	180
11116	157
11117	55
11118	313
11119	93
11120	128
11121	105
11122	281
11123	54
11124	232
11125	106
11126	275
11127	118
11128	208
11129	111
11130	291
11131	84
11132	221
11133	136
11134	207
11135	62
11136	244
11137	123
11138	178
11139	65
11140	357
11141	104
11142	149
11143	150
11144	333
11145	79
11146	232
11147	116
11148	230
11149	111
11150	194
11151	110
11152	250
11153	97
11154	179
11155	100
11156	289
11157	79
11158	241
11159	127
11160	204
11161	83
11162	320
11163	130
11164	181
11165	117
11166	293
11167	90
11168	261
11169	105
11170	191
11171	98
11172	222
11173	74
11174	259
11175	117
11176	182
11177	127
11178	268
11179	102
11180	245
11181	121
11182	196
11183	122
11184	231
11185	95
11186	172
11187	95
11188	370
11189	78
11190	229
11191	105
11192	236
11193	120
11194	160
11195	89
11196	325
11197	73
11198	180
11199	120
11200	208
11201	86
11202	218
11203	123
11204	213
11205	70
11206	217
11207	103
11208	189
11209	87
11210	245
11211	105
11212	171
11213	91
11214	224
11215	108
11216	185
11217	84
11218	326
11219	63
11220	202
11221	94
11222	201
11223	73
11224	167
11225	116
11226	195
11227	71
11228	219
11229	133
11230	123
11231	55
11232	257
11233	90
11234	126
11235	88
11236	302
11237	84
11238	162
11239	118
11240	307
11241	76
11242	149
11243	97
11244	165
11245	61
11246	179
11247	70
11248	210
11249	56
11250	184
11251	97
11252	168
11253	67
11254	267
11255	94
11256	153
11257	74
11258	237
11259	105
11260	100
11261	81
11262	264
11263	42
11264	167
11265	89
11266	149
11267	98
11268	178
11269	73
11270	249
11271	100
11272	186
11273	106
11274	154
11275	49
11276	202
11277	122
11278	128
11279	55
11280	255
11281	95
11282	93
11283	87
11284	264
11285	51
11286	166
11287	108
11288	232
11289	75
11290	252
11291	60
11292	216
11293	102
11294	121
11295	75
11296	239
11297	59
11298	199
11299	91
11300	127
11301	80
11302	204
11303	148
11304	138
11305	85
11306	334
11307	81
11308	172
11309	104
11310	175
11311	88
11312	149
11313	61
11314	221
11315	89
11316	219
11317	107
11318	197
11319	63
11320	211
11321	110
11322	136
11323	80
11324	195
11325	88
11326	146
11327	73
11328	235
11329	57
11330	118
11331	87
11332	184
11333	80
11334	123
11335	64
11336	214
11337	83
11338	107
11339	110
11340	117
11341	66
11342	175
11343	70
11344	147
11345	55
11346	159
11347	76
11348	112
11349	48
11350	229
11351	56
11352	124
11353	60
11354	139
11355	40
11356	148
11357	39
11358	202
11359	34
11360	94
11361	80
11362	131
11363	36
11364	166
11365	69
11366	139
11367	40
11368	143
11369	59
11370	73
11371	39
11372	208
11373	32
11374	60
11375	62
11376	141
11377	41
11378	105
11379	44
11380	227
11381	52
11382	91
11383	73
11384	185
11385	44
11386	127
11387	47
11388	84
11389	38
11390	101
11391	69
11392	132
11393	53
11394	246
11395	73
11396	119
11397	70
11398	192
11399	74
11400	107
11401	60
11402	213
11403	40
11404	107
11405	75
11406	122
11407	52
11408	172
11409	58
11410	190
11411	73
11412	131
11413	106
11414	192
11415	51
11416	262
11417	104
11418	106
11419	54
11420	200
11421	62
11422	106
11423	56
11424	293
11425	48
11426	141
11427	93
11428	128
11429	64
11430	169
11431	73
11432	192
11433	54
11434	129
11435	84
11436	159
11437	55
11438	186
11439	72
11440	103
11441	56
11442	211
11443	75
11444	146
11445	62
11446	230
11447	31
11448	82
11449	67
11450	122
11451	43
11452	118
11453	32
11454	143
11455	37
11456	111
11457	61
11458	82
11459	30
11460	177
11461	45
11462	69
11463	19
11464	122
11465	38
11466	62
11467	23
11468	162
11469	18
11470	60
11471	31
11472	127
11473	14
11474	111
11475	29
11476	135
11477	35
11478	59
11479	53
11480	87
11481	10
11482	104
11483	40
11484	35
11485	15
11486	107
11487	22
11488	34
11489	29
11490	183
11491	31
11492	85
11493	41
11494	82
11495	35
11496	94
11497	22
11498	139
11499	18
11500	34
11501	51
11502	73
11503	11
11504	122
11505	70
11506	71
11507	24
11508	138
11509	38
11510	77
11511	33
11512	200
11513	17
11514	60
11515	28
11516	169
11517	20
11518	83
11519	48
11520	127
11521	66
11522	66
11523	82
11524	123
11525	25
11526	160
11527	53
11528	77
11529	27
11530	98
11531	41
11532	82
11533	38
11534	268
11535	44
11536	83
11537	56
11538	159
11539	29
11540	107
11541	32
11542	177
11543	19
11544	77
11545	69
11546	75
11547	24
11548	126
11549	45
11550	86
11551	30
11552	132
11553	72
11554	76
11555	18
11556	205
11557	40
11558	54
11559	47
11560	167
11561	11
11562	53
11563	27
11564	128
11565	12
11566	48
11567	47
11568	53
11569	5
11570	111
11571	26
11572	121
11573	15
11574	73
11575	55
11576	67
11577	7
11578	186
11579	21
11580	44
11581	17
11582	108
11583	17
11584	32
11585	30
11586	135
11587	6
11588	55
11589	38
11590	47
11591	6
11592	75
11593	28
11594	65
11595	9
11596	84
11597	62
11598	67
11599	2
11600	180
11601	31
11602	35
11603	11
11604	140
11605	18
11606	27
11607	16
11608	142
11609	2
11610	31
11611	30
11612	54
11613	2
11614	70
11615	41
11616	108
11617	17
11618	74
11619	86
11620	70
11621	3
11622	135
11623	47
11624	51
11625	17
11626	112
11627	11
11628	28
11629	26
11630	166
11631	13
11632	58
11633	36
11634	98
11635	26
11636	77
11637	46
11638	102
11639	20
11640	69
11641	49
11642	79
11643	9
11644	159
11645	50
11646	32
11647	22
11648	111
11649	21
11650	60
11651	15
11652	194
11653	17
11654	43
11655	61
11656	88
11657	10
11658	56
11659	45
11660	129
11661	28
11662	37
11663	58
11664	56
11665	5
11666	141
11667	34
11668	34
11669	8
11670	135
11671	13
11672	52
11673	13
11674	181
11675	10
11676	42
11677	50
11678	121
11679	11
11680	87
11681	32
11682	71
11683	12
11684	39
11685	59
11686	59
11687	3
11688	118
11689	16
11690	51
11691	25
11692	89
11693	28
11694	34
11695	11
11696	236
11697	13
11698	34
11699	48
11700	86
11701	3
11702	60
11703	39
11704	111
11705	16
11706	45
11707	55
11708	60
11709	9
11710	103
11711	22
11712	51
11713	23
11714	102
11715	58
11716	60
11717	5
11718	230
11719	15
11720	18
11721	32
11722	120
11723	8
11724	75
11725	29
11726	105
11728	89
11729	53
11730	27
11731	12
11732	113
11733	31
11734	67
11735	10
11736	74
11737	66
11738	48
11739	6
11740	225
11741	22
11742	33
11743	34
11744	120
11745	7
11746	33
11747	30
11748	137
11750	75
11751	63
11752	79
11753	6
11754	91
11755	38
11756	71
11757	11
11758	85
11759	61
11760	82
11761	8
11762	196
11763	48
11764	17
11765	31
11766	139
11767	11
11768	31
11769	46
11770	117
11771	6
11772	36
11773	58
11774	57
11775	9
11776	83
11777	48
11778	100
11779	8
11780	72
11781	63
11782	82
11783	5
11784	155
11785	37
11786	22
11787	31
11788	153
11789	16
11790	22
11791	24
11792	123
11793	10
11794	32
11795	48
11796	97
11797	9
11798	93
11799	47
11800	90
11801	23
11802	69
11803	70
11804	110
11805	6
11806	163
11807	52
11808	28
11809	29
11810	109
11811	8
11812	48
11813	22
11814	164
11815	16
11816	46
11817	53
11818	86
11819	13
11820	86
11821	58
11822	107
11823	30
11824	81
11825	54
11826	86
11827	12
11828	166
11829	16
11830	45
11831	32
11832	134
11833	14
11834	79
11835	21
11836	169
11837	24
11838	35
11839	74
11840	121
11841	11
11842	85
11843	35
11844	95
11845	32
11846	88
11847	53
11848	58
11849	11
11850	162
11851	16
11852	75
11853	29
11854	82
11855	21
11856	74
11857	12
11858	231
11859	12
11860	57
11861	72
11862	75
11863	8
11864	129
11865	48
11866	92
11867	25
11868	69
11869	51
11870	65
11871	27
11872	149
11873	16
11874	45
11875	18
11876	120
11877	55
11878	69
11879	18
11880	188
11881	22
11882	49
11883	43
11884	129
11885	7
11886	74
11887	47
11888	97
11889	22
11890	96
11891	57
11892	72
11893	25
11894	133
11895	43
11896	121
11897	34
11898	92
11899	43
11900	59
11901	19
11902	199
11903	31
11904	26
11905	60
11906	142
11907	8
11908	103
11909	67
11910	105
11911	6
11912	80
11913	72
11914	84
11915	22
11916	132
11917	49
11918	76
11919	20
11920	101
11921	54
11922	81
11923	13
11924	191
11925	20
11926	28
11927	56
11928	177
11929	11
11930	46
11931	57
11932	138
11933	20
11934	87
11935	65
11936	74
11937	14
11938	86
11939	59
11940	111
11941	22
11942	95
11943	56
11944	87
11945	9
11946	194
11947	42
11948	25
11949	56
11950	125
11951	14
11952	55
11953	50
11954	113
11955	30
11956	37
11957	50
11958	89
11959	13
11960	131
11961	51
11962	94
11963	18
11964	103
11965	58
11966	119
11967	15
11968	151
11969	43
11970	40
11971	49
11972	106
11973	15
11974	74
11975	28
11976	121
11977	20
11978	56
11979	59
11980	83
11981	12
11982	117
11983	30
11984	142
11985	38
11986	103
11987	64
11988	100
11989	23
11990	138
11991	32
11992	56
11993	28
11994	72
11995	13
11996	85
11997	21
11998	160
11999	31
12000	60
12001	63
12002	88
12003	26
12004	108
12005	47
12006	77
12007	35
12008	91
12009	57
12010	88
12011	17
12012	122
12013	8
12014	101
12015	36
12016	76
12017	42
12018	66
12019	15
12020	191
12021	26
12022	60
12023	73
12024	117
12025	11
12026	101
12027	55
12028	100
12029	32
12030	91
12031	39
12032	81
12033	28
12034	116
12035	26
12036	103
12037	35
12038	97
12039	58
12040	99
12041	25
12042	161
12043	58
12044	50
12045	69
12046	108
12047	7
12048	79
12049	48
12050	101
12051	27
12052	125
12053	64
12054	80
12055	56
12056	159
12057	28
12058	98
12059	29
12060	116
12061	43
12062	79
12063	21
12064	183
12065	27
12066	40
12067	58
12068	139
12069	9
12070	83
12071	54
12072	101
12073	23
12074	112
12075	62
12076	117
12077	48
12078	99
12079	38
12080	64
12081	38
12082	117
12083	44
12084	80
12085	13
12086	127
12087	40
12088	50
12089	58
12090	125
12091	20
12092	85
12093	84
12094	107
12095	25
12096	92
12097	48
12098	95
12099	28
12100	93
12101	41
12102	86
12103	22
12104	98
12105	38
12106	80
12107	17
12108	136
12109	42
12110	57
12111	35
12112	156
12113	24
12114	93
12115	36
12116	62
12117	50
12118	58
12119	35
12120	116
12121	18
12122	87
12123	58
12124	129
12125	36
12126	82
12127	53
12128	96
12129	14
12130	107
12131	62
12132	69
12133	28
12134	92
12135	34
12136	91
12137	27
12138	118
12139	42
12140	54
12141	40
12142	137
12143	18
12144	120
12145	47
12146	109
12147	42
12148	64
12149	49
12150	92
12151	24
12152	152
12153	32
12154	61
12155	32
12156	70
12157	35
12158	77
12159	24
12160	157
12161	24
12162	57
12163	78
12164	119
12165	23
12166	98
12167	58
12168	83
12169	31
12170	94
12171	41
12172	103
12173	28
12174	94
12175	20
12176	104
12177	43
12178	80
12179	36
12180	82
12181	23
12182	165
12183	43
12184	67
12185	86
12186	104
12187	18
12188	110
12189	55
12190	85
12191	32
12192	73
12193	31
12194	78
12195	53
12196	114
12197	25
12198	94
12199	36
12200	104
12201	53
12202	66
12203	37
12204	153
12205	43
12206	58
12207	49
12208	117
12209	12
12210	81
12211	42
12212	68
12213	20
12214	107
12215	24
12216	100
12217	44
12218	92
12219	33
12220	127
12221	39
12222	85
12223	39
12224	93
12225	22
12226	87
12227	32
12228	44
12229	30
12230	124
12231	13
12232	86
12233	64
12234	86
12235	38
12236	89
12237	36
12238	105
12239	34
12240	92
12241	45
12242	68
12243	25
12244	83
12245	37
12246	76
12247	21
12248	124
12249	43
12250	73
12251	34
12252	154
12253	22
12254	75
12255	30
12256	132
12257	42
12258	82
12259	26
12260	86
12261	24
12262	72
12263	49
12264	63
12265	24
12266	77
12267	51
12268	110
12269	20
12270	116
12271	46
12272	37
12273	21
12274	109
12275	36
12276	84
12277	23
12278	113
12279	41
12280	54
12281	35
12282	116
12283	17
12284	61
12285	54
12286	64
12287	30
12288	103
12289	38
12290	89
12291	16
12292	83
12293	39
12294	59
12295	35
12296	81
12297	25
12298	44
12299	22
12300	136
12301	23
12302	47
12303	58
12304	110
12305	17
12306	103
12307	31
12308	77
12309	26
12310	73
12311	21
12312	111
12313	22
12314	77
12315	23
12316	58
12317	29
12318	65
12319	18
12320	61
12321	14
12322	87
12323	25
12324	35
12325	44
12326	112
12327	20
12328	89
12329	41
12330	73
12331	29
12332	75
12333	24
12334	54
12335	30
12336	49
12337	13
12338	79
12339	10
12340	84
12341	35
12342	43
12343	20
12344	124
12345	36
12346	50
12347	44
12348	160
12349	30
12350	71
12351	37
12352	68
12353	21
12354	56
12355	8
12356	61
12357	24
12358	44
12359	32
12360	84
12361	38
12362	61
12363	63
12364	75
12365	31
12366	84
12367	43
12368	66
12369	28
12370	107
12371	6
12372	46
12373	59
12374	68
12375	37
12376	64
12377	33
12378	93
12379	40
12380	72
12381	38
12382	59
12383	22
12384	129
12385	48
12386	58
12387	24
12388	108
12389	41
12390	49
12391	34
12392	113
12393	27
12394	60
12395	32
12396	85
12397	42
12398	70
12399	36
12400	116
12401	12
12402	57
12403	31
12404	53
12405	25
12406	95
12407	31
12408	87
12409	16
12410	91
12411	41
12412	39
12413	23
12414	98
12415	23
12416	62
12417	24
12418	90
12419	25
12420	48
12421	22
12422	76
12423	22
12424	58
12425	34
12426	32
12427	18
12428	78
12429	19
12430	45
12431	10
12432	66
12433	22
12434	28
12435	12
12436	116
12437	16
12438	28
12439	20
12440	66
12441	26
12442	31
12443	23
12444	86
12445	3
12446	37
12447	14
12448	34
12449	7
12450	23
12451	8
12452	55
12453	33
12454	45
12455	36
12456	49
12457	20
12458	89
12459	17
12460	28
12461	7
12462	68
12463	19
12464	12
12465	12
12466	70
12467	2
12468	34
12469	27
12470	27
12471	19
12472	93
12473	22
12474	59
12475	27
12476	77
12477	23
12478	35
12479	9
12480	59
12481	27
12482	18
12483	9
12484	102
12485	22
12486	20
12487	30
12488	108
12489	28
12490	41
12491	59
12492	48
12493	22
12494	90
12495	15
12496	60
12497	20
12498	34
12499	10
12500	47
12501	20
12502	76
12503	34
12504	65
12505	24
12506	85
12507	27
12508	46
12509	26
12510	122
12511	12
12512	51
12513	27
12514	48
12515	11
12516	82
12517	13
12518	64
12519	19
12520	60
12521	39
12522	29
12523	17
12524	90
12525	20
12526	67
12527	25
12528	71
12529	31
12530	25
12531	21
12532	103
12533	14
12534	21
12535	19
12536	53
12537	13
12538	41
12539	11
12540	38
12541	9
12542	36
12543	15
12544	30
12545	3
12546	71
12547	8
12548	40
12549	5
12550	49
12551	22
12552	5
12553	3
12554	86
12555	6
12556	13
12557	18
12558	22
12559	4
12560	8
12561	8
12562	42
12563	1
12564	30
12565	12
12566	31
12567	1
12568	59
12569	8
12570	11
12571	3
12572	50
12573	17
12574	19
12575	1
12576	71
12578	1
12579	7
12580	50
12581	7
12582	20
12583	15
12584	42
12585	4
12586	8
12587	28
12588	26
12589	6
12590	45
12591	5
12592	27
12594	32
12595	5
12596	29
12597	7
12598	100
12599	19
12600	36
12601	12
12602	76
12603	17
12604	15
12605	8
12606	43
12608	16
12609	22
12610	13
12611	5
12612	46
12613	22
12614	26
12615	33
12616	69
12617	20
12618	49
12619	15
12620	94
12621	19
12622	21
12623	3
12624	61
12625	8
12626	23
12627	14
12628	89
12629	21
12630	33
12631	30
12632	27
12633	6
12634	66
12635	8
12636	40
12637	18
12638	38
12639	6
12640	15
12641	12
12642	84
12643	10
12644	32
12645	6
12646	60
12647	7
12648	45
12649	11
12650	50
12651	2
12652	25
12653	25
12654	23
12655	3
12656	52
12657	4
12658	17
12659	10
12660	20
12661	9
12662	3
12664	103
12665	3
12666	3
12667	3
12668	52
12669	3
12670	3
12671	2
12672	75
12674	12
12675	19
12676	27
12678	29
12679	5
12680	18
12682	30
12683	5
12684	8
12686	45
12687	5
12688	1
12689	1
12690	57
12692	6
12693	2
12694	93
12695	1
12696	6
12697	6
12698	16
12700	48
12701	4
12702	21
12703	1
12704	23
12705	15
12706	4
12707	2
12708	90
12709	18
12710	10
12711	10
12712	55
12713	14
12714	7
12715	9
12716	76
12717	1
12718	4
12719	13
12720	17
12721	1
12722	15
12723	10
12724	35
12725	8
12726	40
12727	24
12728	27
12729	3
12730	54
12731	8
12732	28
12734	38
12735	6
12736	8
12737	6
12738	73
12739	5
12740	7
12741	15
12742	38
12743	2
12744	22
12745	22
12746	31
12747	1
12748	17
12749	22
12750	16
12751	1
12752	72
12753	4
12754	25
12755	3
12756	45
12757	11
12758	3
12759	2
12760	88
12761	1
12762	4
12763	9
12764	58
12766	9
12767	15
12768	22
12770	13
12771	16
12772	8
12774	47
12775	5
12776	17
12777	5
12778	36
12779	6
12780	15
12782	71
12783	17
12784	2
12785	10
12786	45
12788	15
12789	11
12790	42
12792	10
12793	14
12794	3
12795	1
12796	40
12797	7
12798	11
12799	5
12800	55
12802	43
12804	92
12806	6
12807	2
12808	65
12810	7
12811	7
12812	39
12814	7
12815	27
12816	13
12817	2
12818	63
12819	4
12820	22
12821	14
12822	34
12823	3
12824	4
12826	85
12828	19
12829	5
12830	49
12832	18
12833	6
12834	53
12836	22
12837	24
12838	21
12840	64
12841	4
12842	9
12843	7
12844	53
12845	14
12846	2
12847	2
12848	100
12849	2
12850	4
12851	6
12852	72
12853	3
12854	24
12855	3
12856	67
12858	16
12859	30
12860	16
12862	44
12863	13
12864	22
12866	28
12867	14
12868	4
12869	1
12870	91
12871	2
12872	23
12873	6
12874	32
12875	3
12876	4
12877	4
12878	80
12880	15
12881	20
12882	26
12884	34
12885	13
12886	20
12888	44
12889	15
12890	7
12891	3
12892	71
12893	4
12894	5
12895	7
12896	35
12897	19
12898	7
12899	2
12900	80
12901	1
12902	3
12903	19
12904	36
12906	34
12907	18
12908	45
12910	42
12911	26
12912	11
12914	62
12915	3
12916	14
12917	5
12918	34
12919	4
12920	6
12921	4
12922	81
12923	6
12924	3
12925	19
12926	54
12928	31
12929	27
12930	19
12932	19
12933	21
12934	15
12936	63
12937	5
12938	8
12939	3
12940	51
12941	8
12942	23
12943	3
12944	84
12945	7
12946	10
12947	24
12948	60
12950	14
12951	21
12952	38
12954	15
12955	20
12956	25
12957	2
12958	73
12959	4
12960	21
12961	13
12962	50
12964	22
12965	2
12966	75
12967	12
12968	8
12969	21
12970	53
12971	1
12972	21
12973	22
12974	18
12975	4
12976	26
12977	20
12978	12
12979	4
12980	86
12981	1
12982	31
12983	6
12984	45
12985	5
12986	45
12987	1
12988	134
12989	1
12990	6
12991	18
12992	31
12994	20
12995	15
12996	30
12997	1
12998	25
12999	19
13000	23
13001	5
13002	60
13003	5
13004	7
13005	20
13006	55
13007	10
13008	43
13009	4
13010	76
13011	2
13012	21
13013	13
13014	34
13016	25
13017	6
13018	58
13020	18
13021	26
13022	15
13023	2
13024	64
13025	14
13026	28
13027	5
13028	31
13029	15
13030	7
13031	4
13032	101
13033	2
13034	20
13035	7
13036	49
13037	7
13038	16
13039	8
13040	61
13042	16
13043	37
13044	33
13046	42
13047	21
13048	24
13049	2
13050	52
13051	23
13052	3
13053	7
13054	62
13055	5
13056	16
13057	9
13058	23
13059	1
13060	26
13061	9
13062	74
13063	5
13064	9
13065	37
13066	39
13068	47
13069	35
13070	22
13072	38
13073	20
13074	5
13075	9
13076	98
13077	1
13078	8
13079	9
13080	53
13081	6
13082	16
13083	11
13084	70
13085	9
13086	8
13087	27
13088	84
13090	32
13091	39
13092	26
13094	50
13095	17
13096	20
13097	1
13098	76
13099	7
13100	16
13101	16
13102	36
13103	2
13104	15
13105	8
13106	71
13107	19
13108	11
13109	29
13110	44
13112	30
13113	27
13114	33
13115	5
13116	30
13117	10
13118	23
13119	6
13120	77
13121	1
13122	8
13123	7
13124	51
13125	4
13126	42
13127	6
13128	53
13129	16
13130	8
13131	20
13132	44
13133	1
13134	35
13135	13
13136	27
13137	8
13138	29
13139	17
13140	24
13141	6
13142	79
13143	3
13144	43
13145	22
13146	37
13147	5
13148	24
13149	5
13150	78
13151	19
13152	23
13153	23
13154	20
13156	36
13157	12
13158	27
13159	12
13160	26
13161	13
13162	45
13163	7
13164	92
13165	6
13166	19
13167	16
13168	37
13169	12
13170	42
13171	6
13172	59
13173	2
13174	17
13175	24
13176	30
13177	3
13178	29
13179	7
13180	59
13181	3
13182	15
13183	32
13184	18
13185	4
13186	61
13187	17
13188	54
13189	23
13190	43
13191	11
13192	14
13193	8
13194	74
13195	2
13196	17
13197	14
13198	25
13199	2
13200	38
13201	11
13202	44
13204	14
13205	43
13206	31
13207	1
13208	71
13209	26
13210	21
13211	4
13212	70
13213	16
13214	27
13215	18
13216	80
13217	2
13218	9
13219	19
13220	23
13221	3
13222	19
13223	15
13224	62
13225	3
13226	18
13227	46
13228	47
13230	55
13231	24
13232	23
13233	8
13234	71
13235	10
13236	9
13237	9
13238	57
13239	3
13240	25
13241	31
13242	39
13243	2
13244	22
13245	9
13246	50
13247	9
13248	14
13249	41
13250	51
13252	34
13253	34
13254	25
13255	4
13256	43
13257	10
13258	13
13259	7
13260	79
13261	5
13262	9
13263	12
13264	37
13265	10
13266	49
13267	7
13268	54
13269	9
13270	10
13271	14
13272	84
13273	1
13274	51
13275	16
13276	28
13277	13
13278	38
13279	10
13280	22
13281	6
13282	35
13283	7
13284	19
13285	12
13286	24
13287	7
13288	40
13289	8
13290	30
13291	25
13292	25
13293	15
13294	42
13295	4
13296	34
13297	22
13298	23
13299	15
13300	27
13301	9
13302	38
13303	7
13304	48
13305	2
13306	27
13307	17
13308	23
13309	11
13310	39
13311	8
13312	87
13313	8
13314	18
13315	28
13316	39
13317	7
13318	36
13319	9
13320	37
13321	11
13322	13
13323	11
13324	56
13325	8
13326	58
13327	11
13328	20
13329	7
13330	38
13331	8
13332	23
13333	13
13334	56
13335	7
13336	46
13337	22
13338	17
13339	2
13340	21
13341	7
13342	43
13343	14
13344	17
13345	20
13346	43
13347	6
13348	81
13349	15
13350	21
13351	13
13352	32
13353	10
13354	28
13355	11
13356	56
13357	3
13358	17
13359	14
13360	26
13361	8
13362	46
13363	12
13364	36
13365	4
13366	22
13367	31
13368	74
13369	3
13370	56
13371	17
13372	20
13373	15
13374	47
13375	4
13376	21
13377	18
13378	47
13380	35
13381	20
13382	28
13383	3
13384	28
13385	20
13386	23
13387	6
13388	19
13389	16
13390	43
13391	1
13392	46
13393	40
13394	27
13395	5
13396	47
13397	7
13398	20
13399	13
13400	63
13401	2
13402	19
13403	12
13404	24
13405	10
13406	48
13407	5
13408	42
13409	11
13410	7
13411	11
13412	39
13414	21
13415	28
13416	21
13417	8
13418	48
13419	15
13420	41
13421	8
13422	26
13423	19
13424	23
13425	9
13426	16
13427	11
13428	21
13429	3
13430	37
13431	23
13432	19
13433	9
13434	58
13435	4
13436	50
13437	21
13438	21
13439	11
13440	24
13441	6
13442	29
13443	12
13444	24
13445	17
13446	23
13447	14
13448	13
13449	10
13450	31
13451	5
13452	59
13453	11
13454	23
13455	23
13456	49
13457	6
13458	29
13459	11
13460	52
13461	21
13462	15
13463	5
13464	40
13465	7
13466	24
13467	8
13468	21
13469	12
13470	34
13471	8
13472	50
13473	11
13474	49
13475	16
13476	28
13477	21
13478	43
13479	7
13480	51
13481	8
13482	22
13483	11
13484	14
13485	11
13486	46
13487	5
13488	48
13489	7
13490	19
13491	16
13492	32
13493	6
13494	16
13495	10
13496	51
13497	9
13498	16
13499	15
13500	29
13501	5
13502	19
13503	5
13504	53
13505	10
13506	19
13507	12
13508	32
13509	4
13510	38
13511	6
13512	27
13513	8
13514	17
13515	6
13516	27
13517	7
13518	23
13519	7
13520	32
13521	7
13522	30
13523	5
13524	18
13525	5
13526	28
13527	5
13528	20
13529	10
13530	57
13531	1
13532	15
13533	22
13534	8
13535	6
13536	26
13538	9
13539	9
13540	17
13542	23
13543	10
13544	22
13545	11
13546	44
13547	8
13548	47
13549	14
13550	11
13551	8
13552	39
13553	2
13554	10
13555	9
13556	9
13557	6
13558	44
13559	5
13560	24
13561	12
13562	27
13563	10
13564	35
13565	7
13566	24
13567	12
13568	22
13569	8
13570	18
13571	19
13572	13
13573	15
13574	43
13575	1
13576	20
13577	12
13578	16
13579	6
13580	30
13581	9
13582	29
13583	15
13584	28
13585	15
13586	20
13587	10
13588	48
13589	11
13590	8
13591	4
13592	30
13593	9
13594	18
13595	13
13596	56
13597	5
13598	42
13599	6
13600	49
13601	11
13602	14
13603	11
13604	26
13605	6
13606	17
13607	14
13608	24
13609	4
13610	35
13611	5
13612	23
13613	7
13614	44
13615	8
13616	22
13617	9
13618	42
13619	6
13620	16
13621	5
13622	10
13623	8
13624	15
13625	3
13626	25
13627	2
13628	33
13629	8
13630	11
13631	6
13632	30
13633	4
13634	12
13635	1
13636	26
13637	7
13638	5
13639	3
13640	42
13641	1
13642	12
13644	15
13646	7
13647	3
13648	16
13650	14
13651	6
13652	5
13653	5
13654	8
13656	11
13657	2
13658	21
13659	2
13660	15
13661	1
13662	34
13663	2
13664	6
13666	17
13669	4
13670	27
13671	6
13672	13
13673	22
13674	6
13675	3
13676	35
13677	6
13678	6
13679	9
13680	8
13681	1
13682	7
13684	39
13685	9
13686	11
13688	24
13689	8
13690	17
13691	10
13692	50
13693	4
13694	11
13695	15
13696	16
13697	4
13698	24
13699	9
13700	6
13701	9
13702	18
13703	5
13704	16
13705	6
13706	27
13707	12
13708	14
13709	15
13710	38
13711	18
13712	16
13713	14
13714	59
13716	20
13717	11
13718	3
13719	3
13720	17
13721	5
13722	11
13723	8
13724	26
13725	12
13726	20
13727	7
13728	50
13729	4
13730	9
13731	2
13732	32
13733	4
13734	9
13735	2
13736	36
13737	3
13738	9
13739	15
13740	11
13741	6
13742	8
13743	1
13744	8
13746	16
13747	3
13748	12
13749	5
13750	24
13751	3
13752	6
13753	9
13754	19
13755	3
13756	9
13758	27
13760	3
13761	2
13762	5
13764	14
13766	4
13768	13
13771	1
13772	21
13774	4
13775	1
13776	22
13778	2
13780	28
13784	5
13786	2
13788	2
13790	6
13791	3
13794	37
13798	9
13800	10
13801	8
13802	28
13803	4
13804	12
13806	9
13807	1
13808	4
13810	4
13812	11
13813	5
13815	1
13816	34
13817	5
13818	8
13819	13
13820	35
13822	7
13823	2
13824	25
13825	4
13826	10
13828	10
13829	3
13830	19
13831	5
13832	18
13833	3
13834	6
13835	17
13836	6
13837	2
13838	37
13839	8
13840	6
13841	2
13842	21
13844	6
13845	3
13846	18
13847	2
13848	8
13849	5
13850	13
13851	4
13852	7
13853	3
13854	32
13856	15
13857	4
13858	3
13859	1
13860	19
13862	2
13864	24
13865	1
13866	2
13867	1
13868	34
13872	17
13873	1
13875	4
13876	29
13878	3
13879	9
13880	2
13882	18
13886	8
13890	46
13894	14
13896	2
13898	19
13899	1
13901	2
13902	4
13904	8
13908	19
13912	35
13916	18
13918	9
13920	26
13922	1
13923	4
13924	2
13926	6
13928	3
13929	2
13930	18
13931	1
13932	2
13934	29
13935	1
13937	4
13938	23
13939	1
13940	2
13942	23
13944	9
13946	6
13947	1
13948	15
13950	7
13951	1
13952	11
13953	2
13954	6
13956	52
13957	1
13959	4
13960	25
13961	1
13962	1
13964	19
13966	1
13968	8
13970	15
13971	1
13972	3
13974	27
13975	9
13978	25
13979	1
13980	7
13981	2
13982	19
13984	18
13986	25
13989	1
13990	4
13992	6
13993	4
13994	10
13996	11
13997	6
14000	64
14004	20
14006	5
14007	1
14008	25
14010	5
14011	3
14012	7
14014	1
14015	5
14016	8
14018	7
14019	13
14022	33
14026	11
14030	18
14032	4
14033	11
14034	9
14036	9
14037	3
14038	27
14040	4
14041	7
14044	16
14045	4
14048	25
14052	29
14055	1
14056	18
14058	5
14059	6
14060	20
14062	6
14063	7
14064	7
14066	12
14070	17
14074	45
14078	11
14080	2
14081	4
14082	27
14083	8
14084	8
14085	6
14086	1
14088	25
14092	28
14096	36
14099	1
14100	22
14102	12
14104	8
14106	4
14107	5
14108	4
14110	32
14112	4
14114	17
14117	1
14118	50
14121	11
14122	12
14124	8
14126	19
14128	11
14129	1
14132	10
14133	1
14134	5
14136	37
14137	1
14138	10
14139	1
14140	47
14142	1
14143	2
14144	24
14146	1
14148	22
14150	3
14151	2
14152	3
14154	20
14155	3
14156	6
14158	12
14159	15
14160	14
14162	42
14164	2
14165	5
14166	17
14170	18
14172	1
14173	6
14174	5
14176	15
14177	3
14178	14
14180	19
14181	6
14184	38
14186	7
14188	15
14190	7
14191	5
14192	20
14195	7
14196	7
14198	6
14199	6
14200	9
14202	8
14203	11
14206	25
14210	21
14212	8
14213	1
14214	36
14216	6
14217	9
14218	9
14220	6
14221	6
14222	14
14224	2
14225	3
14226	2
14228	34
14229	8
14232	24
14236	49
14238	3
14239	7
14240	8
14242	16
14243	5
14244	11
14245	1
14246	5
14247	6
14248	16
14250	42
14254	42
14258	33
14261	3
14262	16
14264	23
14265	2
14266	11
14267	7
14268	11
14269	2
14270	1
14272	25
14274	1
14276	24
14278	3
14279	2
14280	51
14282	3
14283	7
14284	6
14286	27
14287	2
14288	16
14289	1
14290	12
14291	4
14292	18
14294	25
14296	1
14297	1
14298	30
14299	1
14301	2
14302	27
14304	1
14305	10
14306	10
14308	16
14310	20
14312	3
14313	3
14314	8
14316	26
14317	3
14318	13
14319	3
14320	13
14321	3
14323	1
14324	67
14327	3
14328	17
14330	7
14331	1
14332	9
14334	10
14335	10
14336	6
14338	15
14339	6
14340	12
14342	14
14343	17
14344	5
14345	1
14346	39
14349	8
14350	8
14353	7
14354	22
14356	2
14357	18
14358	5
14360	12
14361	4
14362	30
14364	16
14365	7
14366	13
14368	26
14370	3
14371	7
14372	30
14375	11
14376	22
14379	12
14380	8
14382	7
14383	5
14384	2
14386	10
14387	3
14388	3
14390	45
14391	1
14392	12
14393	1
14394	35
14396	4
14397	3
14398	29
14400	3
14401	14
14402	5
14404	16
14405	7
14406	8
14407	1
14408	13
14409	3
14410	3
14412	37
14413	14
14416	33
14418	18
14419	3
14420	22
14422	2
14423	9
14424	23
14426	16
14427	2
14428	6
14429	6
14430	8
14431	1
14432	16
14434	46
14436	6
14438	19
14440	2
14441	1
14442	24
14444	9
14445	9
14446	6
14447	1
14448	27
14449	1
14450	5
14451	15
14452	10
14453	3
14454	4
14456	18
14457	1
14458	1
14459	1
14460	27
14462	3
14463	2
14464	27
14466	5
14467	8
14468	11
14470	19
14472	24
14473	2
14474	6
14475	7
14476	5
14477	2
14478	30
14479	3
14480	5
14481	5
14482	10
14483	2
14484	1
14485	2
14486	23
14488	2
14489	13
14490	9
14492	15
14493	3
14494	22
14496	15
14497	19
14498	14
14500	15
14501	5
14502	9
14503	1
14504	9
14505	2
14507	1
14508	40
14510	1
14511	6
14512	4
14514	10
14515	12
14516	19
14518	3
14519	12
14520	25
14521	1
14522	25
14523	4
14524	11
14526	9
14527	10
14529	4
14530	31
14533	5
14534	20
14536	1
14537	11
14538	19
14540	11
14541	14
14542	7
14544	27
14545	4
14546	13
14548	16
14550	2
14551	1
14552	37
14553	5
14555	11
14556	24
14558	9
14559	8
14560	31
14562	6
14563	10
14564	3
14566	25
14567	4
14569	2
14570	12
14572	43
14574	25
14575	13
14577	7
14578	24
14580	2
14581	4
14582	18
14584	6
14585	5
14586	8
14587	1
14588	18
14589	1
14590	7
14591	12
14592	4
14593	1
14594	11
14596	15
14597	4
14598	12
14599	5
14600	15
14602	7
14603	2
14604	12
14605	5
14606	5
14607	6
14608	7
14609	4
14610	24
14611	1
14612	4
14613	6
14614	4
14616	21
14618	14
14619	1
14620	9
14621	4
14622	15
14624	14
14625	6
14626	8
14628	9
14629	12
14630	4
14631	1
14632	14
14634	22
14635	14
14636	3
14637	8
14638	3
14639	1
14640	26
14641	3
14642	14
14643	7
14644	8
14645	1
14646	4
14647	2
14648	26
14650	9
14651	5
14652	13
14654	23
14655	5
14656	14
14657	2
14658	12
14659	14
14660	13
14661	1
14662	19
14663	3
14664	2
14665	6
14666	11
14667	2
14668	1
14669	2
14670	38
14672	9
14673	9
14674	14
14676	9
14677	9
14678	22
14680	10
14681	11
14682	11
14684	33
14685	6
14686	4
14687	3
14688	13
14691	3
14692	17
14695	12
14696	21
14698	17
14699	9
14700	18
14702	14
14703	6
14704	14
14705	5
14706	10
14709	3
14710	8
14711	1
14712	4
14713	2
14714	15
14715	2
14717	2
14718	21
14720	8
14721	4
14722	6
14724	10
14725	3
14726	22
14728	18
14730	11
14731	7
14732	3
14733	4
14734	9
14736	4
14737	13
14739	3
14740	12
14742	7
14743	7
14744	10
14746	6
14747	3
14748	21
14749	3
14750	15
14752	25
14753	3
14754	1
14756	24
14758	5
14759	5
14760	9
14762	9
14763	3
14764	10
14765	3
14766	1
14767	5
14768	5
14769	11
14770	4
14771	5
14772	8
14774	3
14775	8
14778	27
14780	17
14781	8
14782	9
14783	5
14784	15
14786	7
14787	4
14788	6
14789	3
14790	6
14791	2
14792	13
14793	5
14794	9
14796	18
14797	4
14798	8
14799	7
14800	9
14801	2
14802	23
14803	3
14804	19
14805	7
14806	4
14808	23
14809	3
14810	20
14812	3
14813	3
14814	8
14815	1
14816	9
14817	3
14818	12
14819	10
14820	10
14821	5
14822	3
14823	2
14824	16
14826	5
14827	2
14828	14
14830	10
14832	14
14834	2
14835	7
14836	17
14838	16
14839	2
14840	11
14841	3
14842	1
14843	2
14844	1
14846	4
14848	8
14849	1
14850	4
14852	7
14853	2
14854	5
14856	2
14857	1
14858	7
14860	4
14861	3
14862	11
14863	2
14864	8
14866	3
14867	1
14868	2
14872	6
14874	3
14876	5
14877	3
14880	18
14882	1
14883	11
14884	6
14886	4
14888	16
14890	9
14891	7
14892	3
14893	4
14895	3
14896	22
14898	2
14899	6
14900	6
14902	10
14905	1
14906	18
14907	3
14908	13
14909	9
14910	18
14911	5
14912	5
14914	10
14915	5
14917	3
14918	3
14920	3
14921	7
14922	7
14923	5
14924	7
14925	1
14926	9
14927	3
14928	1
14929	7
14930	4
14931	3
14932	43
14933	3
14934	8
14936	15
14937	5
14938	2
14939	1
14940	10
14942	12
14944	13
14945	4
14946	9
14948	8
14949	1
14950	13
14951	4
14952	2
14954	11
14956	10
14958	16
14959	2
14960	1
14961	1
14962	12
14964	3
14966	4
14967	2
14970	1
14972	3
14973	1
14975	1
14976	11
14978	5
14984	18
14988	1
14990	3
14994	1
14998	11
15002	3
15007	1
15008	4
15010	6
15016	6
15018	2
15019	1
15020	18
15021	1
15022	1
15023	6
15024	7
15026	4
15029	1
15032	4
15033	1
15034	9
15035	2
15036	15
15037	1
15038	5
15039	4
15040	2
15041	1
15042	20
15044	2
15045	1
15046	3
15048	5
15049	6
15050	4
15051	2
15052	6
15053	6
15054	4
15055	1
15056	7
15057	2
15058	3
15059	2
15060	10
15061	2
15062	4
15063	3
15064	14
15066	2
15067	1
15068	16
15069	2
15070	4
15071	1
15072	12
15074	4
15075	1
15076	2
15077	2
15080	2
15082	1
15083	2
15086	14
15088	3
15090	8
15094	16
15097	3
15105	1
15106	1
15112	13
15116	22
15120	2
15132	3
15134	3
15138	24
15142	2
15146	2
15152	6
15156	2
15160	22
15163	2
15164	10
15166	2
15168	3
15170	2
15174	2
15175	1
15176	2
15178	7
15179	2
15180	2
15181	2
15182	9
15186	1
15188	2
15189	2
15190	7
15193	1
15196	4
15200	9
15202	2
15204	22
15208	3
15214	2
15216	2
15218	5
15222	11
15226	10
15230	8
15237	3
15240	11
15242	3
15244	3
15248	34
15252	5
15256	8
15259	2
15260	1
15266	4
15270	10
15274	10
15278	14
15281	6
15286	1
15291	1
15292	26
15294	1
15296	12
15300	19
15302	1
15303	2
15304	1
15312	4
15314	7
15318	8
15322	17
15326	2
15332	5
15336	3
15340	6
15344	31
15348	2
15350	1
15352	4
15358	8
15362	8
15364	4
15366	21
15368	2
15370	2
15376	1
15380	8
15383	4
15384	16
15388	14
15392	5
15394	3
15396	2
15402	24
15406	10
15410	11
15414	5
15420	7
15421	4
15422	1
15424	5
15428	15
15432	11
15436	7
15440	12
15443	2
15446	17
15448	1
15450	2
15454	18
15458	7
15462	10
15465	9
15466	1
15472	10
15476	10
15480	4
15484	29
15487	3
15492	3
15494	4
15498	8
15500	1
15502	8
15506	16
15509	5
15510	5
15512	7
15516	2
15518	5
15520	16
15524	22
15528	20
15534	1
15536	3
15538	5
15542	11
15544	3
15546	13
15548	7
15550	10
15556	1
15560	4
15564	20
15567	4
15568	7
15572	20
15574	2
15576	4
15582	5
15586	24
15589	1
15590	13
15594	7
15596	3
15598	4
15600	17
15602	4
15605	5
15608	17
15612	5
15616	15
15620	7
15623	2
15624	14
15626	3
15627	7
15630	7
15634	3
15638	9
15642	4
15645	3
15646	10
15649	7
15652	7
15656	11
15660	9
15664	8
15667	5
15668	18
15671	2
15672	4
15674	5
15675	1
15678	3
15682	23
15686	7
15690	13
15692	2
15693	4
15694	1
15696	2
15698	2
15700	7
15704	23
15708	17
15712	15
15713	5
15715	2
15718	7
15720	3
15722	5
15724	10
15726	21
15728	2
15730	8
15732	8
15734	11
15740	10
15744	9
15748	12
15750	3
15751	6
15752	12
15754	6
15756	7
15760	4
15762	2
15764	4
15766	3
15767	1
15770	21
15773	2
15774	2
15776	2
15778	3
15780	3
15782	5
15785	2
15786	2
15788	2
15789	13
15792	10
15795	1
15800	19
15803	1
15804	3
15806	3
15807	4
15808	12
15810	3
15811	4
15814	11
15818	5
15822	8
15825	8
15826	7
15828	4
15829	3
15830	11
15832	4
15833	7
15836	6
15840	8
15844	19
15847	1
15848	7
15851	2
15852	13
15854	2
15855	3
15858	4
15859	1
15862	8
15866	18
15870	10
15872	1
15873	2
15874	1
15876	1
15877	5
15878	17
15880	23
15884	6
15888	17
15892	4
15894	5
15896	11
15897	6
15898	1
15899	1
15902	5
15904	7
15906	4
15908	5
15910	12
15913	2
15914	2
15916	12
15918	1
15920	1
15921	2
15924	2
15926	2
15928	2
15930	7
15931	1
15932	16
15934	1
15935	4
15938	4
15940	7
15944	11
15946	3
15947	2
15948	4
15950	6
15951	2
15953	1
15954	14
15956	5
15957	2
15960	2
15962	11
15965	3
15966	4
15968	8
15969	3
15970	4
15972	2
15973	9
15976	6
15979	2
15980	6
15982	4
15983	3
15984	6
15987	7
15988	7
15991	4
15992	16
15994	3
15995	1
15998	12
16002	4
16005	1
16006	15
16009	4
16010	5
16013	3
16014	1
16016	2
16017	2
16020	16
16024	15
16028	9
16031	2
16032	15
16034	9
16035	1
16036	3
16038	2
16040	2
16042	9
16043	7
16046	2
16048	2
16050	7
16053	2
16056	8
16058	6
16059	2
16060	3
16062	8
16064	4
16068	1
16072	3
16075	2
16078	6
16081	11
16084	13
16088	5
16090	3
16093	1
16094	5
16096	3
16097	3
16100	10
16106	3
16108	4
16109	2
16110	7
16111	3
16112	4
16113	2
16115	1
16116	7
16119	7
16122	1
16124	10
16126	5
16127	4
16128	4
16130	5
16131	4
16132	12
16134	3
16136	14
16137	1
16138	6
16141	1
16142	2
16144	4
16145	1
16146	10
16149	6
16150	5
16152	3
16153	1
16156	6
16157	2
16160	17
16162	3
16163	3
16164	4
16167	1
16168	9
16171	1
16172	3
16174	5
16176	5
16178	1
16182	1
16185	2
16188	7
16189	1
16194	4
16196	2
16202	1
16205	2
16208	5
16214	1
16216	3
16218	3
16220	1
16221	4
16224	8
16227	1
16232	2
16234	5
16236	3
16237	1
16238	4
16239	3
16240	5
16242	2
16243	3
16246	7
16250	3
16252	4
16254	6
16255	1
16256	2
16258	2
16259	7
16262	2
16264	8
16265	2
16268	8
16269	1
16270	4
16271	2
16272	6
16273	2
16274	4
16277	2
16278	2
16280	4
16284	6
16286	8
16288	1
16289	2
16290	12
16292	7
16294	5
16295	1
16300	5
16304	2
16306	3
16314	1
16316	13
16328	2
16342	13
16356	1
16360	1
16367	2
16368	7
16370	2
16378	6
16380	3
16382	3
16383	1
16386	5
16392	3
16394	1
16396	2
16397	2
16398	1
16399	6
16400	7
16401	1
16402	2
16404	1
16405	2
16412	3
16413	1
16414	2
16416	7
16420	1
16422	3
16426	7
16427	1
16440	3
16444	11
16448	2
16452	1
16470	4
16474	7
16496	21
16500	1
16513	1
16516	1
16518	5
16522	8
16524	2
16525	1
16526	4
16527	1
16528	2
16538	1
16539	1
16540	2
16548	12
16552	2
16562	7
16574	2
16584	5
16592	1
16600	3
16606	11
16610	2
16624	5
16628	4
16632	7
16650	11
16652	1
16654	7
16658	4
16676	10
16680	6
16683	3
16702	16
16706	1
16724	3
16728	9
16732	1
16746	8
16754	9
16768	11
16772	1
16780	3
16786	3
16790	9
16794	1
16804	7
16806	1
16808	1
16812	12
16816	3
16824	4
16830	3
16834	9
16838	7
16842	2
16848	2
16856	10
16858	1
16860	4
16864	8
16867	1
16882	8
16886	9
16889	1
16908	13
16912	1
16930	16
16934	1
16938	1
16948	5
16952	6
16960	3
16966	4
16970	2
16974	14
16978	1
16984	3
16986	1
16992	9
16996	4
17000	6
17010	4
17012	2
17013	1
17014	2
17018	12
17022	3
17030	2
17032	2
17036	5
17040	5
17044	6
17048	1
17051	4
17056	4
17062	14
17066	1
17070	6
17073	2
17088	2
17092	9
17095	3
17110	4
17114	14
17122	2
17128	8
17132	3
17136	8
17140	2
17146	1
17150	3
17154	5
17158	14
17164	3
17172	4
17176	4
17178	1
17180	9
17184	3
17190	1
17194	1
17197	1
17198	7
17202	8
17206	2
17216	21
17224	3
17228	1
17232	4
17235	4
17236	3
17238	1
17242	1
17246	1
17254	12
17257	3
17262	1
17268	3
17272	4
17276	4
17279	4
17288	3
17290	4
17294	3
17298	11
17301	3
17308	5
17312	4
17316	11
17320	4
17326	1
17334	5
17338	4
17342	14
17343	4
17344	1
17352	1
17356	8
17360	3
17362	2
17364	1
17368	4
17370	7
17378	1
17381	4
17386	5
17390	1
17396	2
17400	8
17416	6
17419	6
17422	4
17434	3
17437	1
17438	4
17441	3
17442	4
17444	3
17452	9
17456	2
17459	3
17460	4
17463	3
17468	5
17470	2
17474	6
17478	4
17482	7
17485	1
17488	1
17492	1
17494	1
17496	7
17500	1
17504	7
17507	2
17508	2
17510	4
17514	2
17518	2
17520	4
17524	3
17527	2
17546	7
17562	3
17565	2
17578	3
17580	1
17581	1
17584	5
17587	2
17596	10
17599	1
17600	1
17602	2
17603	3
17606	1
17614	3
17617	3
17618	1
17621	1
17622	12
17628	4
17632	2
17636	4
17639	1
17640	4
17648	5
17650	6
17674	4
17678	3
17692	2
17700	6
17708	2
17711	3
17724	3
17727	1
17730	4
17740	3
17742	1
17745	1
17746	2
17749	4
17752	5
17758	2
17760	3
17761	1
17762	5
17764	2
17776	5
17780	2
17790	2
17802	3
17828	3
17854	6
17857	1
17870	1
17873	2
17876	2
17880	9
17884	1
17886	1
17888	2
17889	2
17902	2
17903	1
17906	5
17932	2
17964	2
17984	2
17986	1
18008	5
18012	1
18034	3
18060	13
18086	4
18112	6
18138	1
18148	3
18170	2
18192	4
18214	4
18216	3
18218	2
18240	9
18244	2
18266	11
18284	1
18292	5
18318	5
18332	2
18354	1
18370	1
18376	9
18398	3
18402	1
18420	10
18424	3
18446	4
18448	1
18450	3
18472	9
18498	2
18516	6
18524	6
18538	3
18560	5
18576	1
18582	7
18600	6
18604	5
18608	4
18626	4
18630	3
18634	2
18652	4
18656	2
18678	5
18681	3
18700	4
18704	2
18708	1
18722	3
18744	10
18748	4
18762	3
18766	3
18780	3
18784	1
18788	5
18792	3
18806	1
18810	2
18814	1
18832	10
18840	2
18846	3
18865	2
18884	4
18887	1
18906	5
18924	3
18928	4
18942	2
18946	1
18950	6
18954	1
18960	2
18968	2
18972	5
18976	3
18980	3
18986	4
19011	1
19030	2
19049	3
19068	6
19071	1
19086	1
19090	2
19093	2
19104	3
19108	3
19112	6
19126	2
19140	3
19160	1
19176	3
19186	1
19195	1
19212	5
19214	4
19230	2
19233	1
19236	2
19248	3
19251	1
19252	5
19266	2
19341	1
19360	2
19366	3
19376	1
19379	2
19392	4
19394	1
19418	3
19444	3
19572	2
19598	1
19624	7
19650	1
19676	3
19778	5
19804	3
19830	4
19856	4
19882	1
19908	1
19962	3
19976	1
19984	4
20010	3
20036	8
20062	2
20088	1
20140	2
20146	3
20168	2
20190	4
20194	1
20216	5
20242	3
20268	2
20294	2
20330	2
20352	2
20374	3
20396	6
20400	1
20422	2
20426	1
20448	4
20514	5
20536	1
20558	4
20576	2
20580	1
20584	2
20602	5
20672	2
20679	2
20698	2
20720	3
20738	1
20742	3
20756	2
20844	2
20863	1
20882	3
20885	1
20900	1
20904	2
21009	2
21028	1
21044	1
21136	4
21342	2
21368	4
21548	3
21574	2
21600	3
21754	2
21780	2
21806	2
21832	2
21960	5
21986	1
22012	3
22064	3
22144	2
22166	2
22192	3
22218	2
22328	2
22350	1
22372	3
22376	1
22512	3
22534	1
22552	1
22596	1
22677	1
22696	1
22842	1
23060	2
23292	2
23524	4
23730	2
23756	2
23936	2
23962	1
23988	2
24142	3
24168	1
24326	1
24348	1
24510	1
24675	1
25216	1
25448	1
25680	2
25912	3
26118	1
26144	1
26324	1
26508	1
27836	2
28068	1
28300	1
28506	1
30456	1
30688	1
33076	1
35696	1
