--- Spanning_Trees ---
81	4
180	7
189	12
192	14
336	2
360	11
372	5
384	17
396	4
400	3
405	16
408	12
416	10
420	6
423	7
432	19
440	14
441	6
504	4
540	1
567	1
576	1
648	1
656	1
672	3
675	7
704	1
708	6
720	6
726	3
729	3
735	4
740	2
744	6
752	3
768	17
771	14
780	6
784	2
788	2
792	17
800	12
804	1
812	2
816	18
819	4
825	2
828	7
832	16
834	7
836	4
840	10
843	7
848	6
860	3
861	8
864	18
868	4
872	4
876	1
880	10
885	2
888	10
891	16
894	2
896	3
900	8
903	2
908	4
912	10
915	6
923	6
924	13
932	8
939	2
945	7
960	14
963	8
966	4
968	4
987	10
992	1
1005	4
1008	1
1020	1
1024	5
1040	1
1044	2
1047	1
1053	1
1056	1
1065	1
1080	7
1088	4
1092	1
1100	2
1101	2
1107	4
1125	3
1128	1
1152	8
1155	1
1164	2
1188	1
1191	1
1227	2
1248	1
1254	1
1260	4
1280	3
1287	4
1296	4
1312	1
1320	6
1323	7
1332	7
1335	1
1340	1
1344	6
1353	5
1356	1
1360	1
1365	4
1368	4
1376	1
1392	2
1395	6
1396	1
1404	1
1408	5
1416	7
1420	3
1440	28
1444	2
1456	1
1474	1
1480	14
1485	2
1488	3
1491	7
1492	4
1495	1
1500	7
1504	8
1507	2
1512	3
1516	2
1518	5
1520	3
1530	1
1536	21
1537	2
1539	11
1540	3
1548	11
1555	1
1560	3
1564	2
1568	6
1569	7
1570	3
1572	3
1575	6
1576	5
1579	4
1584	21
1591	4
1593	1
1596	1
1600	21
1605	1
1608	2
1611	7
1612	2
1616	1
1617	1
1620	4
1624	6
1626	7
1628	2
1632	9
1633	3
1636	1
1639	6
1640	5
1642	1
1647	4
1648	5
1651	3
1656	14
1660	11
1663	5
1664	10
1668	5
1671	2
1672	13
1674	8
1680	14
1684	2
1689	2
1690	2
1696	15
1701	2
1704	3
1705	1
1710	1
1711	1
1712	1
1716	1
1719	2
1720	5
1722	2
1723	4
1724	1
1725	3
1726	2
1728	12
1732	3
1736	4
1737	1
1738	2
1740	6
1744	13
1752	2
1753	1
1755	11
1756	1
1759	10
1760	5
1762	2
1764	4
1765	2
1768	7
1771	4
1775	1
1776	7
1779	4
1780	6
1782	1
1783	2
1788	1
1789	2
1791	1
1792	18
1798	1
1800	24
1801	2
1804	2
1810	2
1812	1
1815	2
1816	6
1818	3
1819	2
1822	1
1824	6
1825	2
1827	3
1828	3
1831	1
1832	1
1834	2
1836	10
1840	4
1843	5
1845	8
1848	2
1851	4
1856	1
1860	4
1863	1
1864	8
1866	2
1872	6
1873	2
1878	2
1882	4
1887	2
1888	6
1891	4
1892	2
1897	1
1899	12
1900	2
1906	4
1908	2
1911	1
1912	3
1914	5
1915	4
1917	2
1919	1
1920	7
1926	2
1933	2
1936	4
1940	1
1944	6
1947	1
1953	3
1954	4
1957	2
1960	6
1962	3
1965	1
1968	3
1969	1
1971	13
1972	2
1975	3
1977	1
1980	7
1984	5
1987	1
1989	5
1990	1
1993	1
1996	1
1998	1
1999	1
2000	1
2007	2
2008	1
2013	4
2016	2
2024	1
2025	3
2029	1
2032	5
2034	4
2038	1
2040	2
2041	4
2044	2
2046	1
2048	6
2056	11
2059	2
2061	3
2068	1
2071	1
2074	4
2077	1
2079	1
2080	14
2088	3
2089	1
2095	1
2100	3
2101	2
2106	1
2112	5
2115	3
2119	1
2125	1
2128	1
2145	4
2146	3
2149	2
2160	10
2172	1
2176	15
2178	1
2184	1
2185	2
2193	1
2194	2
2197	1
2200	2
2205	2
2208	2
2214	1
2220	2
2221	2
2223	1
2224	3
2227	2
2235	2
2241	1
2242	1
2244	2
2245	1
2248	5
2260	1
2265	1
2268	5
2272	1
2277	2
2280	2
2284	2
2286	1
2290	2
2296	2
2302	1
2304	9
2305	1
2320	1
2322	1
2323	1
2325	6
2328	1
2332	2
2340	2
2349	2
2352	4
2358	1
2368	4
2376	12
2380	1
2392	2
2397	7
2400	7
2412	2
2416	2
2420	1
2428	2
2431	1
2434	1
2440	3
2448	5
2449	1
2452	1
2460	2
2464	4
2469	7
2470	1
2484	6
2487	1
2488	1
2492	1
2496	5
2500	4
2509	1
2512	2
2520	7
2524	2
2526	1
2536	1
2541	1
2544	1
2548	2
2552	1
2556	2
2559	4
2560	5
2565	7
2568	9
2569	1
2572	1
2573	1
2574	1
2576	1
2584	1
2592	13
2599	1
2600	1
2604	1
2608	2
2612	1
2613	8
2620	5
2624	1
2625	4
2626	1
2628	1
2631	3
2632	1
2640	13
2641	1
2652	2
2664	2
2668	1
2673	1
2679	2
2680	2
2685	6
2688	12
2691	6
2692	2
2694	2
2697	1
2700	3
2706	3
2709	2
2712	5
2716	1
2720	1
2724	4
2728	2
2740	1
2741	2
2743	1
2747	1
2748	2
2752	5
2757	2
2774	2
2775	2
2779	2
2780	2
2781	3
2784	16
2785	2
2788	3
2792	1
2793	2
2796	2
2799	2
2800	10
2805	8
2808	4
2812	6
2816	7
2817	2
2820	5
2821	1
2824	1
2826	2
2829	5
2832	5
2835	3
2840	3
2844	2
2845	1
2848	1
2850	1
2856	4
2859	1
2860	2
2863	1
2864	1
2868	6
2869	2
2872	1
2873	2
2877	2
2880	30
2882	2
2884	1
2886	1
2888	3
2889	1
2892	4
2895	1
2896	1
2900	3
2908	4
2910	1
2911	1
2912	1
2914	1
2916	3
2917	1
2919	1
2920	3
2925	7
2926	1
2932	2
2934	1
2936	1
2940	5
2943	1
2944	3
2947	1
2948	1
2949	5
2952	3
2955	4
2958	6
2959	2
2960	7
2962	1
2964	2
2965	4
2968	2
2971	1
2972	1
2973	5
2976	7
2980	1
2984	5
2985	1
2988	6
2991	2
2992	4
2994	1
2997	5
3000	15
3004	2
3005	4
3006	1
3008	11
3009	1
3010	1
3012	5
3013	1
3015	5
3016	1
3020	1
3021	1
3024	12
3027	1
3028	2
3030	1
3031	3
3032	3
3033	1
3034	1
3036	4
3037	1
3040	6
3045	10
3046	1
3048	3
3051	2
3052	1
3053	5
3056	1
3057	1
3058	1
3060	12
3061	1
3063	2
3068	3
3069	3
3072	17
3074	1
3076	5
3077	2
3078	1
3079	1
3080	2
3081	4
3084	2
3085	7
3088	1
3090	2
3091	1
3093	6
3096	4
3097	1
3100	9
3105	1
3108	1
3109	1
3112	1
3115	1
3117	3
3120	7
3123	1
3124	5
3126	4
3128	3
3131	1
3132	6
3133	4
3135	9
3136	10
3139	2
3140	3
3141	3
3142	3
3144	11
3148	4
3152	5
3154	1
3156	3
3157	2
3159	11
3160	5
3165	6
3168	6
3172	3
3173	1
3174	1
3177	1
3179	2
3180	8
3184	4
3187	1
3188	1
3189	1
3192	2
3195	1
3197	1
3199	1
3200	12
3204	3
3205	5
3206	2
3207	4
3208	1
3210	2
3211	2
3212	2
3213	3
3214	2
3216	9
3219	1
3220	4
3223	1
3224	2
3225	1
3227	1
3228	3
3229	3
3231	3
3232	7
3234	3
3236	1
3237	6
3238	1
3240	10
3245	2
3246	1
3248	6
3250	1
3252	2
3253	3
3255	2
3256	3
3260	5
3261	2
3264	8
3267	1
3268	7
3269	2
3270	1
3272	1
3273	3
3274	2
3276	3
3277	5
3279	2
3280	11
3282	1
3283	1
3284	1
3285	19
3288	2
3292	4
3293	1
3296	3
3297	1
3298	1
3300	7
3303	1
3306	5
3309	3
3311	1
3312	7
3313	1
3315	3
3316	1
3317	3
3319	1
3320	5
3321	3
3322	1
3323	2
3324	1
3325	4
3328	8
3332	4
3333	6
3336	7
3339	3
3340	2
3341	2
3343	1
3344	5
3345	1
3346	2
3348	8
3349	4
3350	2
3351	2
3354	1
3355	1
3357	2
3359	1
3360	26
3363	4
3364	2
3368	2
3369	1
3372	3
3373	4
3374	2
3375	7
3376	3
3378	1
3379	1
3380	2
3381	2
3384	2
3385	1
3388	3
3389	1
3390	1
3391	2
3392	6
3393	3
3399	3
3400	2
3405	2
3408	9
3411	2
3413	2
3417	1
3421	5
3422	1
3423	1
3424	2
3426	1
3429	2
3431	1
3432	9
3434	1
3436	1
3437	2
3439	3
3440	5
3441	1
3444	3
3445	1
3448	2
3450	2
3452	1
3453	7
3454	2
3456	16
3459	2
3460	1
3462	2
3463	2
3464	5
3465	2
3468	2
3469	6
3471	1
3475	3
3477	7
3478	1
3480	7
3483	1
3486	4
3492	6
3493	2
3495	4
3497	1
3498	1
3500	1
3501	6
3502	2
3503	1
3504	6
3505	1
3508	3
3512	2
3513	1
3514	1
3516	2
3518	2
3519	5
3520	15
3525	6
3528	15
3531	3
3534	2
3536	4
3537	1
3538	1
3540	3
3541	2
3543	1
3546	1
3549	2
3550	1
3552	7
3555	2
3556	5
3557	6
3558	2
3559	2
3560	3
3564	5
3565	1
3567	2
3568	4
3570	2
3573	8
3576	8
3579	1
3580	2
3581	1
3582	3
3584	8
3588	5
3589	2
3591	3
3594	2
3595	1
3596	1
3597	4
3600	18
3602	1
3603	2
3604	2
3605	1
3608	7
3610	1
3613	1
3615	4
3619	2
3620	1
3621	4
3622	1
3624	2
3625	2
3627	2
3630	2
3633	1
3637	1
3639	1
3640	3
3645	4
3648	11
3650	1
3651	2
3652	1
3653	2
3654	3
3656	1
3657	2
3660	2
3663	1
3664	7
3666	2
3672	5
3675	4
3676	1
3677	2
3678	2
3680	5
3681	1
3684	3
3685	7
3687	2
3688	1
3690	4
3691	1
3692	1
3693	2
3696	6
3699	2
3700	10
3702	1
3708	1
3709	2
3711	2
3712	2
3714	1
3716	2
3717	1
3720	12
3722	1
3725	3
3728	1
3729	2
3731	1
3732	2
3733	1
3734	1
3735	1
3739	2
3740	1
3741	2
3742	1
3744	10
3747	3
3748	3
3753	1
3754	1
3756	2
3760	1
3762	1
3763	1
3764	1
3765	2
3766	1
3770	2
3771	1
3772	2
3773	2
3774	3
3776	10
3777	1
3780	7
3782	1
3784	2
3786	3
3789	5
3792	6
3795	2
3796	1
3800	3
3802	1
3805	1
3808	4
3810	2
3813	2
3816	8
3821	2
3822	1
3824	4
3825	3
3828	4
3829	1
3832	1
3834	3
3837	1
3838	1
3840	28
3841	1
3842	1
3843	1
3846	2
3847	1
3849	1
3850	1
3852	6
3853	3
3854	1
3855	4
3858	1
3859	1
3861	8
3863	1
3864	3
3867	1
3869	1
3872	1
3875	1
3876	1
3877	1
3880	1
3882	1
3883	1
3885	7
3886	1
3888	9
3891	4
3892	1
3893	1
3894	1
3895	1
3897	1
3898	1
3900	5
3901	2
3903	1
3906	5
3907	1
3912	1
3914	1
3915	3
3916	1
3920	7
3921	1
3924	1
3925	6
3927	1
3928	1
3930	3
3931	1
3933	3
3934	1
3936	2
3939	1
3940	1
3941	1
3944	3
3945	2
3946	2
3948	1
3949	1
3950	1
3952	2
3956	1
3957	1
3960	9
3963	2
3964	1
3965	1
3966	1
3968	1
3969	3
3970	2
3972	1
3973	4
3975	2
3976	8
3979	1
3980	1
3984	1
3987	1
3988	1
3990	1
3993	1
3996	5
3997	1
3999	2
4003	1
4004	3
4005	3
4009	1
4011	1
4012	1
4013	1
4015	1
4016	2
4017	1
4020	1
4023	1
4026	1
4029	2
4030	1
4032	11
4035	2
4037	2
4043	1
4044	1
4045	5
4048	11
4050	4
4053	1
4056	2
4059	3
4061	1
4064	1
4068	2
4071	1
4077	3
4078	1
4080	1
4087	2
4088	1
4089	1
4093	1
4095	1
4096	11
4099	3
4100	2
4101	1
4104	12
4105	1
4106	1
4112	1
4113	1
4117	1
4123	1
4125	2
4128	9
4132	2
4137	1
4139	1
4140	1
4141	1
4144	2
4146	2
4147	1
4148	1
4149	1
4160	2
4161	2
4165	3
4167	2
4170	2
4173	3
4176	5
4180	9
4181	2
4182	1
4184	7
4185	2
4188	2
4191	1
4192	1
4194	1
4197	3
4200	6
4208	1
4212	1
4215	1
4216	1
4218	1
4221	5
4224	19
4227	1
4228	2
4229	2
4231	1
4232	1
4237	2
4240	1
4242	2
4251	2
4253	2
4260	1
4265	2
4269	1
4275	2
4280	3
4284	2
4285	6
4290	3
4292	2
4296	4
4299	2
4305	1
4314	2
4317	2
4320	16
4322	1
4332	1
4333	2
4334	1
4335	4
4336	5
4338	2
4340	1
4344	2
4350	1
4352	3
4355	1
4357	2
4360	1
4367	2
4368	3
4371	2
4380	1
4386	1
4387	1
4389	6
4392	2
4397	2
4400	1
4404	1
4405	1
4407	1
4410	1
4412	1
4416	11
4420	2
4428	3
4433	2
4435	2
4436	1
4437	2
4441	1
4447	1
4448	1
4453	3
4461	1
4464	9
4466	1
4467	1
4468	1
4469	3
4472	1
4476	3
4477	2
4480	11
4482	1
4485	4
4492	1
4493	1
4496	2
4499	1
4500	5
4504	1
4508	2
4509	2
4511	1
4512	3
4514	2
4516	1
4520	4
4521	2
4525	1
4530	2
4532	1
4533	1
4536	3
4539	1
4541	3
4545	1
4552	1
4555	1
4560	5
4563	1
4564	2
4565	2
4569	1
4570	1
4572	1
4573	1
4588	2
4589	1
4590	1
4591	1
4592	2
4596	1
4598	1
4599	1
4600	1
4602	1
4604	1
4608	16
4616	1
4617	1
4620	1
4622	1
4625	3
4628	3
4629	8
4632	1
4635	1
4637	2
4640	1
4641	2
4644	2
4645	1
4649	1
4653	3
4655	1
4656	1
4658	1
4664	2
4667	1
4668	1
4672	2
4676	2
4680	10
4681	1
4686	2
4689	1
4692	1
4693	1
4695	1
4696	1
4700	6
4701	1
4703	1
4704	4
4709	2
4711	1
4716	7
4717	1
4718	1
4722	1
4724	3
4725	8
4728	2
4731	2
4733	1
4736	4
4741	1
4744	1
4751	1
4752	6
4756	2
4757	2
4760	6
4761	3
4763	1
4764	1
4765	1
4766	2
4770	1
4776	1
4779	2
4781	3
4784	2
4788	6
4792	1
4793	1
4795	1
4796	1
4797	1
4800	19
4805	1
4806	1
4808	1
4814	1
4817	1
4820	7
4821	1
4823	1
4824	3
4832	5
4836	2
4844	1
4845	9
4848	2
4851	1
4852	1
4854	1
4856	4
4857	2
4859	2
4860	8
4861	1
4864	2
4869	4
4872	1
4874	2
4875	1
4876	1
4880	2
4883	1
4885	1
4892	1
4893	2
4895	1
4896	4
4900	1
4901	5
4904	4
4905	1
4910	2
4913	1
4914	1
4920	8
4925	3
4928	10
4929	1
4931	1
4937	1
4939	1
4940	2
4941	2
4944	8
4949	2
4950	1
4959	2
4960	1
4961	1
4964	1
4965	2
4968	3
4971	1
4976	4
4980	3
4984	1
4985	2
4986	1
4988	1
4991	1
4992	8
4993	1
4995	2
5000	7
5004	2
5006	2
5009	1
5012	3
5013	2
5015	2
5020	1
5021	2
5024	1
5025	9
5027	1
5028	2
5030	1
5036	3
5039	2
5040	6
5043	1
5045	2
5046	4
5048	7
5049	2
5051	1
5052	3
5060	5
5061	9
5064	2
5068	1
5069	6
5072	4
5075	3
5076	6
5080	1
5084	3
5085	6
5088	1
5093	1
5095	1
5096	5
5099	1
5100	2
5101	1
5104	4
5105	3
5108	2
5112	2
5120	8
5121	4
5124	1
5126	2
5128	1
5130	3
5133	1
5136	3
5138	1
5141	1
5144	4
5145	1
5152	3
5153	1
5157	1
5159	1
5160	6
5164	1
5168	3
5171	1
5174	1
5175	4
5180	1
5181	1
5183	1
5184	17
5186	1
5188	1
5189	3
5192	1
5195	1
5196	2
5200	2
5201	1
5204	1
5206	1
5210	1
5211	1
5213	3
5214	2
5216	9
5219	2
5220	4
5224	1
5225	2
5228	1
5229	1
5232	3
5234	1
5236	1
5238	1
5240	10
5241	2
5248	2
5249	1
5256	6
5261	6
5264	6
5265	3
5267	1
5269	1
5270	1
5273	1
5280	6
5285	2
5286	1
5288	2
5289	1
5292	7
5294	2
5300	9
5301	3
5303	1
5304	8
5309	3
5310	1
5312	2
5313	1
5316	1
5319	1
5320	3
5321	2
5322	1
5325	2
5327	1
5328	2
5333	3
5334	1
5336	2
5339	1
5340	6
5342	3
5345	2
5346	6
5349	4
5351	1
5353	1
5355	1
5357	5
5360	10
5363	1
5364	6
5365	1
5368	1
5369	2
5372	3
5373	4
5375	1
5376	12
5381	3
5384	9
5385	2
5388	2
5391	2
5393	1
5396	2
5397	1
5399	2
5400	9
5402	2
5403	1
5405	2
5408	4
5412	1
5413	1
5414	1
5415	3
5417	2
5420	3
5421	9
5422	1
5424	5
5429	1
5430	1
5432	4
5435	4
5436	5
5438	2
5440	4
5444	2
5445	2
5449	1
5450	2
5454	4
5456	3
5460	5
5464	1
5468	1
5469	1
5471	1
5472	5
5474	2
5475	2
5477	1
5478	1
5479	1
5480	3
5481	1
5486	2
5488	2
5489	2
5490	1
5492	3
5493	1
5495	1
5496	3
5499	1
5500	2
5501	3
5504	9
5505	1
5508	8
5510	1
5511	1
5513	2
5516	2
5517	3
5519	1
5520	8
5522	1
5525	6
5526	1
5528	3
5529	2
5531	3
5532	2
5534	4
5535	1
5537	1
5540	1
5541	3
5544	1
5548	1
5549	3
5551	1
5552	2
5556	3
5558	1
5560	3
5561	1
5562	1
5564	5
5565	3
5566	2
5568	6
5569	1
5571	1
5573	1
5576	12
5577	1
5580	7
5584	1
5585	2
5588	2
5589	10
5591	4
5592	4
5597	1
5599	1
5600	26
5601	2
5603	2
5604	2
5605	1
5606	1
5607	1
5610	1
5611	1
5615	2
5616	13
5617	1
5619	1
5620	2
5621	1
5624	10
5625	8
5628	2
5630	4
5632	4
5633	3
5634	1
5636	1
5637	4
5640	4
5643	1
5645	2
5646	1
5649	1
5651	1
5652	1
5654	1
5657	1
5658	2
5660	4
5661	5
5663	1
5664	7
5666	1
5668	1
5669	4
5670	3
5675	1
5678	2
5679	1
5680	3
5681	2
5684	2
5685	3
5687	2
5688	5
5690	1
5691	2
5692	1
5693	2
5694	1
5696	4
5697	1
5699	3
5700	2
5701	2
5706	2
5708	1
5709	3
5712	3
5714	1
5715	1
5717	3
5719	1
5720	15
5721	2
5723	1
5724	4
5726	2
5728	1
5729	3
5733	4
5734	1
5735	2
5736	3
5740	1
5741	1
5742	2
5744	5
5748	2
5750	2
5753	1
5754	1
5756	5
5757	2
5758	1
5759	1
5760	21
5762	1
5765	1
5766	2
5768	9
5769	3
5773	2
5774	3
5775	1
5776	1
5777	1
5780	5
5781	4
5784	2
5786	1
5787	2
5788	1
5789	4
5790	1
5792	5
5793	1
5796	4
5797	2
5798	2
5799	1
5800	5
5801	1
5802	1
5805	4
5806	1
5807	1
5808	2
5813	2
5814	1
5816	6
5819	3
5820	1
5822	2
5824	5
5825	5
5828	2
5829	3
5831	4
5832	8
5834	3
5835	1
5837	1
5838	1
5839	1
5840	8
5841	1
5844	4
5845	2
5846	1
5848	2
5850	3
5852	3
5854	1
5856	4
5858	1
5859	1
5860	1
5861	3
5864	7
5865	2
5868	3
5870	2
5872	3
5874	2
5876	6
5877	3
5879	2
5880	9
5882	2
5883	1
5885	7
5886	1
5887	1
5888	14
5889	1
5891	2
5892	1
5894	2
5895	1
5896	3
5897	1
5898	1
5900	4
5901	3
5903	1
5904	5
5906	1
5907	1
5909	1
5910	1
5911	2
5912	5
5913	1
5921	1
5924	1
5925	8
5927	3
5928	4
5929	1
5930	3
5931	3
5933	4
5934	2
5936	2
5937	1
5939	1
5940	14
5941	1
5944	4
5945	3
5948	1
5949	3
5951	3
5952	3
5954	1
5955	3
5956	2
5957	1
5958	1
5959	1
5960	10
5961	1
5963	1
5964	1
5965	1
5966	5
5968	2
5973	2
5974	1
5975	2
5976	5
5977	1
5978	1
5980	1
5981	5
5984	10
5985	3
5987	1
5989	3
5990	2
5992	1
5993	2
5994	2
5996	5
5998	2
5999	3
6000	13
6002	2
6006	2
6008	5
6009	2
6011	2
6012	1
6013	1
6014	2
6016	7
6017	1
6020	3
6021	6
6024	3
6026	5
6028	1
6029	10
6030	1
6031	1
6032	4
6035	2
6038	2
6039	1
6040	2
6041	1
6044	4
6045	6
6048	11
6050	2
6051	2
6053	2
6054	1
6055	1
6056	3
6059	1
6060	2
6062	1
6064	3
6065	2
6066	3
6069	5
6070	1
6071	2
6072	2
6075	4
6077	3
6078	1
6079	1
6080	18
6081	1
6084	4
6086	1
6088	1
6089	1
6090	2
6092	1
6093	2
6095	3
6096	12
6097	1
6100	2
6101	4
6102	1
6103	2
6104	3
6105	1
6107	2
6108	1
6109	2
6110	5
6112	3
6114	1
6116	3
6118	1
6119	2
6120	13
6122	1
6124	1
6125	10
6126	1
6127	1
6128	5
6129	2
6131	3
6132	5
6134	1
6136	3
6137	1
6138	2
6140	7
6141	6
6144	19
6146	2
6147	1
6149	2
6150	2
6152	5
6155	1
6156	6
6157	1
6158	2
6160	1
6161	2
6163	1
6164	3
6165	5
6167	1
6170	1
6174	4
6176	11
6179	3
6180	1
6188	2
6189	3
6191	4
6192	7
6197	2
6198	1
6200	13
6201	1
6202	1
6203	2
6204	4
6205	3
6206	5
6208	2
6209	2
6210	2
6213	1
6216	2
6218	5
6219	1
6221	4
6224	5
6225	4
6227	2
6228	2
6230	3
6234	1
6236	2
6237	6
6239	1
6240	7
6242	1
6245	5
6246	2
6248	3
6249	3
6251	1
6252	1
6253	3
6254	1
6256	7
6257	2
6260	1
6261	3
6262	2
6264	6
6269	2
6272	16
6275	5
6276	1
6278	2
6279	2
6280	5
6281	3
6282	2
6284	1
6285	3
6287	1
6288	2
6290	1
6291	2
6293	4
6294	1
6296	7
6298	1
6299	2
6300	4
6301	1
6305	1
6306	3
6308	2
6309	8
6312	3
6313	1
6317	2
6318	3
6319	2
6320	9
6323	2
6324	5
6325	1
6328	1
6329	1
6330	1
6332	2
6335	2
6336	12
6338	1
6340	2
6341	4
6342	1
6344	12
6345	5
6347	2
6348	1
6350	6
6351	1
6354	2
6356	6
6357	3
6359	1
6360	7
6361	2
6362	4
6365	2
6368	6
6369	2
6370	2
6371	4
6372	2
6374	4
6376	2
6377	1
6380	2
6381	3
6383	2
6384	9
6386	1
6387	1
6389	4
6390	3
6392	12
6395	2
6396	3
6397	1
6398	3
6400	2
6401	1
6403	1
6404	1
6405	1
6406	1
6407	1
6408	2
6410	1
6411	1
6413	1
6414	2
6416	5
6417	1
6420	7
6424	2
6425	3
6426	2
6427	1
6429	4
6431	1
6432	1
6434	2
6435	6
6438	1
6440	5
6441	1
6443	2
6444	7
6445	1
6446	6
6448	1
6449	1
6452	1
6453	1
6455	1
6456	3
6458	1
6459	1
6460	1
6461	9
6464	16
6465	2
6467	2
6468	3
6470	3
6471	2
6476	2
6477	1
6479	1
6480	13
6484	1
6485	6
6486	2
6488	2
6491	4
6494	3
6495	1
6496	2
6500	4
6501	6
6504	2
6509	4
6510	2
6512	1
6515	1
6516	4
6517	1
6520	5
6521	1
6525	12
6527	1
6528	7
6530	1
6532	1
6533	1
6534	1
6536	9
6538	1
6539	2
6540	3
6542	3
6551	5
6552	2
6555	4
6556	1
6557	1
6560	5
6561	1
6564	1
6565	1
6566	4
6569	1
6570	1
6571	1
6572	2
6573	1
6575	3
6576	2
6579	3
6581	3
6583	1
6584	19
6585	2
6586	1
6587	2
6588	3
6589	2
6590	3
6592	1
6593	1
6595	1
6596	1
6597	1
6598	1
6600	7
6605	1
6608	3
6609	1
6611	1
6612	2
6614	1
6615	6
6616	1
6621	3
6624	11
6626	1
6627	1
6629	3
6632	3
6635	1
6636	1
6638	3
6639	1
6640	1
6644	2
6645	9
6647	3
6648	1
6650	1
6651	2
6656	7
6660	5
6662	2
6664	6
6665	1
6668	3
6669	4
6670	2
6671	1
6672	4
6675	3
6677	2
6678	1
6680	7
6686	6
6689	1
6690	1
6691	1
6696	8
6699	1
6701	3
6704	5
6705	2
6707	3
6708	2
6710	2
6711	2
6714	1
6716	1
6718	1
6720	29
6723	1
6725	1
6726	1
6728	7
6734	2
6736	1
6739	1
6741	4
6743	1
6744	1
6746	2
6747	1
6749	2
6750	7
6752	2
6755	1
6758	2
6760	2
6764	1
6765	5
6766	1
6768	2
6769	1
6770	2
6771	2
6773	2
6774	1
6776	7
6779	3
6782	1
6783	6
6784	2
6785	1
6788	4
6789	2
6794	1
6795	1
6798	4
6800	10
6803	2
6804	2
6806	2
6807	3
6809	1
6810	1
6812	1
6813	2
6814	1
6816	1
6819	1
6821	4
6822	1
6824	1
6825	2
6827	2
6830	3
6832	1
6833	1
6836	3
6837	1
6840	12
6845	4
6846	3
6848	8
6851	1
6853	1
6854	5
6855	2
6856	1
6860	2
6861	1
6863	2
6864	6
6866	1
6867	1
6868	1
6869	1
6870	1
6871	1
6875	3
6876	3
6878	1
6879	1
6880	6
6884	3
6885	2
6887	1
6888	2
6890	1
6893	1
6894	4
6895	1
6896	2
6899	4
6900	9
6902	2
6904	1
6905	3
6909	4
6911	1
6912	20
6913	1
6914	1
6917	3
6920	3
6923	1
6928	2
6930	2
6931	1
6934	1
6935	2
6936	4
6938	1
6939	2
6941	4
6944	5
6945	1
6950	1
6951	2
6952	1
6953	2
6954	1
6956	2
6957	3
6959	2
6960	9
6961	1
6965	2
6966	1
6968	12
6969	1
6971	3
6972	2
6973	2
6974	5
6975	3
6977	1
6980	4
6983	1
6984	5
6986	4
6989	1
6990	4
6992	6
6993	1
6995	3
6996	1
6998	1
7000	1
7001	3
7004	1
7005	5
7006	1
7007	1
7008	3
7011	5
7013	1
7016	3
7018	1
7020	3
7024	1
7025	2
7029	5
7030	1
7031	4
7032	1
7034	2
7035	9
7037	1
7040	20
7049	2
7052	2
7053	2
7055	2
7056	8
7058	1
7061	2
7064	6
7065	3
7070	3
7072	1
7074	3
7076	1
7077	4
7079	1
7080	3
7084	1
7085	3
7086	1
7088	1
7089	1
7091	2
7094	1
7096	2
7097	1
7098	1
7101	3
7104	5
7105	1
7106	1
7107	1
7109	1
7111	1
7112	4
7115	4
7118	1
7120	2
7124	3
7125	3
7126	1
7128	1
7131	2
7133	1
7136	8
7139	1
7140	2
7142	5
7144	1
7145	1
7146	1
7149	1
7151	1
7152	1
7155	4
7160	11
7161	1
7162	1
7163	3
7165	1
7166	1
7171	1
7173	1
7175	2
7176	11
7179	1
7180	1
7181	1
7182	2
7184	2
7187	1
7190	3
7194	1
7196	1
7199	2
7200	17
7202	2
7206	1
7208	1
7209	3
7211	4
7212	2
7214	2
7215	1
7218	1
7219	1
7220	2
7221	4
7224	9
7227	1
7229	2
7232	2
7235	3
7236	3
7238	1
7239	1
7240	1
7241	2
7244	1
7245	3
7248	3
7249	1
7250	2
7251	1
7254	1
7256	2
7259	2
7260	2
7261	1
7263	2
7268	3
7269	2
7271	2
7275	2
7276	1
7280	4
7283	2
7284	1
7286	2
7287	1
7288	1
7289	2
7293	1
7294	2
7295	1
7296	4
7297	1
7298	1
7300	1
7301	1
7302	1
7304	1
7306	1
7307	2
7308	1
7310	5
7316	3
7317	2
7318	1
7320	1
7321	1
7323	1
7325	2
7326	4
7327	1
7328	1
7331	1
7333	2
7334	1
7335	2
7336	2
7337	1
7340	1
7344	10
7345	1
7346	2
7349	1
7350	2
7356	2
7359	1
7360	3
7361	2
7364	3
7365	1
7367	1
7368	3
7371	1
7376	4
7380	2
7383	1
7384	2
7386	1
7389	2
7391	1
7392	7
7393	1
7394	1
7395	7
7397	2
7400	3
7403	1
7405	1
7409	2
7412	1
7413	2
7414	1
7415	1
7416	9
7418	1
7420	3
7421	2
7424	19
7425	3
7426	1
7427	2
7429	2
7432	1
7433	2
7436	3
7437	1
7439	2
7440	4
7443	1
7444	1
7445	1
7448	3
7451	2
7452	1
7455	1
7460	3
7461	1
7464	3
7467	1
7470	3
7471	1
7472	6
7473	1
7474	2
7475	3
7476	3
7478	3
7480	9
7481	1
7482	1
7484	1
7486	1
7488	8
7490	2
7491	1
7496	2
7497	1
7499	2
7501	1
7504	1
7505	1
7506	4
7509	2
7513	1
7515	4
7520	3
7521	1
7523	3
7524	7
7526	1
7528	1
7529	2
7530	2
7532	1
7534	1
7535	3
7536	1
7539	1
7544	10
7545	2
7546	1
7547	1
7550	3
7551	2
7552	3
7554	1
7556	2
7559	2
7560	15
7566	2
7568	4
7569	1
7570	1
7571	2
7572	1
7574	1
7575	2
7576	1
7578	1
7581	2
7583	2
7584	2
7586	1
7589	2
7590	1
7592	2
7595	2
7596	2
7598	1
7604	3
7605	3
7607	1
7608	1
7611	1
7616	7
7617	1
7618	1
7619	1
7620	3
7622	1
7623	1
7624	1
7625	1
7629	1
7632	4
7634	1
7635	1
7640	1
7643	1
7644	4
7645	1
7646	3
7648	2
7650	1
7652	2
7654	1
7655	3
7656	2
7659	2
7664	2
7665	1
7667	1
7668	1
7671	1
7673	1
7676	3
7677	1
7680	15
7682	1
7683	5
7686	3
7688	3
7691	2
7692	1
7694	1
7695	4
7700	4
7703	1
7704	2
7705	1
7706	1
7707	1
7708	1
7709	2
7710	2
7713	1
7718	2
7720	2
7721	1
7724	1
7725	4
7728	6
7731	2
7733	2
7734	3
7736	2
7738	1
7739	3
7740	6
7742	1
7748	2
7749	2
7751	2
7752	2
7753	1
7755	2
7758	1
7763	1
7765	1
7767	1
7769	1
7774	1
7775	1
7776	7
7779	1
7781	2
7784	1
7785	3
7787	4
7788	2
7790	3
7791	2
7793	1
7794	1
7796	3
7797	1
7798	1
7800	11
7803	2
7805	3
7806	2
7808	2
7809	2
7811	3
7812	2
7815	1
7816	1
7819	1
7820	4
7824	5
7826	1
7829	1
7830	1
7832	2
7835	1
7838	1
7839	3
7840	8
7844	3
7845	1
7847	1
7848	1
7850	1
7851	1
7854	1
7856	5
7857	1
7859	1
7860	1
7865	2
7872	4
7875	8
7880	3
7881	1
7883	1
7884	3
7886	2
7887	1
7888	6
7891	1
7892	1
7893	1
7896	5
7898	1
7900	1
7904	3
7905	1
7912	1
7913	1
7916	1
7917	2
7918	1
7920	9
7928	2
7929	1
7931	3
7935	3
7941	1
7944	3
7946	1
7947	1
7952	1
7955	2
7956	2
7958	1
7960	1
7961	2
7964	1
7965	1
7968	2
7970	1
7973	1
7976	2
7979	1
7980	2
7992	2
7996	1
8000	6
8004	1
8008	3
8015	4
8016	2
8021	1
8024	2
8025	2
8027	1
8028	1
8030	1
8040	8
8042	1
8046	2
8052	1
8054	2
8055	1
8056	2
8060	2
8061	1
8064	12
8065	1
8069	1
8072	1
8075	2
8076	2
8079	1
8080	3
8081	1
8084	1
8085	3
8088	1
8090	1
8091	3
8096	1
8100	4
8101	2
8104	1
8105	1
8112	5
8114	2
8115	5
8117	1
8120	15
8121	1
8122	1
8126	2
8127	2
8132	2
8133	2
8136	2
8138	1
8139	1
8141	1
8143	1
8150	1
8156	3
8159	1
8160	7
8165	1
8171	2
8174	1
8175	1
8176	1
8180	2
8184	4
8187	1
8188	1
8189	2
8190	1
8192	6
8195	1
8196	3
8198	1
8200	2
8201	1
8204	2
8205	3
8206	1
8208	4
8211	1
8216	6
8218	1
8219	2
8220	1
8225	1
8232	3
8234	1
8235	3
8239	1
8240	2
8241	1
8244	2
8248	1
8249	2
8250	2
8253	1
8256	1
8259	2
8264	2
8265	4
8267	1
8275	2
8280	6
8281	1
8285	1
8288	2
8289	1
8291	2
8294	1
8295	1
8296	4
8300	3
8301	1
8304	5
8306	1
8307	1
8309	1
8312	1
8314	1
8315	2
8316	5
8319	1
8320	5
8325	3
8328	1
8331	4
8334	1
8339	3
8340	1
8343	1
8344	2
8345	2
8349	1
8351	1
8352	4
8355	1
8358	1
8360	4
8364	4
8366	2
8369	1
8370	2
8372	1
8374	1
8375	2
8376	6
8379	3
8384	10
8390	2
8391	2
8394	1
8400	13
8401	1
8403	1
8405	2
8408	2
8412	1
8415	3
8416	1
8417	1
8420	2
8423	1
8424	8
8427	3
8430	2
8431	1
8435	2
8436	3
8441	2
8445	1
8446	1
8448	6
8451	2
8456	2
8459	1
8460	3
8463	2
8468	1
8472	1
8475	5
8477	1
8480	1
8481	1
8488	1
8492	1
8495	1
8496	4
8499	1
8500	1
8501	1
8504	1
8505	1
8507	2
8511	1
8512	2
8516	1
8520	2
8523	2
8528	1
8529	2
8531	1
8532	1
8534	1
8536	1
8541	1
8544	1
8547	4
8549	1
8550	1
8552	1
8555	3
8556	1
8558	1
8559	1
8560	3
8561	1
8564	1
8565	4
8566	1
8568	4
8569	1
8570	1
8571	1
8575	1
8576	1
8577	1
8579	1
8580	2
8589	1
8592	2
8594	1
8595	2
8600	1
8602	2
8604	3
8606	1
8609	2
8610	1
8611	2
8612	1
8615	1
8616	1
8617	1
8618	1
8624	2
8625	1
8627	3
8632	1
8637	1
8640	18
8642	1
8643	1
8646	1
8647	1
8649	1
8650	1
8651	3
8652	10
8655	1
8656	1
8658	1
8660	1
8664	6
8666	1
8667	4
8672	3
8673	1
8675	2
8679	1
8680	1
8681	1
8682	1
8684	2
8685	4
8688	2
8691	2
8696	3
8700	3
8704	3
8705	3
8708	3
8712	3
8714	1
8715	1
8720	3
8723	2
8726	1
8729	1
8733	1
8735	2
8736	9
8738	1
8739	2
8740	4
8743	1
8744	3
8745	2
8748	8
8751	1
8755	2
8756	3
8757	1
8760	6
8763	1
8766	1
8771	1
8775	1
8781	2
8784	1
8787	1
8792	1
8795	2
8796	1
8800	1
8801	1
8804	2
8805	1
8808	2
8810	2
8811	2
8812	1
8813	1
8816	6
8817	2
8819	1
8820	3
8823	1
8825	1
8826	2
8827	1
8828	1
8829	2
8832	6
8835	2
8840	3
8841	1
8843	2
8846	1
8847	1
8849	2
8853	1
8855	1
8856	4
8858	2
8859	4
8860	2
8862	1
8864	1
8865	2
8867	3
8869	1
8872	1
8873	1
8875	2
8876	1
8877	1
8880	6
8882	1
8883	1
8888	4
8889	1
8892	2
8895	1
8899	2
8900	6
8901	1
8903	1
8904	5
8905	1
8906	1
8907	1
8909	1
8910	4
8912	1
8919	1
8920	4
8921	1
8924	2
8925	1
8928	2
8931	1
8932	1
8939	1
8940	6
8943	2
8948	1
8952	2
8955	3
8956	1
8960	9
8964	3
8967	3
8968	2
8969	2
8970	1
8973	1
8976	3
8977	1
8978	2
8981	1
8982	2
8983	1
8984	3
8985	2
8987	2
8988	5
8990	1
8991	3
8992	2
8996	1
8999	2
9000	6
9002	1
9003	1
9005	1
9006	1
9008	2
9009	1
9011	5
9016	1
9020	6
9023	1
9024	8
9027	1
9029	1
9032	2
9035	6
9036	3
9038	1
9040	4
9041	1
9045	2
9046	1
9048	5
9050	1
9051	2
9052	1
9053	1
9056	1
9059	2
9060	5
9062	1
9063	2
9064	1
9065	2
9066	1
9068	2
9069	2
9071	1
9072	12
9073	1
9075	3
9078	1
9080	3
9081	1
9083	1
9084	1
9085	1
9088	2
9089	1
9090	1
9092	1
9099	1
9100	3
9101	1
9104	1
9105	1
9107	1
9110	1
9112	3
9114	3
9116	1
9119	1
9120	11
9123	1
9125	1
9126	1
9128	3
9129	2
9131	4
9134	1
9135	1
9137	1
9140	2
9141	1
9142	1
9143	1
9144	6
9146	2
9147	2
9148	1
9149	1
9150	1
9152	3
9153	2
9155	1
9157	1
9158	1
9160	1
9163	3
9165	2
9168	1
9171	2
9172	1
9176	7
9178	1
9179	1
9180	14
9184	3
9185	3
9186	2
9192	3
9195	1
9198	3
9200	1
9201	1
9204	1
9208	1
9209	1
9212	4
9213	1
9215	1
9216	10
9218	1
9220	2
9222	1
9225	1
9227	3
9228	3
9230	1
9232	1
9235	3
9237	1
9240	1
9242	1
9243	3
9245	1
9248	6
9251	3
9252	1
9254	1
9255	3
9256	2
9260	5
9261	2
9262	1
9264	4
9267	2
9269	1
9270	2
9272	2
9275	6
9280	3
9282	1
9284	4
9285	2
9287	1
9288	2
9291	1
9293	1
9297	2
9299	1
9300	3
9303	2
9304	1
9305	2
9306	2
9308	1
9312	3
9314	1
9315	6
9316	1
9318	1
9320	4
9321	1
9322	1
9323	1
9328	2
9329	1
9330	1
9332	1
9335	1
9336	4
9340	2
9344	4
9345	2
9350	1
9352	3
9353	2
9356	1
9357	1
9360	7
9363	2
9365	3
9366	2
9368	2
9369	2
9371	1
9372	2
9375	8
9377	1
9379	1
9380	3
9381	1
9384	6
9386	4
9387	1
9388	1
9390	1
9392	7
9394	1
9395	3
9396	10
9400	3
9401	1
9402	1
9404	1
9405	4
9406	1
9408	14
9411	2
9416	4
9419	4
9420	5
9422	2
9425	1
9426	1
9427	1
9429	1
9431	1
9432	3
9433	1
9434	3
9435	4
9436	2
9440	4
9441	2
9443	1
9444	2
9446	1
9448	2
9449	2
9450	4
9452	1
9453	3
9456	4
9459	1
9464	7
9465	1
9467	2
9468	2
9470	1
9472	3
9473	1
9476	1
9477	2
9480	4
9482	1
9483	1
9485	2
9486	1
9487	1
9489	2
9491	1
9492	2
9495	4
9500	2
9501	3
9503	1
9504	6
9507	4
9508	1
9509	1
9510	1
9512	2
9513	2
9515	4
9516	6
9518	1
9520	2
9522	1
9524	1
9527	2
9528	4
9531	6
9537	5
9538	1
9539	3
9540	5
9543	1
9544	1
9546	2
9548	2
9549	1
9551	1
9552	4
9554	1
9555	5
9557	2
9560	3
9563	3
9564	1
9568	3
9569	3
9570	1
9572	1
9576	5
9578	3
9579	1
9580	1
9582	1
9584	6
9585	4
9588	3
9592	1
9593	1
9594	2
9596	1
9600	12
9602	1
9603	1
9605	1
9606	1
9607	1
9608	2
9611	1
9612	2
9614	2
9615	1
9617	2
9621	1
9622	1
9624	3
9625	1
9626	3
9628	1
9630	1
9632	2
9635	5
9637	1
9639	3
9640	3
9641	1
9643	1
9645	1
9648	3
9650	1
9651	2
9653	2
9656	2
9658	1
9660	8
9662	1
9663	2
9664	4
9665	2
9666	3
9667	1
9669	1
9672	4
9675	6
9677	2
9680	4
9684	2
9686	1
9689	1
9693	3
9696	12
9702	1
9704	2
9707	1
9708	1
9714	1
9715	3
9716	2
9717	1
9720	11
9722	2
9723	1
9724	2
9726	2
9728	3
9729	3
9731	2
9732	2
9733	1
9735	1
9738	2
9740	6
9744	8
9746	2
9747	5
9750	2
9752	5
9753	1
9755	4
9756	2
9758	1
9760	2
9761	2
9762	1
9763	1
9764	1
9765	5
9768	1
9769	1
9771	2
9774	3
9775	1
9776	4
9779	4
9780	2
9783	1
9784	1
9785	3
9787	3
9788	1
9789	2
9792	4
9794	1
9795	3
9796	1
9798	1
9799	1
9800	12
9801	2
9804	4
9807	1
9808	1
9810	2
9813	1
9815	1
9816	2
9818	1
9819	1
9820	1
9822	1
9824	5
9825	1
9827	2
9834	5
9835	1
9839	2
9840	4
9843	1
9845	2
9848	1
9850	1
9851	2
9855	3
9856	9
9857	1
9858	1
9860	3
9861	2
9863	1
9864	4
9865	1
9867	2
9868	1
9870	1
9871	1
9872	1
9873	1
9875	12
9876	1
9880	1
9881	1
9884	2
9885	1
9888	3
9890	2
9891	3
9893	1
9894	1
9896	2
9897	1
9899	1
9900	4
9902	1
9903	1
9905	2
9909	3
9912	5
9915	3
9916	1
9918	1
9920	10
9921	1
9924	1
9925	1
9926	1
9930	2
9931	1
9933	4
9936	8
9938	1
9939	1
9940	4
9942	2
9944	1
9945	1
9947	5
9948	2
9951	1
9953	1
9954	1
9959	1
9960	3
9962	3
9963	6
9965	1
9968	3
9969	2
9971	3
9975	1
9978	2
9979	1
9980	1
9981	1
9982	1
9984	10
9985	1
9987	3
9988	1
9990	2
9992	1
9993	1
9995	11
9996	3
10000	2
10004	1
10005	3
10008	2
10011	5
10012	2
10014	3
10015	1
10016	5
10017	2
10019	2
10020	2
10024	1
10025	2
10026	1
10032	1
10035	2
10036	1
10040	7
10041	1
10043	1
10044	5
10046	1
10048	3
10050	2
10053	1
10055	1
10056	3
10058	1
10061	1
10063	1
10064	3
10065	2
10066	1
10067	1
10070	1
10071	2
10076	2
10079	2
10080	22
10081	1
10083	3
10084	1
10085	1
10087	1
10089	1
10090	1
10091	1
10092	8
10094	1
10095	3
10096	4
10098	1
10099	1
10100	1
10104	9
10106	1
10107	2
10109	1
10110	1
10112	3
10115	5
10118	1
10119	3
10120	3
10121	1
10122	2
10123	2
10124	1
10125	3
10127	1
10128	3
10131	3
10132	2
10134	1
10136	5
10139	1
10140	1
10143	1
10145	1
10147	2
10149	3
10150	2
10151	1
10152	1
10155	3
10158	2
10160	10
10161	1
10164	3
10168	3
10170	1
10172	1
10173	1
10175	1
10176	2
10178	1
10179	5
10181	1
10184	6
10187	1
10190	3
10191	1
10192	3
10194	1
10195	1
10197	1
10199	1
10200	6
10203	1
10205	1
10206	3
10208	3
10211	2
10212	1
10215	1
10216	1
10220	12
10221	1
10223	1
10224	7
10227	1
10230	5
10232	3
10235	7
10236	1
10239	3
10240	8
10241	1
10244	2
10245	2
10246	1
10248	4
10250	1
10251	3
10256	4
10257	1
10259	1
10260	10
10264	1
10265	3
10266	2
10268	2
10270	1
10271	1
10272	10
10274	3
10275	2
10276	2
10277	1
10278	1
10280	1
10283	2
10284	1
10287	1
10288	1
10289	1
10291	2
10293	2
10295	1
10296	6
10297	1
10299	5
10300	1
10302	1
10304	11
10305	3
10307	5
10308	1
10310	1
10311	1
10314	1
10315	2
10316	2
10317	1
10320	2
10323	2
10324	1
10325	1
10327	1
10328	3
10329	2
10331	3
10332	2
10335	3
10336	1
10337	3
10338	1
10340	3
10344	1
10346	1
10348	1
10352	4
10355	5
10356	3
10358	1
10361	1
10362	1
10363	1
10364	1
10365	1
10366	1
10367	2
10368	19
10370	2
10371	3
10373	1
10374	2
10376	10
10379	1
10380	1
10383	1
10384	1
10385	2
10386	3
10389	1
10392	2
10395	4
10396	1
10397	1
10399	1
10400	10
10402	1
10403	1
10404	4
10407	1
10408	2
10409	1
10410	1
10411	4
10413	1
10415	3
10416	6
10421	1
10422	4
10424	1
10425	2
10427	2
10428	2
10430	1
10431	1
10432	2
10433	2
10434	2
10435	3
10436	2
10437	3
10439	4
10440	7
10442	2
10443	2
10444	2
10446	1
10449	2
10451	7
10452	2
10455	4
10456	2
10457	1
10458	1
10459	1
10460	2
10463	1
10464	4
10466	1
10467	2
10470	2
10472	4
10473	1
10475	4
10476	1
10478	1
10480	5
10481	4
10482	1
10485	1
10488	3
10490	2
10491	4
10492	2
10493	1
10496	5
10498	1
10499	3
10500	7
10501	1
10505	2
10506	4
10509	1
10510	1
10511	1
10512	12
10513	1
10514	2
10515	4
10516	3
10517	1
10519	1
10520	3
10521	1
10523	1
10524	1
10526	1
10527	3
10528	1
10530	1
10533	1
10535	1
10536	4
10538	2
10539	3
10540	5
10541	2
10542	2
10544	4
10545	2
10548	6
10554	1
10555	1
10556	5
10557	3
10558	2
10560	16
10564	1
10570	1
10574	1
10575	2
10576	1
10578	1
10580	1
10581	3
10583	1
10584	10
10585	1
10586	1
10587	1
10589	1
10590	2
10591	1
10592	3
10593	1
10595	3
10596	2
10598	3
10601	4
10603	3
10604	1
10605	1
10606	1
10607	1
10608	4
10609	1
10611	6
10612	2
10615	1
10616	11
10617	1
10619	1
10620	3
10622	1
10624	3
10625	3
10626	2
10628	1
10632	3
10634	1
10635	4
10638	1
10640	5
10641	2
10642	1
10643	3
10644	2
10645	1
10650	3
10651	1
10652	1
10653	3
10654	1
10655	2
10656	4
10657	1
10660	3
10662	3
10665	1
10667	4
10668	4
10669	1
10670	1
10672	6
10673	1
10674	2
10675	2
10676	1
10679	1
10680	8
10681	2
10684	1
10685	1
10686	1
10688	4
10689	2
10691	4
10692	1
10695	1
10696	1
10698	2
10700	4
10704	3
10706	3
10707	2
10712	1
10714	1
10715	3
10716	2
10719	1
10720	2
10721	1
10723	1
10724	2
10725	5
10728	1
10731	3
10734	1
10736	4
10737	2
10739	2
10740	3
10744	2
10745	3
10746	1
10747	2
10748	2
10749	1
10752	4
10753	1
10754	1
10757	1
10760	5
10761	2
10764	1
10765	1
10767	1
10769	2
10772	1
10773	2
10776	4
10778	1
10779	1
10780	3
10781	2
10785	2
10787	2
10788	1
10789	1
10791	1
10794	3
10795	5
10796	5
10797	1
10800	28
10803	3
10805	2
10806	1
10808	1
10809	3
10810	1
10811	6
10812	4
10813	1
10815	2
10816	6
10818	1
10819	1
10820	2
10821	1
10822	1
10823	1
10824	4
10825	1
10826	1
10827	2
10828	1
10830	1
10832	1
10833	1
10835	7
10836	7
10837	1
10839	2
10840	1
10844	2
10845	3
10847	1
10848	2
10851	3
10854	1
10855	1
10856	1
10857	3
10859	1
10860	6
10862	1
10863	1
10864	5
10866	2
10868	2
10869	2
10872	4
10874	3
10875	6
10878	4
10880	13
10882	1
10883	4
10885	1
10887	1
10888	1
10890	2
10892	4
10893	2
10895	1
10896	1
10899	2
10901	1
10902	1
10904	3
10905	2
10906	1
10907	2
10908	2
10915	2
10916	4
10917	1
10918	1
10920	4
10921	2
10922	2
10923	1
10925	3
10927	1
10928	3
10929	1
10931	1
10932	1
10934	3
10935	1
10936	1
10939	3
10940	1
10942	1
10944	15
10945	2
10946	1
10947	2
10948	1
10949	2
10950	2
10952	4
10953	1
10954	1
10955	2
10956	3
10958	1
10960	3
10963	1
10965	2
10967	1
10968	1
10970	1
10971	4
10973	1
10976	8
10977	1
10980	4
10983	1
10984	2
10985	1
10986	5
10987	1
10988	1
10989	1
10990	1
10991	3
10992	2
10995	4
10998	3
10999	1
11000	5
11001	2
11002	1
11003	3
11004	4
11008	2
11010	1
11011	2
11012	1
11015	3
11016	8
11018	2
11019	1
11020	4
11022	2
11023	1
11024	1
11025	7
11027	2
11028	2
11032	2
11034	4
11035	6
11036	1
11038	1
11040	5
11042	1
11043	4
11046	1
11047	1
11048	2
11049	1
11050	1
11051	2
11052	4
11056	2
11058	1
11059	1
11062	1
11064	6
11065	1
11066	1
11067	1
11069	1
11070	1
11072	5
11074	1
11075	10
11076	2
11077	1
11079	1
11080	2
11081	3
11083	1
11085	5
11088	7
11089	1
11091	1
11093	1
11094	1
11096	2
11097	3
11099	3
11100	4
11103	4
11104	1
11105	1
11109	1
11110	1
11112	1
11113	1
11115	9
11116	1
11118	2
11120	5
11123	1
11124	2
11126	3
11127	1
11128	3
11130	1
11131	2
11132	1
11133	1
11134	2
11135	2
11136	18
11139	2
11141	2
11143	1
11144	6
11145	3
11147	3
11148	3
11150	4
11156	1
11157	2
11160	2
11161	1
11162	1
11163	2
11165	1
11166	1
11168	2
11169	3
11171	5
11172	2
11173	1
11174	1
11176	1
11177	1
11178	2
11180	3
11184	8
11185	2
11187	3
11189	1
11190	5
11192	2
11194	1
11196	1
11199	1
11200	9
11201	2
11203	3
11205	4
11207	1
11208	2
11209	1
11210	2
11211	3
11213	1
11214	2
11219	2
11220	5
11221	1
11225	3
11226	1
11227	2
11228	1
11229	2
11230	1
11231	2
11232	8
11233	2
11235	8
11239	1
11240	3
11241	1
11242	3
11243	1
11244	1
11245	1
11247	1
11248	2
11249	1
11250	1
11251	2
11252	2
11253	1
11255	1
11256	18
11257	2
11259	2
11260	2
11262	1
11263	1
11264	10
11265	1
11267	1
11269	1
11271	1
11273	1
11274	2
11275	2
11278	1
11279	3
11280	6
11281	1
11283	1
11284	2
11286	3
11288	6
11289	1
11290	1
11291	3
11293	1
11294	1
11297	3
11300	2
11301	1
11303	1
11304	4
11305	2
11306	2
11307	1
11309	1
11311	2
11312	4
11313	1
11315	1
11316	1
11317	1
11319	2
11320	5
11321	2
11322	3
11323	1
11324	2
11325	1
11326	1
11328	5
11331	3
11334	1
11336	4
11338	1
11340	14
11341	1
11344	1
11345	2
11346	1
11349	2
11351	1
11352	5
11353	1
11354	2
11355	4
11356	1
11357	2
11358	1
11359	1
11360	2
11361	1
11363	1
11365	1
11366	2
11368	4
11369	1
11371	1
11372	2
11374	1
11375	2
11376	8
11379	1
11380	2
11381	1
11382	3
11384	4
11385	4
11386	3
11387	1
11388	1
11389	1
11392	1
11394	1
11395	2
11396	3
11398	1
11399	3
11400	10
11401	2
11402	1
11403	1
11405	1
11406	1
11407	1
11408	1
11409	2
11410	2
11411	5
11412	1
11414	2
11415	1
11416	5
11418	2
11419	2
11420	2
11421	1
11422	2
11424	8
11427	1
11429	2
11430	1
11432	1
11433	1
11434	1
11435	3
11438	1
11440	10
11441	1
11444	1
11445	5
11448	3
11449	1
11450	1
11451	3
11452	1
11454	2
11456	8
11459	2
11460	3
11463	1
11464	1
11465	2
11466	3
11467	2
11468	1
11471	2
11472	4
11475	5
11476	1
11478	3
11479	1
11480	2
11481	1
11483	1
11484	2
11485	1
11486	1
11487	2
11488	5
11489	2
11490	1
11491	3
11493	1
11496	4
11499	1
11500	4
11502	2
11503	1
11504	1
11505	2
11507	4
11508	1
11510	1
11511	2
11512	2
11513	1
11515	5
11517	1
11520	13
11523	1
11526	2
11527	1
11529	3
11531	2
11532	8
11535	1
11536	3
11538	1
11539	5
11541	1
11542	1
11544	2
11545	2
11549	1
11550	2
11551	1
11552	2
11553	1
11555	1
11556	3
11558	2
11559	2
11560	5
11561	2
11562	1
11564	2
11568	4
11569	1
11571	4
11573	2
11576	7
11579	2
11580	1
11581	1
11582	1
11583	1
11584	2
11585	2
11586	1
11587	1
11588	1
11589	2
11590	2
11592	2
11594	1
11595	1
11596	1
11599	2
11600	4
11603	1
11604	2
11607	2
11609	2
11610	3
11611	3
11612	1
11615	1
11616	3
11618	1
11619	1
11620	1
11621	2
11625	3
11626	2
11627	3
11628	4
11634	2
11635	1
11636	2
11637	1
11638	3
11640	10
11641	2
11646	1
11647	1
11648	2
11649	2
11651	1
11652	3
11655	1
11656	1
11658	1
11660	5
11661	3
11662	1
11664	9
11667	1
11669	1
11670	3
11671	2
11672	2
11673	2
11674	1
11675	7
11677	1
11678	1
11679	3
11680	2
11681	2
11682	1
11683	1
11684	2
11685	2
11687	1
11688	3
11690	3
11693	1
11694	1
11695	1
11696	5
11697	2
11698	1
11699	2
11700	4
11703	1
11704	11
11707	1
11708	1
11709	1
11712	4
11713	1
11714	1
11715	5
11719	1
11720	4
11721	1
11722	1
11723	1
11724	3
11725	1
11728	4
11730	1
11731	2
11733	1
11735	2
11736	3
11737	1
11738	3
11739	2
11741	1
11742	2
11743	1
11744	4
11745	3
11747	1
11748	2
11752	1
11755	1
11760	21
11761	1
11762	1
11763	2
11764	1
11765	2
11766	1
11769	1
11771	4
11772	2
11776	7
11779	1
11781	1
11782	1
11783	1
11784	2
11785	2
11786	2
11787	1
11788	1
11789	3
11790	1
11793	3
11794	1
11795	3
11796	1
11799	1
11800	5
11801	1
11805	2
11806	1
11808	2
11809	2
11811	4
11812	1
11814	4
11815	2
11816	2
11817	1
11818	1
11820	6
11822	2
11823	2
11824	6
11825	3
11826	1
11827	1
11828	2
11829	2
11830	1
11832	2
11834	1
11835	4
11836	1
11837	1
11838	1
11840	12
11841	1
11845	1
11846	3
11848	2
11849	1
11850	2
11851	3
11852	1
11853	3
11856	1
11858	1
11859	3
11864	1
11865	4
11867	1
11869	2
11870	2
11875	3
11878	2
11879	1
11880	7
11885	1
11886	2
11887	1
11889	1
11891	2
11892	1
11894	1
11895	3
11898	1
11899	1
11900	4
11901	3
11902	1
11903	1
11904	17
11905	1
11906	2
11907	3
11909	1
11910	2
11915	9
11916	4
11917	1
11918	1
11919	2
11920	4
11921	1
11922	1
11923	1
11924	1
11925	4
11928	1
11929	1
11930	1
11931	2
11933	1
11934	3
11936	1
11937	1
11938	2
11939	2
11940	2
11941	1
11942	1
11945	1
11946	1
11947	1
11949	1
11950	2
11951	2
11952	6
11954	1
11955	4
11956	1
11958	3
11959	1
11960	9
11962	1
11963	1
11964	3
11966	3
11968	1
11971	2
11972	2
11976	5
11979	1
11980	2
11984	3
11985	3
11986	1
11987	3
11990	2
11992	2
11994	5
11995	1
11997	1
11999	1
12000	7
12001	1
12002	1
12003	1
12004	1
12005	1
12006	2
12008	1
12009	1
12010	1
12011	1
12012	6
12015	3
12016	2
12019	1
12020	2
12021	5
12023	1
12024	8
12027	2
12029	1
12030	1
12032	4
12033	3
12034	1
12035	5
12036	2
12038	1
12039	1
12040	2
12043	1
12045	1
12046	1
12053	1
12054	4
12056	3
12059	2
12060	3
12061	1
12063	1
12065	2
12066	1
12067	1
12069	1
12070	1
12072	3
12075	8
12076	1
12079	1
12080	2
12083	3
12085	1
12086	1
12088	2
12090	2
12091	3
12093	1
12094	1
12095	2
12096	13
12097	1
12099	3
12100	1
12104	2
12105	4
12106	1
12108	1
12110	2
12114	1
12115	2
12117	2
12119	1
12120	5
12122	1
12124	3
12125	3
12127	2
12130	2
12134	2
12135	1
12136	1
12138	2
12139	1
12140	3
12141	2
12142	1
12144	4
12145	1
12146	1
12149	1
12150	3
12151	1
12152	2
12153	2
12155	2
12156	2
12157	1
12158	1
12160	6
12161	1
12163	1
12164	1
12165	1
12166	2
12167	1
12168	4
12169	1
12172	2
12174	1
12176	4
12180	2
12181	1
12183	1
12186	1
12187	1
12188	1
12189	2
12190	2
12192	3
12193	1
12195	3
12199	1
12200	1
12204	2
12206	1
12208	1
12210	2
12211	1
12213	1
12214	2
12215	4
12216	2
12217	1
12219	1
12221	2
12222	1
12224	1
12225	1
12226	1
12227	4
12228	3
12230	1
12232	1
12234	1
12235	1
12236	4
12238	2
12240	12
12241	2
12243	2
12245	1
12246	2
12248	2
12251	2
12253	1
12254	1
12256	4
12258	1
12259	4
12260	1
12261	1
12264	3
12265	1
12269	1
12270	1
12272	1
12273	1
12275	9
12276	4
12279	1
12280	2
12282	1
12285	3
12288	12
12290	1
12291	4
12293	1
12294	3
12295	1
12296	1
12298	1
12299	1
12300	3
12303	1
12304	2
12307	2
12308	1
12309	1
12311	1
12312	4
12314	2
12315	4
12318	1
12319	1
12320	5
12323	3
12324	1
12325	1
12326	2
12328	2
12330	1
12331	2
12333	1
12334	1
12336	2
12339	1
12340	1
12341	2
12342	2
12343	1
12344	14
12345	1
12347	1
12348	4
12352	2
12354	1
12355	4
12360	8
12361	1
12363	4
12364	1
12365	3
12366	3
12368	1
12371	3
12372	1
12374	1
12375	4
12376	1
12378	1
12380	4
12381	1
12383	1
12384	5
12385	1
12386	2
12387	2
12390	4
12392	2
12395	7
12396	2
12397	2
12401	3
12402	1
12405	3
12406	2
12408	1
12409	1
12410	1
12411	1
12412	2
12414	2
12416	3
12420	5
12422	1
12423	1
12425	1
12427	1
12429	1
12432	2
12433	1
12435	5
12438	1
12440	1
12443	3
12444	4
12446	1
12451	1
12453	2
12454	1
12455	1
12456	4
12459	1
12460	5
12462	3
12464	3
12468	1
12470	2
12472	4
12475	1
12478	1
12480	18
12481	1
12486	1
12487	1
12488	1
12489	1
12491	1
12492	2
12495	1
12496	5
12497	1
12499	5
12500	1
12504	2
12505	1
12507	3
12510	5
12512	2
12513	2
12515	5
12516	4
12520	5
12521	2
12522	1
12523	1
12525	2
12528	6
12529	1
12530	1
12534	1
12535	2
12536	3
12537	1
12538	1
12539	3
12540	4
12544	6
12545	2
12546	1
12549	1
12550	1
12551	1
12554	1
12555	1
12558	1
12559	1
12560	3
12561	2
12563	1
12564	2
12568	4
12569	1
12570	1
12571	2
12572	2
12573	2
12575	1
12576	15
12577	1
12578	1
12579	2
12581	3
12585	1
12588	1
12589	1
12590	1
12592	2
12594	1
12595	3
12596	2
12597	4
12598	1
12600	11
12601	2
12604	1
12605	1
12606	1
12608	2
12609	1
12610	1
12611	1
12614	1
12615	3
12616	2
12617	1
12619	2
12620	2
12623	1
12624	4
12627	1
12628	1
12629	1
12630	1
12631	1
12632	1
12636	3
12638	1
12639	3
12640	1
12641	1
12643	1
12644	3
12646	1
12648	1
12650	2
12654	2
12656	5
12659	2
12660	3
12663	1
12664	1
12666	2
12667	1
12668	1
12669	1
12672	6
12674	1
12675	1
12676	1
12678	1
12680	2
12681	1
12683	1
12686	2
12688	3
12689	1
12690	1
12691	5
12696	2
12699	3
12700	1
12701	2
12702	1
12704	1
12705	2
12707	1
12710	1
12712	2
12713	1
12714	1
12715	4
12717	1
12720	4
12724	1
12725	2
12728	1
12731	1
12732	1
12734	1
12736	1
12739	2
12740	3
12741	2
12744	5
12745	1
12747	1
12749	2
12750	1
12752	1
12754	1
12755	2
12764	1
12765	2
12767	2
12768	9
12771	3
12772	1
12773	1
12780	3
12781	1
12784	2
12786	1
12787	1
12788	2
12789	1
12790	1
12791	1
12792	3
12793	1
12794	1
12795	3
12796	1
12798	1
12799	1
12800	17
12801	2
12803	1
12804	3
12808	2
12810	1
12811	2
12816	1
12820	1
12822	1
12825	3
12826	2
12828	1
12830	1
12834	1
12835	2
12836	1
12837	1
12840	5
12844	1
12847	1
12851	2
12852	4
12855	1
12856	3
12858	1
12859	2
12861	3
12864	8
12868	1
12875	8
12880	3
12882	2
12884	1
12885	1
12886	2
12888	3
12891	1
12894	6
12896	1
12899	4
12900	4
12906	1
12907	1
12908	2
12912	1
12915	3
12918	1
12920	15
12923	1
12924	1
12926	1
12928	2
12930	1
12931	1
12933	2
12934	1
12936	3
12939	2
12944	2
12945	1
12946	1
12950	1
12952	4
12954	2
12955	2
12960	9
12961	1
12964	1
12970	1
12971	1
12972	1
12975	2
12976	1
12977	1
12978	2
12979	2
12980	2
12981	1
12984	5
12985	4
12987	1
12989	1
12990	1
12992	3
12995	2
12996	3
13000	2
13002	1
13004	1
13005	2
13006	1
13007	1
13008	1
13011	2
13015	1
13016	1
13019	1
13020	5
13021	1
13024	2
13026	2
13028	3
13029	1
13030	1
13031	1
13032	1
13033	2
13034	1
13035	2
13038	4
13039	1
13040	4
13041	2
13042	1
13043	1
13044	3
13048	2
13049	2
13051	1
13052	1
13054	1
13055	1
13056	3
13057	1
13059	1
13060	1
13061	1
13065	2
13066	1
13067	1
13068	3
13072	2
13074	1
13075	4
13076	1
13077	1
13080	1
13081	1
13084	1
13085	1
13088	1
13089	1
13091	3
13092	1
13094	1
13098	1
13099	1
13100	1
13104	8
13106	1
13107	1
13110	1
13111	1
13112	2
13113	1
13115	1
13116	1
13118	1
13120	4
13125	1
13126	2
13127	1
13132	4
13133	1
13136	1
13139	2
13140	2
13144	1
13152	2
13154	1
13155	1
13158	1
13159	2
13160	4
13163	1
13164	1
13166	3
13167	2
13168	4
13171	2
13173	1
13176	3
13180	3
13184	10
13185	1
13187	1
13188	1
13194	1
13195	1
13200	5
13203	1
13205	1
13206	1
13209	2
13212	1
13214	2
13215	1
13219	4
13221	2
13222	1
13224	2
13225	2
13227	2
13229	1
13230	2
13232	1
13235	3
13240	1
13241	1
13243	4
13244	1
13248	5
13251	2
13256	2
13257	1
13259	2
13260	2
13261	1
13264	1
13265	1
13267	2
13269	1
13271	2
13272	1
13275	3
13278	1
13279	2
13280	5
13283	2
13284	2
13286	1
13289	1
13290	1
13294	1
13296	4
13298	1
13299	1
13300	1
13301	1
13304	1
13307	1
13308	1
13309	2
13310	1
13311	1
13312	1
13315	1
13316	1
13317	3
13318	1
13320	9
13321	1
13325	2
13326	4
13329	1
13330	1
13332	1
13335	2
13336	3
13340	1
13342	1
13344	3
13345	1
13350	1
13352	1
13354	2
13355	3
13356	3
13359	1
13360	7
13362	1
13363	1
13364	2
13365	2
13368	1
13369	1
13371	3
13374	1
13376	6
13377	1
13379	2
13380	1
13381	1
13388	1
13392	1
13394	1
13395	3
13396	1
13398	1
13400	11
13412	2
13413	1
13414	1
13415	3
13416	2
13418	1
13419	5
13421	1
13425	2
13430	1
13431	1
13432	2
13433	1
13434	1
13435	4
13436	1
13438	1
13440	8
13444	1
13447	1
13451	1
13452	2
13455	1
13456	9
13459	3
13462	1
13464	7
13465	2
13467	4
13468	1
13469	1
13470	1
13471	1
13473	1
13475	5
13476	2
13477	1
13480	2
13482	1
13483	1
13484	1
13486	1
13488	1
13489	1
13490	1
13494	1
13496	14
13499	3
13500	3
13504	3
13508	1
13509	1
13511	3
13515	4
13516	1
13518	1
13519	1
13520	1
13524	3
13528	1
13532	1
13533	1
13536	8
13544	1
13545	1
13547	1
13548	3
13550	1
13551	3
13552	2
13555	1
13560	2
13564	1
13565	1
13566	3
13567	1
13568	1
13570	1
13572	2
13574	2
13575	1
13576	1
13579	3
13581	1
13582	2
13583	1
13584	2
13585	1
13587	1
13589	4
13594	1
13595	1
13596	1
13599	2
13600	3
13601	1
13602	1
13603	2
13604	1
13605	1
13608	6
13611	1
13616	1
13617	1
13619	2
13621	1
13624	2
13627	1
13629	1
13630	1
13632	3
13633	1
13635	4
13636	2
13638	1
13640	1
13641	1
13643	1
13645	1
13648	1
13651	3
13656	2
13659	1
13660	2
13662	1
13664	4
13665	1
13666	1
13671	2
13675	1
13676	1
13680	5
13683	1
13684	1
13686	3
13687	1
13688	2
13689	2
13690	1
13691	3
13694	1
13696	4
13699	2
13700	2
13702	1
13703	1
13704	1
13706	2
13707	2
13709	1
13711	1
13714	1
13715	2
13716	6
13719	2
13720	9
13722	1
13723	2
13725	1
13728	2
13731	3
13733	1
13734	1
13735	3
13739	2
13740	4
13744	1
13747	3
13748	1
13749	3
13752	2
13753	2
13754	1
13755	1
13756	1
13760	11
13761	2
13764	3
13768	2
13770	1
13771	1
13774	2
13775	1
13778	1
13779	2
13782	1
13784	1
13785	1
13787	2
13788	1
13790	2
13791	2
13792	1
13794	4
13795	1
13796	1
13798	1
13800	3
13801	1
13804	3
13806	1
13808	1
13810	1
13815	1
13816	2
13823	1
13824	20
13825	2
13826	1
13829	1
13830	2
13831	2
13832	3
13833	1
13835	2
13836	1
13838	1
13839	1
13840	1
13841	1
13843	1
13845	1
13846	2
13848	1
13851	6
13854	1
13856	2
13857	1
13859	2
13860	4
13864	3
13867	4
13869	1
13870	1
13872	3
13878	1
13880	2
13881	3
13888	5
13891	3
13892	2
13893	1
13900	1
13901	1
13902	1
13904	1
13905	1
13908	1
13911	1
13912	1
13915	2
13918	1
13920	3
13921	1
13923	1
13925	1
13929	1
13934	2
13935	1
13939	1
13940	5
13944	5
13947	1
13948	1
13950	3
13952	1
13955	3
13956	4
13960	4
13963	1
13964	1
13965	1
13968	1
13971	1
13979	1
13981	1
13984	1
13985	1
13986	1
13988	1
13990	1
13995	2
14000	3
14001	1
14002	1
14003	1
14004	1
14008	1
14010	1
14011	1
14013	1
14016	6
14019	2
14020	2
14021	1
14022	2
14024	1
14025	2
14027	1
14028	2
14030	1
14031	1
14035	3
14040	5
14045	1
14046	2
14048	1
14051	1
14052	1
14053	1
14055	1
14059	3
14060	4
14061	2
14062	1
14064	2
14065	1
14070	1
14076	2
14077	1
14080	3
14082	1
14083	1
14084	1
14085	2
14088	1
14091	2
14094	1
14101	1
14103	1
14104	2
14108	1
14109	3
14110	1
14112	5
14115	5
14118	2
14120	1
14121	1
14122	1
14123	1
14124	4
14126	1
14131	2
14136	2
14137	1
14139	2
14140	1
14141	2
14142	1
14143	1
14144	3
14146	2
14149	2
14152	2
14154	1
14155	2
14160	4
14161	1
14164	1
14165	3
14169	1
14170	1
14174	2
14175	6
14176	2
14179	3
14180	1
14181	2
14182	1
14185	1
14187	1
14192	1
14196	2
14200	1
14203	2
14204	1
14206	1
14208	6
14209	1
14216	3
14219	1
14220	1
14221	1
14222	1
14224	1
14229	4
14235	1
14236	3
14240	3
14243	1
14244	2
14248	1
14250	1
14251	1
14255	2
14256	4
14258	1
14259	2
14261	1
14262	2
14264	1
14266	1
14267	1
14271	1
14272	1
14273	1
14275	3
14276	1
14278	1
14280	1
14281	1
14283	1
14285	1
14286	1
14288	2
14289	2
14291	2
14292	1
14295	1
14296	2
14299	1
14300	3
14301	2
14304	2
14307	2
14308	4
14310	1
14313	1
14314	1
14315	4
14316	3
14318	1
14319	1
14320	3
14324	1
14328	2
14330	2
14332	1
14335	1
14336	2
14337	2
14339	2
14340	1
14344	2
14347	1
14348	1
14350	2
14352	5
14355	3
14357	2
14359	1
14364	2
14367	1
14368	1
14370	1
14371	2
14372	1
14373	3
14374	3
14375	2
14376	1
14378	1
14379	3
14380	2
14384	2
14385	1
14386	1
14387	1
14391	2
14392	1
14395	2
14400	13
14411	1
14412	1
14415	1
14416	2
14419	3
14420	2
14426	1
14430	2
14432	2
14435	2
14437	1
14440	4
14441	1
14444	1
14445	1
14446	1
14448	3
14451	2
14455	1
14456	7
14459	1
14464	1
14465	1
14470	1
14471	1
14472	2
14473	1
14477	1
14479	1
14480	1
14481	1
14482	1
14488	2
14490	1
14492	1
14494	3
14496	4
14498	2
14500	1
14501	1
14502	1
14504	2
14507	1
14512	1
14513	1
14515	1
14516	2
14519	2
14520	1
14521	1
14523	1
14524	1
14526	1
14528	1
14530	2
14535	2
14536	2
14537	1
14539	2
14540	1
14544	6
14545	1
14550	1
14552	2
14553	1
14554	1
14555	2
14556	2
14559	1
14560	4
14561	1
14564	1
14565	1
14566	3
14571	2
14575	5
14576	1
14578	1
14580	7
14584	1
14587	1
14590	1
14592	4
14595	2
14596	1
14597	1
14599	1
14600	4
14602	1
14603	2
14604	2
14607	1
14608	1
14611	1
14615	1
14616	2
14618	1
14619	2
14620	1
14621	1
14626	1
14628	1
14632	1
14634	1
14635	4
14640	8
14641	1
14643	2
14644	1
14646	2
14652	1
14654	1
14656	4
14659	3
14660	3
14661	1
14665	1
14669	1
14670	1
14673	1
14674	4
14679	3
14688	1
14689	1
14691	2
14692	1
14694	1
14695	1
14697	1
14699	1
14700	9
14701	1
14706	3
14711	1
14712	1
14715	5
14720	6
14721	1
14723	1
14724	2
14725	1
14728	1
14730	1
14731	1
14736	2
14739	2
14740	3
14742	1
14744	1
14746	1
14748	1
14749	3
14751	1
14752	1
14753	1
14755	2
14756	1
14757	1
14760	2
14763	1
14765	1
14766	1
14768	1
14770	1
14771	1
14775	3
14776	1
14780	1
14784	7
14787	2
14789	1
14794	1
14795	1
14796	8
14800	5
14801	1
14803	2
14805	2
14812	3
14813	1
14815	3
14816	1
14820	4
14824	2
14825	1
14827	1
14831	1
14832	3
14835	1
14840	4
14841	1
14843	1
14847	1
14848	4
14849	1
14851	2
14852	1
14854	2
14855	1
14856	4
14857	1
14858	1
14859	1
14861	2
14864	1
14868	1
14869	1
14870	1
14871	2
14872	1
14874	1
14875	5
14878	2
14880	7
14881	1
14883	2
14886	1
14890	1
14891	2
14892	1
14896	5
14899	1
14900	3
14904	6
14905	2
14909	1
14912	2
14914	2
14915	3
14916	2
14920	6
14924	1
14928	1
14929	1
14931	4
14934	2
14940	1
14941	1
14944	2
14945	2
14947	1
14948	1
14950	2
14955	4
14958	2
14960	1
14963	1
14964	1
14966	1
14971	1
14976	10
14979	1
14980	2
14981	2
14984	1
14985	2
14988	1
14991	1
14995	1
14996	1
15000	4
15001	1
15004	3
15015	1
15016	1
15019	2
15020	2
15022	1
15024	3
15027	1
15030	1
15039	1
15040	3
15042	1
15043	4
15045	2
15046	1
15048	4
15050	1
15054	1
15056	1
15057	1
15059	1
15060	4
15061	1
15064	4
15065	1
15069	1
15070	1
15072	4
15075	2
15080	3
15081	1
15088	1
15090	1
15091	3
15093	1
15095	2
15096	1
15099	3
15100	4
15101	2
15104	1
15105	1
15108	1
15109	1
15111	1
15112	3
15113	1
15114	1
15115	4
15117	1
15120	19
15121	1
15123	1
15125	2
15128	1
15129	2
15135	2
15136	5
15139	1
15140	1
15144	1
15147	4
15149	1
15154	1
15155	2
15156	2
15157	1
15160	4
15163	1
15165	2
15168	4
15169	1
15171	1
15174	3
15178	1
15180	3
15181	1
15184	4
15186	2
15187	1
15190	1
15192	2
15194	1
15196	2
15200	1
15203	1
15204	1
15205	1
15211	3
15214	2
15216	5
15219	1
15228	1
15232	7
15238	1
15239	1
15240	1
15241	1
15243	2
15244	2
15245	1
15248	1
15251	2
15256	4
15264	4
15265	1
15266	1
15267	1
15269	2
15272	1
15274	1
15275	4
15280	2
15281	1
15284	1
15288	1
15291	5
15292	1
15295	1
15296	1
15300	7
15304	3
15307	1
15309	1
15310	1
15312	5
15313	1
15315	4
15316	1
15320	1
15323	3
15325	1
15328	1
15330	1
15331	2
15332	1
15333	1
15334	1
15336	4
15340	3
15342	1
15343	1
15344	2
15345	2
15351	1
15352	1
15355	3
15356	1
15359	2
15360	11
15363	4
15364	2
15369	2
15371	2
15372	1
15373	1
15374	1
15376	4
15379	1
15384	4
15385	1
15387	1
15392	1
15396	2
15399	3
15400	3
15404	1
15408	4
15409	1
15410	1
15411	2
15414	1
15416	3
15417	2
15419	1
15421	2
15424	5
15427	2
15430	2
15435	6
15436	2
15438	1
15439	1
15444	3
15447	1
15451	1
15456	3
15460	1
15462	1
15464	1
15466	2
15472	1
15474	1
15475	1
15479	1
15480	6
15483	1
15484	1
15485	2
15491	1
15495	2
15496	3
15499	1
15500	5
15502	1
15506	1
15507	1
15509	1
15515	1
15517	1
15520	2
15523	4
15529	1
15530	1
15531	7
15534	1
15535	1
15539	1
15540	3
15544	4
15547	1
15550	2
15552	8
15559	1
15560	2
15561	1
15564	9
15568	5
15570	1
15571	2
15572	1
15575	1
15579	5
15580	2
15581	1
15584	2
15585	1
15586	1
15592	2
15595	2
15596	1
15598	1
15600	5
15601	1
15604	1
15609	1
15610	1
15613	1
15615	3
15616	7
15619	2
15622	1
15624	1
15625	2
15627	3
15630	1
15631	2
15634	1
15635	2
15636	2
15640	7
15643	2
15648	3
15651	2
15652	1
15654	1
15655	2
15656	3
15659	1
15660	6
15664	2
15666	1
15669	1
15670	1
15674	1
15675	4
15676	2
15680	2
15682	1
15683	1
15684	1
15685	1
15688	1
15691	1
15692	1
15694	1
15696	1
15699	2
15700	3
15703	1
15704	1
15705	2
15707	1
15711	1
15714	1
15715	5
15716	1
15718	2
15723	1
15725	1
15727	1
15729	2
15730	3
15732	1
15735	1
15736	2
15739	3
15740	3
15741	1
15742	1
15744	6
15745	2
15747	2
15750	1
15754	1
15755	1
15756	2
15758	1
15759	1
15760	3
15763	2
15764	1
15765	1
15768	3
15769	1
15770	2
15771	1
15778	1
15779	1
15780	2
15781	1
15784	1
15787	1
15792	5
15794	1
15795	6
15800	3
15804	6
15805	1
15808	3
15816	2
15819	2
15820	5
15825	2
15827	1
15831	2
15832	2
15835	1
15837	1
15838	1
15839	1
15840	9
15844	3
15847	1
15849	1
15850	1
15851	1
15852	1
15853	1
15856	3
15858	4
15859	2
15864	1
15867	1
15868	1
15870	2
15874	2
15876	8
15879	3
15883	2
15885	2
15886	1
15888	1
15890	2
15891	4
15894	1
15900	2
15901	1
15903	1
15904	3
15905	1
15907	1
15910	1
15912	2
15915	2
15916	1
15920	2
15922	1
15923	1
15924	10
15925	2
15926	1
15928	2
15929	1
15930	1
15931	1
15933	1
15934	2
15936	3
15939	4
15943	1
15947	1
15955	1
15957	1
15960	3
15964	1
15966	1
15972	1
15975	3
15980	1
15982	1
15984	9
15987	1
15989	2
15992	1
15993	3
16000	3
16002	1
16003	2
16006	1
16008	1
16009	2
16010	1
16011	2
16015	1
16016	1
16017	1
16019	1
16021	1
16023	1
16024	1
16026	1
16028	1
16029	3
16030	1
16035	3
16036	1
16039	1
16040	1
16042	1
16043	1
16044	2
16050	1
16051	3
16056	4
16059	2
16060	1
16065	1
16071	1
16072	1
16075	4
16080	5
16083	2
16084	1
16089	1
16090	1
16092	4
16093	2
16095	1
16096	2
16098	1
16099	3
16100	2
16101	1
16104	1
16105	1
16107	1
16109	1
16110	2
16115	1
16117	1
16120	8
16124	1
16125	1
16126	1
16128	10
16132	1
16133	1
16136	1
16140	4
16144	1
16145	1
16146	2
16147	2
16149	1
16150	1
16152	1
16155	4
16156	3
16157	1
16159	1
16160	2
16164	1
16165	1
16168	1
16169	2
16171	2
16173	1
16176	6
16179	1
16180	4
16192	4
16194	1
16195	2
16196	1
16198	1
16200	9
16204	3
16205	1
16207	1
16209	1
16210	2
16215	1
16216	1
16219	6
16220	1
16222	1
16224	5
16225	1
16227	3
16231	1
16235	1
16236	5
16240	12
16243	2
16245	3
16246	4
16251	2
16252	1
16254	1
16256	2
16260	3
16264	3
16265	1
16267	2
16268	2
16269	2
16272	1
16273	1
16275	5
16278	1
16280	1
16283	1
16288	1
16290	1
16291	1
16293	1
16296	4
16297	2
16298	1
16299	4
16300	1
16305	1
16308	2
16312	2
16315	2
16317	1
16320	15
16321	2
16324	2
16330	1
16331	3
16332	2
16334	1
16335	1
16336	2
16339	2
16340	1
16343	1
16344	2
16345	1
16348	2
16351	1
16356	2
16357	1
16360	2
16363	2
16365	1
16371	2
16372	1
16375	1
16376	1
16379	1
16380	4
16384	3
16387	1
16389	2
16390	1
16392	1
16395	2
16402	2
16405	2
16408	1
16411	1
16416	10
16419	3
16420	6
16425	3
16428	2
16432	2
16435	1
16436	1
16440	2
16443	2
16445	1
16446	1
16450	2
16451	1
16452	1
16454	2
16455	1
16457	1
16459	4
16460	1
16462	2
16464	11
16467	1
16468	2
16470	1
16474	2
16476	5
16480	2
16483	2
16484	2
16486	1
16488	1
16489	2
16491	2
16492	2
16496	1
16497	1
16500	2
16502	1
16504	2
16509	1
16512	4
16513	3
16514	1
16515	5
16516	2
16522	1
16524	7
16526	1
16528	1
16530	1
16531	2
16533	1
16537	1
16538	1
16539	3
16540	3
16541	1
16543	1
16544	1
16545	1
16546	2
16547	1
16549	5
16550	1
16551	2
16552	1
16555	5
16558	1
16560	14
16563	1
16568	1
16570	1
16572	3
16573	1
16575	1
16576	5
16579	5
16585	1
16587	3
16591	1
16592	2
16595	1
16596	7
16600	3
16604	1
16605	2
16606	1
16608	1
16609	1
16610	1
16611	2
16614	2
16615	2
16616	1
16619	3
16620	1
16622	1
16623	1
16624	7
16625	2
16627	1
16629	1
16630	2
16632	2
16633	1
16635	1
16636	1
16638	1
16640	2
16641	2
16642	1
16644	2
16645	1
16650	1
16651	1
16654	1
16655	1
16656	2
16659	4
16660	4
16662	1
16666	2
16669	1
16671	1
16672	2
16675	1
16677	2
16678	1
16680	3
16683	2
16684	4
16686	5
16687	1
16688	2
16689	1
16690	1
16691	1
16695	3
16696	2
16699	1
16700	3
16702	1
16704	5
16707	1
16709	1
16711	1
16714	1
16715	1
16716	7
16717	1
16719	1
16720	3
16721	2
16728	2
16729	1
16731	1
16733	1
16735	1
16736	2
16737	1
16738	1
16739	1
16740	3
16741	1
16744	2
16749	1
16750	1
16755	3
16756	1
16758	1
16760	1
16763	2
16764	1
16768	3
16770	2
16771	3
16772	1
16774	2
16775	2
16776	2
16777	1
16779	1
16780	1
16784	1
16785	3
16788	2
16789	1
16792	1
16794	1
16795	1
16797	1
16798	2
16800	13
16803	3
16806	1
16807	1
16809	1
16810	1
16813	2
16816	1
16819	4
16821	3
16822	1
16824	2
16825	1
16827	2
16828	2
16840	7
16842	1
16844	1
16848	6
16851	2
16852	1
16859	2
16861	1
16864	3
16867	1
16870	1
16875	6
16879	1
16880	3
16882	1
16883	1
16884	4
16888	1
16890	2
16891	2
16894	2
16895	1
16896	13
16897	1
16898	1
16899	2
16903	1
16905	3
16906	1
16908	1
16909	2
16910	1
16911	2
16912	1
16915	3
16916	1
16917	1
16920	8
16921	1
16923	1
16924	6
16929	2
16931	1
16932	4
16933	1
16935	1
16936	5
16940	1
16941	1
16942	1
16944	1
16945	1
16946	3
16947	1
16948	2
16949	1
16950	1
16951	1
16952	1
16954	1
16955	2
16956	3
16957	3
16960	8
16963	3
16965	1
16966	3
16968	2
16969	3
16971	3
16972	1
16974	2
16975	1
16979	2
16980	3
16983	1
16987	1
16992	4
16993	1
16994	2
16995	4
16996	2
16999	2
17000	1
17001	3
17003	1
17004	3
17005	2
17007	2
17008	1
17010	1
17013	1
17014	1
17015	2
17016	1
17017	1
17019	7
17020	1
17023	2
17024	3
17025	1
17029	1
17030	1
17032	1
17035	1
17038	2
17040	5
17043	1
17046	1
17049	1
17050	5
17051	3
17052	2
17055	3
17056	5
17057	1
17059	1
17061	1
17064	7
17065	1
17066	1
17067	1
17068	1
17070	1
17071	2
17072	1
17073	1
17076	5
17077	1
17078	1
17080	2
17083	1
17086	1
17088	3
17089	2
17091	1
17094	1
17095	1
17098	1
17100	12
17104	1
17107	3
17110	2
17112	1
17113	1
17115	2
17116	3
17120	1
17122	1
17123	2
17124	1
17127	2
17130	1
17135	1
17136	7
17139	1
17140	1
17146	2
17147	1
17148	1
17152	1
17155	3
17156	1
17157	1
17160	1
17164	2
17169	1
17170	2
17174	1
17175	2
17176	1
17179	1
17181	1
17184	3
17185	1
17188	1
17190	2
17192	1
17194	1
17195	3
17196	4
17197	1
17198	1
17199	3
17200	3
17204	1
17206	1
17208	2
17211	5
17212	2
17215	1
17217	1
17218	1
17220	5
17224	2
17225	1
17226	1
17227	4
17230	1
17231	1
17232	1
17233	1
17235	1
17236	1
17240	2
17244	2
17245	2
17248	6
17250	2
17254	2
17255	1
17256	2
17259	5
17260	2
17262	1
17264	2
17265	1
17267	1
17268	4
17270	2
17272	2
17273	1
17274	2
17275	3
17277	1
17279	1
17280	18
17281	1
17284	1
17287	2
17288	1
17289	3
17291	2
17296	4
17298	1
17299	1
17300	1
17301	1
17304	5
17308	2
17309	1
17310	1
17311	1
17312	1
17313	1
17315	3
17316	4
17320	3
17323	4
17325	3
17328	1
17329	1
17331	4
17332	1
17335	1
17336	1
17340	4
17341	1
17343	1
17344	5
17347	1
17349	1
17354	1
17355	2
17356	1
17357	1
17360	2
17361	1
17362	2
17364	4
17366	1
17367	1
17368	1
17370	2
17371	1
17374	1
17375	1
17376	5
17377	2
17378	1
17379	3
17380	3
17384	1
17386	1
17387	1
17388	4
17389	3
17390	1
17392	3
17393	1
17395	3
17396	1
17397	2
17398	2
17400	12
17402	2
17404	2
17408	1
17411	4
17412	1
17413	1
17415	5
17416	1
17421	1
17424	5
17425	3
17430	1
17434	2
17435	1
17436	3
17440	5
17442	2
17445	1
17448	1
17449	2
17451	2
17452	1
17453	1
17454	1
17455	1
17456	1
17457	1
17458	1
17459	1
17460	4
17461	3
17465	1
17469	1
17470	4
17472	5
17476	2
17480	2
17484	2
17488	1
17491	4
17493	1
17496	1
17497	1
17499	1
17500	5
17503	1
17505	2
17506	2
17509	3
17510	1
17512	1
17520	8
17521	1
17523	2
17524	1
17527	3
17528	1
17529	1
17532	1
17533	2
17535	1
17536	3
17540	1
17541	2
17542	1
17544	1
17545	1
17547	4
17551	1
17552	2
17553	2
17554	1
17555	2
17556	2
17557	1
17560	1
17563	4
17564	1
17565	1
17566	1
17568	2
17569	1
17571	1
17572	1
17575	2
17576	4
17577	1
17578	1
17580	8
17584	4
17586	1
17587	2
17589	1
17590	1
17592	1
17593	1
17595	8
17596	2
17598	1
17600	1
17601	1
17602	1
17603	1
17604	5
17605	3
17608	3
17610	1
17611	2
17612	1
17613	2
17614	1
17616	3
17617	2
17619	2
17620	2
17622	1
17624	2
17625	1
17626	3
17627	1
17628	1
17629	3
17630	1
17632	1
17635	6
17636	5
17638	1
17640	11
17641	1
17643	3
17645	1
17646	2
17648	1
17649	3
17650	2
17652	2
17653	2
17654	2
17655	1
17656	1
17659	2
17660	1
17661	1
17662	1
17664	6
17665	1
17666	1
17668	4
17671	1
17674	2
17675	3
17676	4
17677	1
17680	6
17685	2
17686	1
17688	1
17690	1
17691	1
17694	1
17696	1
17699	3
17700	1
17701	2
17704	4
17707	3
17710	4
17712	3
17713	1
17714	2
17715	3
17716	2
17719	1
17720	5
17721	1
17722	1
17723	2
17724	3
17725	1
17728	5
17730	3
17733	1
17736	2
17737	1
17739	1
17740	3
17741	1
17745	2
17748	4
17749	1
17751	1
17752	4
17755	5
17756	2
17758	2
17760	5
17761	1
17764	1
17765	1
17766	1
17769	1
17770	4
17776	4
17779	2
17780	1
17781	3
17784	3
17785	1
17787	3
17788	1
17790	2
17791	1
17794	1
17797	1
17800	9
17802	2
17803	2
17805	1
17806	2
17808	1
17809	1
17810	1
17811	2
17815	1
17816	1
17820	5
17821	2
17822	1
17824	3
17825	1
17826	1
17827	1
17830	2
17833	1
17835	1
17839	1
17840	3
17842	2
17845	1
17848	4
17850	1
17851	2
17853	1
17854	1
17855	1
17856	8
17858	1
17859	3
17860	1
17864	3
17865	1
17866	1
17867	2
17870	1
17874	3
17875	1
17878	2
17880	4
17883	1
17884	5
17886	1
17890	2
17893	2
17894	1
17895	1
17896	1
17901	2
17902	1
17904	1
17908	5
17909	1
17912	2
17914	2
17915	1
17916	4
17917	2
17919	1
17920	10
17922	1
17923	1
17926	1
17931	3
17934	1
17935	1
17937	1
17938	1
17940	5
17944	2
17947	3
17950	1
17952	7
17955	3
17956	1
17957	1
17960	5
17961	1
17962	3
17963	1
17965	1
17971	3
17974	1
17975	1
17977	1
17979	3
17980	3
17982	1
17983	1
17984	2
17985	1
17986	2
17990	2
17992	2
17995	3
17998	2
18000	17
18001	2
18003	2
18004	1
18007	1
18009	1
18010	2
18012	2
18013	1
18014	1
18015	1
18016	3
18021	1
18024	2
18025	2
18029	1
18031	1
18032	4
18033	2
18035	2
18036	7
18037	3
18038	1
18040	6
18042	1
18043	1
18044	1
18045	2
18048	2
18049	2
18051	1
18052	1
18055	1
18056	1
18058	2
18059	1
18060	2
18063	1
18064	1
18067	2
18069	2
18070	1
18072	1
18073	2
18075	3
18076	1
18078	1
18080	1
18084	2
18085	1
18086	1
18088	8
18090	1
18091	5
18093	1
18094	1
18096	3
18099	4
18100	1
18104	1
18105	4
18107	2
18109	2
18114	1
18115	1
18118	1
18119	1
18120	3
18121	1
18123	2
18124	3
18126	3
18130	4
18131	1
18132	1
18133	1
18134	1
18135	1
18136	1
18140	1
18142	2
18144	11
18145	2
18146	1
18147	2
18150	1
18151	1
18153	1
18154	3
18155	1
18156	2
18159	1
18160	7
18162	2
18163	1
18165	1
18166	2
18171	5
18172	4
18174	2
18176	4
18177	1
18178	1
18179	2
18180	2
18181	2
18182	1
18183	1
18184	5
18185	1
18192	3
18194	1
18195	3
18196	1
18199	1
18200	2
18202	1
18205	3
18207	1
18208	2
18210	2
18211	3
18212	1
18213	1
18215	1
18216	2
18219	2
18220	7
18222	1
18223	1
18226	1
18228	4
18229	2
18232	3
18234	1
18235	1
18238	3
18239	1
18240	10
18241	1
18243	1
18246	1
18248	1
18249	1
18250	1
18252	3
18254	1
18256	2
18259	2
18264	1
18266	1
18268	3
18270	1
18273	1
18275	6
18276	3
18280	5
18283	1
18284	1
18285	5
18288	3
18289	1
18291	2
18292	1
18294	2
18295	4
18296	2
18298	1
18300	3
18301	2
18304	7
18306	3
18309	1
18310	2
18312	2
18315	4
18316	1
18322	1
18324	1
18325	1
18327	1
18328	3
18330	1
18331	1
18333	1
18334	1
18335	1
18336	2
18337	1
18340	1
18345	2
18346	4
18348	1
18349	1
18350	1
18351	1
18352	3
18355	1
18358	1
18359	1
18360	13
18361	1
18364	1
18367	2
18370	3
18372	1
18373	3
18375	4
18376	1
18378	1
18379	4
18380	1
18384	2
18385	2
18386	1
18387	2
18389	1
18391	1
18394	3
18395	1
18396	3
18399	1
18400	6
18402	2
18403	3
18404	1
18405	1
18406	2
18408	1
18411	1
18414	1
18415	2
18416	2
18420	3
18424	8
18426	1
18427	3
18428	1
18429	1
18430	1
18431	1
18432	9
18433	1
18435	3
18436	3
18438	1
18440	5
18444	4
18445	2
18448	1
18450	1
18451	2
18452	2
18457	2
18459	1
18460	2
18463	1
18464	3
18465	1
18466	3
18467	2
18468	1
18469	1
18474	1
18475	2
18478	1
18480	8
18482	1
18486	2
18487	1
18489	1
18490	1
18491	1
18492	2
18493	1
18496	6
18499	4
18500	2
18502	3
18504	3
18505	1
18508	4
18511	1
18513	3
18514	1
18515	3
18516	4
18517	2
18518	1
18520	5
18523	2
18525	2
18526	1
18528	5
18531	6
18534	1
18535	1
18536	2
18538	2
18540	5
18541	2
18544	7
18546	1
18547	1
18549	2
18550	1
18552	2
18555	3
18556	3
18558	1
18560	5
18561	2
18562	2
18563	1
18565	1
18566	1
18568	2
18571	3
18574	2
18575	1
18576	8
18579	3
18582	2
18584	1
18585	3
18589	1
18590	1
18592	5
18595	1
18598	2
18601	1
18603	4
18604	2
18607	3
18608	2
18609	2
18610	3
18611	2
18612	3
18613	1
18616	5
18619	1
18624	4
18625	2
18626	1
18628	2
18630	6
18631	3
18632	1
18633	1
18634	4
18635	1
18637	1
18640	5
18643	1
18644	1
18645	1
18646	2
18647	1
18648	3
18649	1
18651	2
18652	1
18653	1
18654	2
18657	1
18658	2
18660	3
18662	1
18664	2
18669	1
18670	1
18672	2
18673	1
18675	7
18676	1
18677	1
18680	2
18682	1
18684	1
18685	3
18688	3
18689	1
18690	2
18691	1
18694	2
18696	3
18697	2
18699	2
18700	6
18702	2
18704	2
18705	1
18706	1
18707	1
18708	3
18710	1
18712	3
18715	1
18716	1
18718	2
18720	8
18721	3
18722	1
18723	1
18725	1
18726	1
18729	2
18730	4
18731	3
18734	1
18736	4
18740	1
18744	6
18745	2
18747	4
18748	3
18751	2
18752	1
18753	1
18754	1
18756	2
18759	1
18760	14
18763	1
18766	2
18768	3
18769	1
18771	2
18776	1
18777	3
18778	1
18779	1
18780	5
18781	3
18783	1
18784	3
18785	1
18786	2
18790	1
18792	4
18794	1
18795	4
18796	1
18800	6
18801	2
18802	2
18804	7
18805	2
18808	4
18810	2
18811	1
18812	1
18813	1
18816	10
18817	2
18819	3
18820	1
18821	1
18822	1
18823	1
18826	2
18828	3
18829	2
18832	3
18834	1
18835	5
18837	1
18840	6
18842	1
18844	1
18849	2
18850	2
18851	2
18852	1
18853	2
18855	1
18856	2
18858	1
18859	2
18860	1
18861	2
18862	2
18864	3
18865	4
18867	1
18868	1
18870	3
18871	1
18872	3
18873	2
18874	1
18875	1
18877	1
18880	6
18882	2
18883	2
18884	1
18886	1
18888	1
18889	2
18890	1
18891	3
18896	1
18898	2
18899	1
18900	5
18901	1
18904	4
18905	1
18906	1
18907	2
18908	1
18910	2
18912	3
18913	1
18914	1
18915	4
18916	1
18919	4
18920	1
18922	1
18923	1
18924	4
18925	1
18927	2
18928	2
18933	1
18936	6
18937	1
18939	2
18940	3
18943	2
18944	2
18945	1
18952	1
18953	1
18955	5
18956	1
18958	2
18960	3
18961	1
18963	2
18964	1
18965	1
18967	1
18970	2
18971	2
18972	1
18973	1
18975	3
18976	2
18978	1
18980	1
18984	1
18985	1
18988	2
18990	1
18991	2
18993	1
18994	1
18996	2
18997	2
18998	1
19000	5
19003	1
19007	1
19008	8
19009	3
19010	1
19011	2
19012	2
19014	1
19018	2
19019	1
19020	4
19021	2
19024	5
19025	1
19026	1
19027	1
19030	1
19032	3
19035	2
19036	3
19037	1
19039	2
19040	2
19042	2
19044	3
19045	3
19048	2
19051	1
19052	1
19053	2
19054	1
19056	4
19057	2
19059	3
19060	3
19063	1
19064	1
19065	1
19067	1
19068	1
19069	1
19071	2
19075	8
19077	1
19078	1
19080	1
19083	1
19084	2
19085	1
19087	1
19091	2
19092	3
19093	3
19096	3
19099	2
19100	1
19101	1
19102	2
19104	2
19105	1
19106	2
19108	3
19111	3
19112	1
19114	1
19115	2
19116	6
19119	1
19120	2
19122	1
19123	1
19125	3
19126	3
19128	1
19131	4
19132	1
19135	2
19136	6
19137	2
19140	1
19143	2
19144	3
19147	1
19148	1
19150	1
19152	8
19153	1
19155	2
19158	1
19159	4
19160	2
19161	1
19162	1
19164	4
19165	3
19167	1
19168	3
19170	1
19171	4
19174	1
19176	4
19177	1
19179	3
19180	4
19182	1
19184	1
19188	2
19189	2
19191	1
19192	2
19195	4
19197	1
19198	2
19200	13
19204	1
19205	1
19206	1
19208	1
19209	1
19211	1
19214	1
19215	4
19216	5
19219	5
19222	2
19224	1
19227	5
19229	1
19232	1
19233	1
19234	2
19235	1
19236	1
19237	1
19240	5
19243	3
19244	2
19245	2
19246	2
19249	1
19255	1
19256	2
19257	1
19259	1
19260	5
19264	14
19267	1
19270	2
19274	1
19276	3
19278	2
19280	1
19282	2
19284	2
19287	1
19288	1
19290	1
19291	3
19293	1
19296	4
19304	2
19305	1
19309	1
19311	2
19312	3
19315	2
19316	1
19318	2
19320	11
19322	1
19323	2
19324	3
19328	3
19329	2
19330	3
19332	2
19334	1
19339	2
19340	2
19343	1
19344	4
19345	2
19348	1
19349	1
19351	1
19354	1
19356	1
19357	1
19359	1
19360	3
19361	1
19366	1
19369	1
19372	5
19374	1
19375	1
19377	1
19380	6
19384	4
19385	1
19389	4
19392	4
19395	3
19396	1
19400	4
19403	1
19404	3
19405	1
19408	2
19410	2
19411	2
19416	5
19417	1
19419	2
19424	3
19425	3
19426	1
19427	1
19428	3
19429	1
19431	1
19432	3
19435	4
19438	1
19440	10
19441	2
19446	2
19448	2
19450	2
19451	2
19453	3
19456	5
19459	4
19460	2
19461	3
19464	2
19465	2
19467	1
19468	2
19469	1
19470	1
19471	1
19475	1
19476	1
19477	3
19480	4
19481	1
19483	2
19485	4
19486	2
19487	1
19488	5
19489	1
19490	1
19491	1
19494	1
19495	1
19499	2
19500	5
19504	6
19507	2
19509	2
19512	4
19513	3
19515	4
19516	3
19520	4
19521	3
19524	1
19525	2
19526	1
19527	1
19533	1
19534	1
19536	4
19537	1
19539	1
19544	1
19545	1
19546	1
19548	3
19549	2
19550	3
19551	1
19552	3
19554	1
19555	2
19558	2
19560	2
19562	1
19563	2
19564	2
19565	1
19566	2
19568	1
19570	1
19571	1
19573	3
19574	1
19579	2
19582	1
19584	14
19585	2
19587	1
19589	1
19591	2
19593	2
19597	2
19600	13
19602	2
19603	2
19605	1
19606	1
19609	3
19614	2
19615	2
19617	1
19619	1
19620	2
19622	1
19624	2
19626	1
19627	4
19629	1
19631	1
19632	1
19635	3
19637	1
19640	4
19641	1
19644	1
19647	1
19648	3
19651	2
19654	3
19655	1
19656	3
19659	2
19662	1
19665	4
19668	5
19669	2
19672	1
19675	4
19678	3
19680	6
19681	1
19683	4
19684	2
19688	1
19689	2
19690	3
19691	2
19692	1
19695	1
19696	2
19698	1
19699	1
19700	3
19704	4
19705	1
19710	1
19711	1
19712	3
19713	1
19715	3
19716	1
19717	3
19720	12
19725	2
19727	1
19728	1
19729	1
19731	1
19735	2
19736	2
19737	1
19740	1
19744	3
19746	1
19747	1
19749	2
19750	1
19752	2
19753	1
19756	1
19760	2
19761	2
19764	2
19765	3
19768	1
19769	2
19771	2
19773	2
19774	1
19775	1
19776	15
19779	3
19780	3
19781	1
19785	2
19788	2
19789	1
19791	1
19792	2
19794	1
19795	1
19796	1
19798	1
19800	6
19801	1
19805	1
19807	1
19808	1
19810	2
19811	2
19813	1
19815	1
19816	4
19819	2
19820	1
19821	2
19822	1
19824	2
19825	1
19827	2
19830	3
19832	2
19833	2
19835	1
19836	4
19837	1
19838	1
19839	1
19840	10
19842	2
19843	2
19844	3
19845	2
19848	1
19849	2
19851	2
19852	3
19857	1
19859	1
19861	1
19863	1
19864	3
19867	1
19872	4
19873	2
19875	4
19876	2
19884	3
19885	1
19886	1
19888	3
19890	2
19891	1
19894	3
19895	2
19896	2
19897	1
19899	2
19901	1
19904	1
19905	1
19906	1
19907	1
19908	3
19909	3
19911	1
19912	1
19913	1
19915	2
19916	1
19918	1
19920	10
19921	1
19923	3
19924	1
19926	2
19927	2
19931	2
19933	1
19934	1
19935	2
19936	3
19938	1
19939	2
19941	4
19944	2
19947	1
19948	1
19949	1
19952	2
19953	1
19954	1
19956	2
19957	1
19959	1
19960	2
19963	1
19964	2
19965	1
19966	1
19968	4
19971	2
19973	1
19975	1
19976	3
19978	1
19980	3
19981	1
19984	5
19990	1
19992	2
19993	1
19995	2
19999	1
20000	3
20001	1
20003	1
20004	2
20007	1
20010	1
20011	3
20013	1
20016	1
20019	2
20020	3
20023	1
20024	1
20025	1
20026	2
20027	1
20028	3
20030	1
20034	3
20035	3
20037	1
20040	4
20043	1
20044	2
20045	1
20049	1
20055	1
20059	2
20060	1
20062	1
20064	5
20067	1
20069	1
20073	1
20074	1
20075	1
20077	1
20079	1
20080	8
20081	1
20085	4
20086	1
20087	2
20089	1
20090	1
20091	1
20092	1
20094	1
20096	5
20097	3
20100	4
20107	2
20110	2
20112	2
20114	1
20115	4
20116	2
20118	1
20124	3
20125	3
20126	2
20128	1
20129	1
20130	1
20131	2
20134	1
20137	1
20139	1
20141	1
20145	2
20149	1
20151	1
20152	2
20153	1
20155	5
20157	2
20160	26
20161	2
20166	2
20167	1
20169	1
20170	1
20176	2
20178	1
20179	2
20180	1
20181	2
20182	3
20183	1
20184	2
20185	1
20187	1
20188	2
20195	1
20196	3
20200	2
20202	2
20205	1
20207	1
20208	1
20209	1
20212	2
20213	1
20214	2
20215	2
20216	5
20217	1
20219	1
20220	1
20224	4
20229	3
20230	1
20232	2
20233	1
20235	7
20239	1
20240	5
20242	1
20244	3
20245	1
20247	1
20248	2
20251	2
20256	2
20257	1
20258	1
20260	1
20262	1
20263	2
20264	2
20271	1
20272	1
20275	1
20280	6
20281	3
20286	1
20287	2
20291	1
20293	1
20294	1
20296	2
20299	6
20300	2
20302	2
20304	8
20305	2
20307	2
20308	2
20310	1
20311	1
20313	1
20315	3
20320	2
20325	5
20328	1
20330	1
20331	2
20332	3
20334	1
20335	3
20337	1
20340	4
20341	3
20344	3
20347	1
20349	2
20352	3
20355	6
20356	1
20358	1
20360	1
20361	1
20364	1
20366	2
20368	3
20369	1
20371	1
20376	4
20377	1
20378	1
20379	5
20380	1
20383	1
20384	2
20389	1
20390	2
20391	1
20392	1
20395	2
20396	1
20397	1
20398	3
20400	2
20404	4
20405	1
20408	2
20409	1
20410	3
20412	3
20413	1
20415	1
20416	5
20417	1
20419	2
20421	1
20424	2
20428	1
20432	1
20433	1
20435	1
20436	2
20437	2
20439	1
20440	6
20443	3
20444	1
20445	1
20446	2
20448	5
20449	3
20450	2
20451	1
20453	1
20455	3
20457	1
20459	2
20460	10
20464	1
20468	1
20469	1
20472	1
20473	2
20475	4
20478	2
20479	2
20480	7
20482	1
20485	2
20486	1
20488	2
20490	2
20491	1
20493	1
20494	1
20495	1
20496	3
20499	3
20500	1
20501	1
20502	1
20503	1
20509	1
20512	1
20518	1
20519	2
20520	7
20523	1
20525	1
20528	1
20529	1
20531	1
20532	3
20534	3
20535	1
20536	2
20539	1
20542	1
20544	6
20545	1
20551	1
20553	1
20560	2
20562	1
20563	3
20564	1
20565	2
20566	2
20571	1
20572	2
20574	1
20575	3
20576	2
20577	1
20578	2
20579	1
20580	4
20584	2
20587	2
20589	1
20590	1
20592	3
20593	1
20594	1
20595	1
20598	1
20600	1
20601	1
20604	2
20608	6
20609	1
20611	2
20613	1
20614	2
20619	1
20620	2
20622	1
20624	1
20625	5
20627	1
20628	1
20631	3
20634	2
20635	3
20637	2
20638	1
20639	1
20640	12
20646	4
20648	1
20650	2
20655	1
20656	5
20659	1
20660	1
20663	1
20664	6
20667	1
20669	1
20670	4
20672	2
20674	2
20675	3
20676	4
20679	1
20680	3
20683	2
20685	5
20688	1
20689	1
20690	1
20692	1
20696	1
20697	2
20698	2
20700	3
20701	1
20703	1
20704	5
20706	3
20707	1
20710	1
20712	2
20713	2
20714	1
20717	2
20719	1
20720	1
20721	1
20722	2
20723	1
20724	5
20725	2
20727	1
20728	1
20730	2
20731	2
20732	1
20733	2
20735	2
20736	12
20739	1
20740	3
20743	1
20747	1
20748	2
20749	2
20750	1
20752	1
20754	1
20755	4
20756	1
20757	1
20758	2
20760	2
20761	2
20764	1
20768	1
20769	1
20773	3
20776	4
20779	2
20781	1
20783	1
20784	2
20788	1
20789	1
20790	1
20792	2
20796	2
20797	1
20800	6
20803	1
20805	2
20806	2
20807	1
20808	2
20809	2
20810	1
20811	1
20814	1
20815	1
20816	1
20817	1
20820	2
20821	1
20823	2
20824	3
20827	2
20830	1
20832	6
20833	1
20839	2
20845	2
20848	2
20850	1
20851	5
20853	1
20856	3
20860	2
20861	1
20864	1
20865	2
20869	2
20874	1
20875	1
20878	1
20880	12
20886	1
20888	1
20890	1
20891	2
20896	3
20898	1
20899	2
20902	1
20904	1
20907	2
20910	2
20914	1
20915	2
20916	1
20920	3
20924	1
20928	5
20930	4
20935	1
20936	3
20937	1
20940	1
20941	1
20944	3
20945	1
20949	1
20953	1
20955	1
20956	3
20957	1
20960	1
20961	1
20964	1
20965	1
20966	2
20967	1
20968	2
20971	1
20974	2
20975	2
20976	2
20979	2
20984	2
20985	4
20987	1
20988	3
20992	2
20995	4
20996	1
20998	1
21000	11
21001	1
21004	2
21006	2
21008	1
21009	1
21010	1
21012	1
21015	1
21016	2
21019	1
21021	1
21023	2
21024	3
21025	2
21027	1
21028	2
21034	1
21035	2
21036	1
21037	1
21038	1
21039	1
21040	3
21042	1
21045	2
21046	1
21047	2
21049	1
21052	1
21053	1
21054	3
21056	7
21058	1
21060	2
21063	1
21064	2
21066	1
21067	1
21069	2
21072	2
21073	1
21075	5
21080	3
21081	2
21082	1
21084	1
21085	1
21088	2
21090	3
21091	4
21093	1
21096	1
21097	2
21104	4
21106	1
21109	1
21110	1
21112	3
21114	2
21115	4
21120	11
21123	1
21124	2
21125	1
21126	1
21127	1
21132	2
21133	1
21134	1
21136	4
21139	4
21142	1
21144	2
21145	1
21149	2
21155	1
21156	1
21160	5
21161	1
21165	1
21166	1
21168	3
21169	1
21170	1
21171	2
21174	1
21175	1
21178	1
21179	1
21180	1
21181	2
21182	1
21183	2
21184	7
21189	1
21190	1
21192	1
21195	3
21200	1
21203	1
21204	1
21208	4
21213	2
21215	2
21216	6
21217	1
21219	1
21220	1
21222	1
21224	3
21232	3
21233	1
21235	2
21236	1
21237	1
21240	4
21241	1
21243	2
21244	3
21245	3
21246	1
21247	1
21248	1
21249	1
21250	2
21251	1
21252	1
21253	1
21256	1
21260	1
21261	1
21262	1
21264	3
21265	2
21267	1
21273	1
21276	5
21280	10
21281	1
21284	1
21285	3
21286	2
21287	1
21291	1
21292	1
21296	2
21297	2
21299	2
21300	1
21304	3
21306	2
21312	9
21315	8
21318	3
21320	1
21322	1
21323	1
21325	3
21328	3
21330	1
21331	3
21334	3
21336	2
21337	1
21339	2
21340	2
21343	1
21344	1
21346	2
21349	1
21350	2
21352	2
21357	1
21358	1
21360	5
21363	1
21364	1
21365	1
21368	1
21369	1
21370	1
21371	1
21373	1
21375	1
21376	6
21378	1
21379	5
21380	1
21381	1
21384	4
21385	1
21388	1
21390	3
21391	2
21392	2
21396	2
21400	3
21402	3
21403	1
21404	2
21405	1
21408	1
21410	2
21411	2
21412	1
21413	1
21415	1
21416	4
21419	2
21420	3
21421	1
21424	5
21426	2
21429	1
21430	1
21432	2
21433	2
21435	2
21439	1
21440	8
21441	3
21444	2
21445	2
21448	2
21454	1
21456	3
21457	1
21458	1
21460	1
21462	1
21465	2
21471	1
21472	3
21474	2
21475	3
21476	2
21480	2
21486	1
21487	2
21489	1
21490	4
21492	1
21493	1
21494	1
21496	3
21499	2
21500	3
21501	3
21502	1
21504	19
21505	3
21507	1
21508	1
21509	1
21510	2
21514	1
21515	1
21516	1
21519	1
21520	3
21523	3
21524	1
21525	2
21528	4
21532	1
21534	1
21535	1
21536	1
21538	1
21547	2
21549	1
21552	1
21553	1
21555	1
21556	2
21560	7
21564	2
21565	1
21568	1
21569	1
21573	2
21574	2
21575	1
21579	1
21580	1
21582	1
21584	2
21586	2
21588	1
21590	1
21595	1
21598	1
21600	11
21601	2
21603	1
21607	1
21608	1
21609	4
21610	2
21611	1
21612	1
21613	1
21615	1
21616	2
21621	1
21622	1
21625	1
21627	1
21629	1
21630	1
21631	1
21632	3
21633	1
21636	1
21637	1
21640	9
21641	1
21643	2
21645	2
21646	1
21648	2
21650	2
21651	3
21652	1
21653	1
21656	1
21659	1
21661	2
21666	1
21667	1
21668	1
21669	1
21670	1
21672	3
21684	6
21685	2
21689	1
21691	2
21695	1
21696	6
21699	1
21700	3
21709	1
21712	3
21715	1
21717	1
21718	1
21720	2
21725	1
21727	1
21728	1
21731	1
21732	1
21735	3
21736	2
21740	1
21741	1
21742	1
21744	3
21745	1
21747	1
21749	1
21751	1
21754	1
21755	2
21756	7
21757	2
21760	8
21763	2
21765	1
21768	2
21769	1
21771	2
21773	1
21775	3
21776	1
21784	2
21787	1
21790	2
21792	3
21794	1
21796	1
21798	1
21801	1
21805	1
21808	4
21810	2
21812	3
21816	3
21817	2
21819	1
21821	1
21826	2
21828	1
21829	2
21832	2
21835	1
21837	1
21838	2
21840	3
21841	1
21843	1
21847	1
21848	1
21849	1
21850	1
21851	2
21852	2
21859	1
21861	3
21864	9
21865	1
21868	1
21869	1
21870	1
21873	1
21874	3
21879	1
21880	2
21888	3
21889	1
21890	2
21892	1
21895	2
21896	3
21899	2
21900	3
21901	1
21902	1
21904	3
21909	2
21912	1
21913	1
21915	1
21916	1
21917	1
21922	1
21924	2
21926	1
21930	2
21931	3
21932	1
21934	2
21936	2
21940	1
21944	1
21945	5
21948	1
21950	1
21951	1
21952	2
21955	2
21956	1
21958	1
21960	3
21961	1
21964	1
21965	1
21966	1
21967	1
21971	1
21972	2
21979	1
21980	1
21982	2
21984	3
21990	2
21991	2
21992	1
21994	1
21997	1
22000	2
22002	1
22005	1
22007	1
22009	2
22012	1
22013	1
22014	1
22015	2
22016	2
22020	1
22021	2
22024	1
22026	1
22029	1
22030	2
22032	5
22033	1
22035	2
22039	1
22040	7
22041	2
22043	1
22045	1
22046	3
22047	1
22048	3
22049	1
22050	3
22051	1
22059	2
22060	1
22061	1
22064	1
22069	1
22072	2
22074	1
22075	2
22076	1
22078	1
22079	1
22080	9
22087	1
22088	1
22089	1
22096	3
22099	6
22100	1
22101	2
22104	3
22105	1
22108	1
22109	1
22112	1
22113	5
22116	1
22117	1
22120	3
22121	1
22122	1
22123	1
22124	1
22125	3
22130	1
22132	2
22133	1
22136	1
22138	1
22139	2
22140	4
22141	2
22143	1
22144	2
22152	1
22153	1
22155	2
22156	2
22160	3
22161	2
22164	1
22165	2
22168	2
22173	1
22174	1
22176	13
22179	3
22185	2
22189	2
22192	3
22195	1
22196	2
22197	1
22200	4
22203	1
22208	1
22210	3
22211	2
22212	1
22213	1
22215	2
22221	1
22222	1
22224	3
22228	2
22232	1
22235	1
22237	1
22239	2
22240	1
22243	4
22244	1
22245	1
22246	2
22247	1
22248	1
22249	2
22250	1
22252	2
22257	1
22258	1
22259	1
22260	4
22261	1
22263	1
22265	1
22267	1
22270	1
22272	2
22275	2
22279	2
22280	4
22282	1
22284	2
22285	3
22288	3
22290	1
22295	3
22296	3
22299	3
22300	2
22303	1
22304	2
22305	2
22308	1
22309	1
22316	1
22317	1
22320	3
22321	1
22322	1
22323	1
22325	1
22326	1
22328	1
22329	1
22330	1
22340	2
22341	1
22344	1
22345	3
22349	2
22351	2
22353	1
22354	2
22355	1
22357	1
22360	3
22361	1
22364	1
22365	6
22368	2
22369	2
22370	1
22371	2
22372	1
22375	1
22377	1
22378	1
22381	2
22383	1
22386	1
22387	3
22388	1
22389	2
22392	1
22393	1
22395	1
22396	1
22397	1
22398	1
22400	10
22401	1
22403	1
22404	2
22405	1
22406	1
22407	1
22408	2
22414	2
22416	1
22419	2
22420	1
22424	1
22425	3
22427	1
22428	2
22429	1
22431	1
22432	1
22434	1
22438	1
22440	2
22441	1
22444	1
22445	1
22446	2
22452	1
22453	1
22456	2
22459	2
22460	1
22462	1
22464	10
22470	1
22475	1
22476	1
22477	3
22479	1
22480	3
22482	1
22483	2
22484	1
22489	2
22490	1
22494	2
22495	2
22496	1
22500	5
22505	1
22507	1
22509	1
22510	2
22517	1
22521	2
22524	1
22525	1
22527	2
22529	1
22531	1
22534	2
22536	2
22537	1
22539	2
22540	5
22541	1
22544	2
22545	1
22549	1
22550	1
22551	1
22552	2
22555	1
22556	1
22558	1
22560	3
22561	1
22566	1
22567	1
22572	1
22574	1
22575	1
22576	2
22577	1
22578	1
22579	1
22580	1
22581	1
22582	1
22584	2
22585	3
22588	2
22591	3
22592	1
22594	1
22595	1
22596	3
22597	2
22599	1
22600	2
22606	1
22608	2
22609	1
22610	3
22613	1
22615	1
22617	1
22620	4
22624	2
22629	2
22630	1
22632	1
22635	3
22638	1
22639	1
22644	1
22645	1
22653	1
22654	1
22656	3
22661	1
22662	1
22664	1
22665	2
22668	1
22669	1
22671	1
22675	1
22678	2
22679	1
22680	8
22685	2
22687	1
22690	2
22691	1
22692	1
22695	1
22696	1
22700	3
22702	1
22704	3
22709	1
22713	2
22714	3
22716	2
22717	1
22720	3
22723	2
22725	4
22728	2
22732	2
22735	2
22738	1
22739	2
22740	4
22744	2
22745	1
22746	1
22747	1
22748	1
22749	1
22750	2
22752	1
22755	3
22758	1
22760	1
22761	4
22762	1
22763	2
22764	1
22768	3
22773	1
22776	5
22777	1
22779	1
22783	1
22784	5
22785	2
22786	1
22790	2
22794	1
22795	2
22797	2
22798	1
22799	1
22800	6
22803	1
22804	2
22805	1
22806	1
22809	2
22813	2
22816	1
22819	3
22820	1
22821	1
22824	2
22826	1
22827	1
22829	2
22832	1
22833	1
22834	1
22835	1
22836	1
22837	1
22839	1
22840	1
22846	2
22848	6
22849	1
22851	1
22852	1
22854	1
22855	1
22856	2
22860	2
22861	1
22864	6
22865	1
22866	1
22867	2
22869	1
22870	1
22871	1
22875	1
22880	4
22884	2
22885	2
22888	1
22891	1
22894	1
22896	3
22897	1
22899	1
22900	1
22904	2
22909	1
22910	1
22914	1
22917	1
22921	1
22923	1
22924	2
22925	2
22928	1
22930	1
22931	2
22932	1
22933	1
22935	2
22936	3
22939	1
22940	2
22941	2
22942	2
22944	5
22945	2
22949	1
22951	2
22952	1
22955	1
22957	1
22959	1
22960	6
22961	1
22963	1
22965	2
22966	2
22968	1
22973	1
22975	1
22976	1
22977	1
22980	2
22983	1
22984	2
22985	1
22989	2
22990	2
22996	1
23000	2
23001	1
23006	1
23008	3
23015	2
23016	3
23019	2
23024	1
23025	1
23026	2
23028	2
23029	4
23030	1
23035	2
23037	2
23039	1
23040	14
23041	2
23042	1
23043	1
23044	2
23046	1
23047	1
23050	2
23052	1
23060	1
23062	2
23064	1
23068	1
23069	1
23073	1
23074	1
23075	1
23077	2
23080	1
23083	3
23084	1
23085	3
23088	3
23090	2
23095	1
23096	2
23100	1
23101	3
23104	2
23105	1
23107	1
23115	1
23119	2
23120	3
23124	4
23125	1
23127	1
23128	1
23131	1
23134	1
23136	3
23142	1
23144	3
23145	1
23146	1
23147	1
23149	2
23155	2
23156	1
23157	1
23160	2
23165	1
23167	1
23169	1
23180	1
23181	2
23184	8
23190	2
23194	1
23195	1
23196	2
23197	1
23199	1
23200	1
23203	1
23204	2
23205	1
23215	1
23217	1
23220	2
23221	2
23224	3
23225	2
23227	1
23232	1
23239	1
23240	2
23243	1
23244	2
23248	4
23250	1
23253	1
23256	5
23259	1
23260	1
23264	2
23265	1
23275	4
23277	1
23278	1
23280	3
23284	1
23288	1
23289	1
23291	1
23296	4
23299	2
23300	1
23301	2
23302	1
23304	3
23307	1
23314	1
23315	1
23316	3
23322	1
23323	3
23324	3
23325	2
23326	1
23327	1
23328	3
23329	1
23330	2
23335	1
23336	2
23338	1
23340	2
23343	2
23344	1
23345	1
23347	1
23349	2
23352	4
23358	1
23359	1
23360	3
23362	1
23365	2
23370	1
23371	1
23372	1
23373	2
23374	2
23379	1
23380	2
23384	1
23386	1
23388	1
23389	1
23390	1
23392	5
23394	1
23400	2
23401	2
23403	1
23404	1
23405	2
23408	1
23409	1
23410	2
23415	1
23419	1
23420	1
23421	1
23424	3
23425	1
23427	1
23433	1
23435	1
23436	1
23440	6
23444	2
23445	6
23446	1
23452	2
23456	1
23460	5
23461	3
23463	1
23464	3
23466	1
23469	2
23470	1
23472	2
23474	2
23475	1
23476	2
23479	1
23480	2
23482	1
23484	1
23485	3
23488	1
23492	2
23500	2
23501	1
23504	1
23505	2
23506	2
23509	2
23511	1
23513	1
23515	4
23516	1
23517	1
23520	5
23525	1
23527	1
23528	1
23529	3
23532	2
23535	1
23536	2
23538	1
23539	2
23540	1
23542	1
23544	2
23545	1
23547	1
23554	2
23555	1
23556	1
23560	4
23561	1
23563	1
23565	2
23568	2
23569	1
23571	1
23574	2
23576	1
23579	2
23581	2
23584	2
23587	2
23589	2
23590	1
23592	1
23595	1
23600	7
23604	3
23605	1
23608	1
23610	1
23611	1
23614	2
23616	6
23621	2
23623	1
23624	1
23625	2
23626	1
23630	4
23631	1
23632	3
23635	1
23636	1
23638	1
23639	1
23640	1
23642	1
23645	2
23649	3
23652	1
23653	1
23656	4
23659	2
23660	1
23661	1
23666	1
23670	1
23671	1
23672	1
23674	1
23676	1
23679	2
23680	2
23681	1
23685	1
23688	2
23689	1
23691	1
23694	2
23697	1
23700	5
23703	1
23704	3
23707	1
23709	1
23710	1
23712	4
23715	2
23719	2
23720	2
23724	1
23725	2
23728	1
23740	2
23742	1
23748	1
23749	2
23754	1
23759	1
23760	8
23765	1
23768	1
23769	1
23773	2
23776	2
23780	1
23783	1
23784	4
23785	1
23789	1
23790	2
23791	1
23793	2
23796	2
23797	1
23800	4
23805	6
23808	3
23810	1
23813	1
23820	1
23821	6
23822	1
23823	1
23824	4
23825	1
23826	1
23827	1
23828	1
23832	2
23839	1
23840	2
23841	2
23843	1
23844	1
23854	1
23856	2
23860	2
23864	1
23869	1
23874	1
23876	1
23877	1
23880	2
23884	2
23885	1
23886	1
23888	2
23889	1
23892	1
23897	1
23900	1
23901	1
23903	1
23904	5
23905	2
23906	1
23907	1
23913	1
23918	1
23920	3
23925	1
23928	1
23935	3
23936	2
23937	1
23940	4
23941	1
23943	1
23944	1
23947	2
23949	1
23952	1
23954	1
23955	1
23959	1
23961	1
23962	1
23965	4
23968	3
23975	1
23976	3
23984	3
23988	3
23989	1
23990	1
23992	1
23995	1
23996	2
23998	2
24000	4
24001	1
24004	1
24013	1
24016	2
24017	1
24018	1
24020	1
24024	2
24030	1
24034	1
24035	2
24037	1
24038	1
24039	2
24043	1
24045	2
24046	1
24049	1
24054	1
24055	2
24056	4
24059	1
24061	1
24064	3
24065	1
24069	1
24070	1
24072	2
24073	2
24079	1
24080	4
24084	4
24085	4
24090	1
24094	1
24095	1
24096	3
24097	1
24100	1
24101	1
24104	3
24108	3
24109	1
24110	1
24111	1
24112	2
24115	3
24118	1
24120	5
24121	2
24124	1
24127	1
24129	1
24136	3
24137	1
24141	1
24144	5
24145	1
24149	1
24150	2
24156	2
24163	1
24164	1
24165	1
24173	1
24174	1
24175	1
24176	1
24177	1
24180	3
24181	1
24185	2
24187	1
24189	2
24190	1
24192	8
24197	1
24198	1
24199	3
24201	1
24204	2
24205	3
24206	1
24208	1
24219	1
24220	2
24221	1
24222	2
24225	2
24229	1
24232	2
24237	1
24240	5
24241	2
24255	1
24256	2
24260	1
24261	1
24262	1
24264	1
24265	2
24269	1
24274	1
24276	1
24277	1
24280	6
24285	2
24288	3
24289	1
24294	1
24295	1
24296	1
24300	4
24301	1
24304	1
24306	1
24309	1
24312	1
24316	1
24319	1
24320	4
24321	1
24324	1
24325	4
24328	1
24331	2
24334	1
24335	1
24336	3
24340	1
24344	3
24345	2
24347	1
24349	2
24350	1
24352	1
24353	1
24355	2
24358	1
24360	3
24365	1
24367	2
24372	1
24373	1
24376	2
24380	2
24381	4
24382	2
24384	2
24387	1
24388	2
24394	1
24395	2
24396	1
24408	1
24411	1
24415	1
24416	6
24420	1
24422	1
24426	3
24427	1
24429	4
24430	2
24435	1
24440	3
24444	2
24445	1
24448	1
24451	1
24453	1
24455	1
24456	3
24457	1
24458	1
24460	2
24461	1
24463	1
24464	3
24465	2
24468	2
24469	1
24471	1
24472	2
24475	1
24476	3
24477	1
24478	1
24480	4
24481	1
24484	1
24485	1
24489	4
24493	2
24495	1
24496	2
24499	4
24500	6
24504	1
24509	1
24511	1
24512	1
24513	1
24515	2
24516	2
24518	1
24520	2
24525	3
24528	1
24531	1
24534	1
24536	1
24540	2
24541	1
24545	2
24549	1
24552	3
24555	2
24556	2
24560	1
24561	1
24564	3
24565	2
24568	2
24571	2
24576	3
24583	1
24585	1
24587	1
24589	1
24590	1
24592	4
24593	1
24595	1
24596	1
24600	2
24601	1
24603	1
24605	1
24606	2
24612	1
24616	1
24624	3
24631	1
24633	2
24636	1
24637	1
24640	6
24643	1
24645	3
24648	1
24651	1
24654	1
24656	1
24660	4
24661	1
24664	2
24667	1
24669	1
24672	1
24674	1
24677	1
24680	1
24681	3
24682	1
24684	1
24687	2
24688	1
24689	1
24692	1
24695	1
24696	5
24697	1
24699	1
24700	1
24703	2
24704	2
24709	3
24712	1
24715	1
24716	1
24720	6
24724	2
24725	1
24733	1
24736	4
24739	2
24744	2
24745	4
24747	1
24750	3
24751	3
24756	2
24759	1
24760	2
24762	1
24763	1
24764	2
24765	1
24766	1
24768	7
24773	1
24776	2
24777	1
24780	1
24784	1
24785	1
24789	1
24795	1
24801	1
24805	6
24810	1
24811	1
24820	1
24821	1
24822	1
24824	2
24825	3
24829	1
24832	4
24834	2
24835	2
24838	1
24840	7
24841	2
24844	1
24845	1
24846	1
24849	1
24850	1
24855	1
24857	1
24859	1
24860	1
24862	1
24864	7
24865	1
24869	2
24870	1
24871	3
24875	1
24876	1
24877	1
24881	1
24884	2
24885	1
24888	3
24894	1
24895	2
24896	2
24900	3
24901	3
24909	1
24911	1
24912	1
24919	1
24920	2
24921	1
24922	1
24924	2
24928	1
24930	1
24931	2
24936	1
24940	2
24943	1
24944	1
24947	1
24948	1
24949	1
24955	2
24957	1
24960	3
24967	1
24969	1
24972	1
24973	2
24975	1
24976	3
24979	1
24981	2
24983	1
24984	2
24989	1
24990	1
24995	1
24996	1
25000	1
25003	1
25004	1
25005	3
25006	1
25008	1
25010	1
25016	2
25021	1
25024	3
25025	4
25027	2
25029	1
25030	2
25032	1
25036	1
25040	1
25042	1
25044	2
25045	2
25047	1
25050	2
25056	9
25061	1
25064	1
25065	2
25070	3
25071	1
25072	1
25080	2
25083	1
25084	2
25085	1
25088	1
25093	1
25094	1
25096	3
25101	3
25102	1
25104	5
25109	1
25114	1
25115	1
25116	1
25117	1
25119	1
25120	3
25123	2
25125	1
25127	1
25128	1
25129	1
25135	1
25140	2
25143	1
25144	2
25147	2
25148	1
25149	1
25150	1
25155	1
25156	1
25159	1
25163	1
25164	1
25165	2
25168	3
25170	2
25172	1
25174	1
25175	2
25177	1
25178	1
25179	1
25180	2
25182	1
25184	4
25185	3
25188	1
25191	1
25192	2
25193	1
25200	12
25203	3
25205	1
25209	1
25214	1
25216	2
25218	2
25219	1
25220	1
25221	1
25224	3
25225	1
25228	1
25229	1
25231	1
25232	2
25233	1
25235	2
25237	1
25240	2
25243	1
25244	1
25245	3
25247	1
25248	2
25249	1
25252	1
25256	1
25257	1
25261	1
25263	1
25265	1
25268	1
25270	2
25272	2
25275	1
25276	2
25277	1
25280	2
25281	3
25288	1
25292	1
25296	4
25297	1
25299	1
25300	5
25303	3
25304	1
25305	1
25306	1
25309	1
25313	1
25315	1
25317	1
25318	1
25319	1
25320	1
25321	2
25324	1
25329	1
25332	2
25333	1
25334	1
25335	3
25336	2
25340	2
25341	1
25343	1
25344	7
25346	2
25350	2
25352	2
25357	1
25360	8
25361	1
25362	1
25364	3
25365	1
25366	1
25368	1
25371	2
25373	1
25375	2
25376	3
25380	2
25381	1
25384	1
25389	3
25395	1
25396	5
25398	1
25399	1
25400	3
25401	2
25402	1
25405	1
25411	1
25416	1
25419	2
25421	1
25423	1
25424	3
25426	1
25429	1
25430	1
25432	2
25436	1
25437	1
25438	1
25439	1
25440	3
25444	1
25445	2
25448	2
25452	2
25453	1
25456	2
25462	2
25465	1
25472	1
25473	1
25475	1
25479	1
25480	5
25482	1
25488	5
25489	1
25492	1
25494	1
25495	1
25500	2
25501	3
25504	2
25507	2
25508	3
25513	1
25515	5
25520	1
25521	1
25524	1
25525	1
25529	1
25530	1
25533	1
25534	1
25536	4
25539	1
25542	1
25543	1
25549	1
25550	1
25551	1
25552	1
25555	1
25560	4
25565	1
25569	1
25572	1
25576	1
25578	1
25584	2
25585	2
25589	1
25590	1
25591	1
25595	1
25596	2
25597	3
25599	2
25600	2
25604	1
25605	3
25613	1
25616	1
25620	2
25627	1
25630	1
25631	1
25632	4
25633	1
25634	1
25635	1
25637	1
25639	1
25641	2
25645	2
25650	1
25652	1
25655	1
25660	1
25664	1
25665	2
25667	2
25668	1
25669	1
25674	1
25680	2
25684	1
25688	1
25690	2
25692	1
25693	1
25695	2
25696	2
25699	1
25700	2
25702	1
25704	6
25705	1
25709	1
25710	1
25714	1
25717	1
25718	1
25720	2
25725	4
25728	1
25731	1
25735	1
25737	1
25739	1
25740	2
25743	1
25744	1
25749	1
25752	1
25753	1
25756	3
25758	1
25760	2
25763	1
25768	1
25770	2
25771	1
25775	1
25776	2
25780	2
25781	2
25783	2
25784	3
25785	1
25788	3
25792	1
25794	3
25800	2
25802	1
25803	2
25804	1
25810	1
25811	1
25812	1
25813	1
25816	4
25819	1
25820	1
25821	2
25823	1
25824	2
25825	2
25828	1
25829	1
25831	1
25834	1
25837	1
25840	2
25842	1
25845	3
25846	2
25848	1
25849	1
25850	1
25851	1
25852	1
25854	1
25855	1
25856	2
25857	1
25858	1
25860	2
25864	1
25868	1
25869	2
25870	1
25871	2
25872	7
25877	1
25880	1
25885	4
25894	1
25896	1
25900	6
25902	1
25903	1
25904	3
25905	1
25909	1
25912	3
25914	1
25917	1
25920	16
25921	1
25924	1
25929	2
25930	1
25932	1
25933	1
25935	1
25936	5
25938	1
25941	1
25942	1
25944	2
25954	2
25955	1
25956	1
25957	2
25960	1
25965	2
25977	1
25980	1
25981	2
25984	2
25988	1
25990	1
25992	1
25996	3
26005	2
26008	3
26009	1
26010	1
26011	1
26013	1
26016	3
26019	3
26024	1
26027	1
26029	1
26033	1
26035	1
26037	1
26038	1
26040	2
26046	1
26049	1
26050	2
26052	3
26053	1
26054	1
26056	1
26058	1
26062	1
26064	6
26070	2
26073	1
26074	1
26075	2
26076	1
26077	1
26096	3
26099	1
26100	8
26104	1
26105	3
26109	1
26110	3
26112	3
26115	2
26118	1
26119	1
26120	1
26122	1
26125	2
26134	1
26141	1
26143	1
26144	1
26148	1
26149	1
26152	1
26154	1
26155	1
26159	1
26160	5
26163	1
26164	3
26165	1
26166	3
26176	1
26179	1
26180	2
26184	4
26185	1
26195	1
26197	2
26199	3
26200	2
26201	2
26205	1
26208	4
26213	1
26215	2
26224	3
26230	1
26233	1
26235	1
26239	1
26240	2
26243	1
26244	1
26245	2
26248	4
26251	2
26253	2
26256	2
26257	1
26260	6
26262	1
26264	2
26265	1
26272	1
26274	1
26275	2
26277	1
26280	1
26284	2
26288	1
26290	1
26292	1
26298	1
26299	2
26304	4
26316	2
26317	1
26320	12
26322	1
26325	3
26326	1
26328	1
26329	1
26335	1
26336	1
26340	3
26341	2
26344	3
26352	2
26358	1
26363	1
26365	2
26368	4
26369	2
26374	1
26376	5
26379	3
26380	1
26383	1
26384	3
26385	1
26386	1
26388	2
26389	1
26397	1
26400	2
26404	1
26406	1
26411	2
26412	1
26416	2
26419	1
26421	1
26424	1
26427	3
26429	1
26430	1
26436	1
26437	2
26440	3
26442	1
26443	1
26445	2
26446	2
26448	1
26450	1
26451	1
26452	1
26454	2
26455	1
26458	1
26459	1
26460	6
26461	1
26464	1
26467	2
26468	1
26469	1
26470	1
26473	3
26475	1
26478	2
26479	1
26480	1
26481	1
26484	2
26485	4
26490	1
26491	1
26494	1
26495	1
26496	6
26500	2
26501	1
26504	1
26505	2
26509	1
26516	1
26520	5
26521	1
26523	1
26524	2
26525	1
26529	1
26533	3
26536	2
26537	1
26539	1
26542	1
26544	1
26545	1
26547	1
26549	2
26550	1
26552	1
26556	2
26557	2
26560	2
26561	1
26563	1
26564	1
26565	3
26568	1
26570	1
26571	3
26572	2
26576	1
26577	1
26579	1
26580	3
26581	1
26584	3
26585	1
26586	1
26589	2
26592	3
26595	1
26596	2
26600	1
26602	1
26604	1
26607	1
26608	1
26610	1
26616	1
26618	1
26621	1
26624	1
26628	6
26629	1
26631	4
26632	1
26635	1
26637	1
26638	1
26640	9
26647	1
26652	1
26655	2
26656	3
26657	1
26658	1
26659	1
26660	1
26661	1
26662	1
26673	2
26676	4
26677	1
26680	3
26682	1
26684	1
26685	2
26688	1
26694	1
26696	1
26699	1
26700	1
26701	1
26703	1
26704	1
26705	2
26710	2
26712	2
26715	1
26716	1
26718	2
26721	1
26724	1
26725	2
26736	3
26740	2
26746	1
26747	1
26749	1
26757	1
26759	1
26760	2
26761	1
26762	1
26764	1
26766	1
26767	1
26768	1
26770	1
26772	4
26773	2
26775	3
26776	1
26780	1
26784	6
26785	1
26787	1
26788	1
26792	1
26793	1
26794	2
26800	4
26806	1
26809	2
26810	1
26813	1
26815	2
26820	5
26824	1
26830	2
26832	2
26836	1
26839	1
26844	2
26845	2
26847	1
26848	3
26851	1
26856	2
26860	1
26864	3
26865	1
26868	2
26869	1
26871	2
26872	1
26873	1
26877	1
26880	10
26883	1
26890	1
26893	1
26896	1
26899	1
26901	3
26902	1
26905	1
26908	1
26910	3
26911	1
26920	2
26922	1
26925	1
26928	5
26929	3
26934	1
26935	1
26936	1
26941	1
26947	1
26949	1
26951	1
26952	1
26954	1
26955	1
26958	1
26960	1
26961	1
26962	1
26964	2
26965	1
26971	1
26976	4
26978	1
26979	2
26981	2
26982	2
26985	1
26988	1
26991	1
26992	1
26993	1
26995	1
26999	1
27000	8
27002	1
27005	1
27009	3
27010	1
27012	1
27015	1
27016	2
27019	1
27020	1
27022	1
27023	1
27027	1
27029	1
27033	1
27034	1
27035	2
27037	2
27039	1
27040	3
27042	1
27045	2
27046	3
27048	2
27053	1
27054	1
27055	1
27058	2
27060	3
27064	2
27065	1
27066	1
27067	1
27068	1
27070	2
27072	7
27075	1
27076	2
27078	2
27079	2
27081	1
27082	1
27085	3
27088	6
27089	1
27090	2
27094	1
27096	2
27099	1
27100	2
27107	1
27108	2
27109	1
27111	1
27112	2
27114	1
27117	2
27120	5
27122	1
27125	1
27128	1
27132	2
27136	5
27143	1
27144	4
27145	1
27147	1
27149	2
27150	2
27151	1
27152	1
27154	1
27156	2
27160	1
27163	2
27165	1
27166	1
27168	1
27173	1
27176	2
27180	1
27181	2
27184	1
27186	1
27187	1
27189	1
27190	2
27192	2
27204	1
27208	2
27213	1
27214	2
27215	1
27216	10
27219	1
27220	2
27222	1
27232	3
27233	1
27234	1
27235	1
27240	2
27242	1
27243	2
27244	2
27247	2
27249	1
27250	2
27255	4
27256	1
27259	1
27260	1
27264	2
27272	3
27275	1
27276	2
27277	1
27285	1
27286	4
27288	2
27291	3
27295	2
27298	1
27300	5
27301	1
27302	1
27303	1
27304	1
27306	2
27309	1
27310	1
27312	1
27315	1
27321	3
27322	1
27324	1
27325	1
27328	1
27333	2
27334	3
27336	5
27340	4
27342	1
27344	1
27345	1
27347	1
27348	3
27349	1
27358	1
27359	1
27360	7
27361	3
27364	1
27368	1
27369	1
27376	1
27378	1
27379	1
27384	5
27388	3
27389	2
27391	1
27396	1
27400	3
27405	1
27406	1
27408	1
27410	1
27411	1
27414	3
27415	1
27417	1
27423	1
27424	1
27431	1
27432	3
27436	1
27437	1
27439	2
27440	6
27444	2
27445	1
27448	1
27450	1
27452	1
27454	1
27456	3
27457	2
27459	1
27461	1
27462	1
27464	1
27466	1
27467	1
27468	1
27472	2
27474	1
27475	1
27476	1
27478	3
27484	1
27489	1
27492	2
27493	1
27496	1
27497	1
27499	1
27502	1
27504	3
27507	1
27508	1
27512	1
27513	1
27516	1
27517	1
27520	7
27521	1
27522	1
27524	1
27525	2
27526	1
27528	2
27529	1
27531	3
27536	2
27537	1
27540	13
27541	2
27544	6
27545	1
27546	1
27548	1
27557	1
27559	2
27560	1
27561	1
27562	1
27565	3
27568	2
27571	1
27573	1
27574	3
27576	6
27577	2
27579	2
27580	1
27582	1
27583	1
27584	2
27588	1
27589	2
27591	1
27592	2
27594	2
27595	1
27596	1
27598	1
27600	8
27601	2
27604	2
27608	3
27610	2
27612	1
27613	1
27616	2
27619	1
27622	1
27623	1
27624	2
27627	1
27628	1
27634	1
27636	4
27640	5
27644	1
27648	7
27650	1
27651	2
27652	2
27654	1
27656	6
27660	1
27661	1
27664	3
27667	2
27669	1
27670	2
27672	1
27673	2
27675	3
27676	1
27680	1
27684	1
27685	1
27688	2
27690	2
27691	1
27692	1
27694	1
27695	1
27696	2
27697	1
27699	2
27700	2
27702	1
27704	1
27708	2
27709	5
27712	2
27715	2
27720	4
27725	1
27732	1
27733	2
27736	1
27738	1
27744	5
27745	1
27747	1
27748	3
27753	1
27756	1
27765	1
27770	1
27775	1
27776	1
27780	1
27781	1
27782	1
27783	2
27784	4
27792	6
27793	4
27795	1
27797	1
27798	2
27804	1
27805	2
27807	1
27811	1
27814	1
27816	5
27821	2
27824	1
27825	1
27828	4
27832	3
27835	2
27837	1
27840	6
27844	2
27845	1
27846	1
27852	1
27853	1
27854	1
27856	2
27858	1
27859	1
27863	1
27864	2
27865	1
27870	1
27872	1
27873	2
27876	2
27880	8
27881	1
27887	1
27888	4
27896	1
27900	3
27901	1
27904	4
27907	3
27909	2
27912	2
27916	1
27918	2
27919	1
27920	1
27922	2
27924	3
27925	2
27926	1
27928	1
27931	1
27936	6
27939	2
27942	1
27945	1
27951	2
27954	1
27960	2
27963	1
27966	1
27970	1
27972	2
27976	1
27982	1
27984	3
27985	1
27986	1
27990	3
27991	1
27996	1
27997	2
27999	1
28000	1
28005	1
28006	2
28008	3
28009	1
28011	1
28012	1
28014	1
28016	1
28018	1
28020	2
28024	6
28030	1
28031	1
28032	2
28035	2
28036	1
28037	1
28042	1
28048	1
28049	4
28052	1
28054	3
28055	2
28056	2
28060	1
28063	1
28068	3
28069	2
28071	3
28072	2
28075	1
28077	1
28080	11
28085	1
28092	1
28095	1
28096	1
28101	1
28104	3
28105	1
28107	2
28110	1
28111	1
28115	1
28116	2
28120	3
28123	1
28125	5
28126	1
28128	3
28129	2
28131	1
28133	1
28134	1
28135	3
28138	1
28141	1
28143	1
28144	2
28146	1
28150	1
28152	2
28153	1
28154	1
28155	1
28156	1
28160	1
28162	1
28165	4
28167	1
28168	1
28170	1
28177	1
28179	1
28180	2
28185	1
28186	1
28188	3
28190	1
28192	1
28195	1
28196	3
28197	1
28200	7
28201	3
28203	2
28206	1
28210	1
28212	2
28213	1
28215	2
28216	2
28217	1
28219	1
28220	1
28223	2
28224	18
28229	1
28232	1
28234	1
28236	2
28239	1
28240	2
28244	4
28245	2
28248	1
28255	2
28256	1
28260	5
28261	2
28264	1
28267	1
28269	2
28280	1
28283	1
28284	4
28285	2
28288	2
28289	1
28290	1
28291	2
28296	1
28299	1
28300	2
28301	2
28302	1
28303	1
28304	2
28305	3
28306	1
28308	1
28309	1
28310	1
28311	1
28313	1
28315	1
28316	1
28318	1
28319	1
28320	7
28324	1
28330	1
28332	3
28336	4
28338	2
28341	2
28342	1
28344	3
28345	1
28348	1
28350	1
28351	1
28353	1
28354	1
28355	1
28357	1
28359	1
28360	3
28362	1
28365	1
28366	1
28368	3
28369	2
28371	3
28374	1
28377	1
28378	1
28380	1
28381	2
28384	1
28389	1
28390	3
28392	2
28394	1
28395	1
28396	1
28402	1
28404	6
28405	3
28409	1
28410	1
28411	1
28413	1
28415	1
28416	7
28420	6
28421	1
28425	1
28432	1
28433	1
28438	1
28439	3
28440	5
28441	3
28443	1
28455	2
28457	1
28464	1
28469	1
28471	2
28480	2
28482	1
28485	2
28488	2
28489	1
28491	2
28492	1
28496	1
28498	1
28500	7
28501	2
28507	2
28509	1
28512	3
28515	1
28516	1
28518	2
28524	1
28525	4
28534	1
28535	1
28536	1
28538	1
28540	1
28543	1
28548	1
28552	2
28558	2
28560	6
28561	2
28564	1
28566	4
28572	1
28575	1
28576	2
28577	1
28579	3
28580	1
28582	1
28584	5
28587	1
28589	1
28590	1
28591	1
28600	1
28602	1
28603	2
28607	1
28612	1
28614	2
28615	1
28616	3
28619	2
28620	2
28621	2
28624	5
28626	1
28628	1
28630	1
28632	2
28635	1
28636	1
28638	1
28640	1
28644	4
28645	1
28647	1
28653	1
28656	3
28659	1
28660	4
28664	1
28665	3
28668	1
28669	3
28670	1
28672	3
28676	1
28677	4
28680	1
28685	1
28692	1
28695	3
28696	1
28698	1
28704	5
28712	1
28717	1
28720	3
28721	1
28724	2
28728	5
28729	1
28731	1
28734	1
28735	1
28738	1
28740	1
28741	3
28744	2
28749	1
28752	2
28753	1
28755	1
28758	1
28761	1
28762	1
28765	5
28768	2
28769	1
28776	1
28780	4
28781	1
28782	1
28789	2
28798	1
28800	13
28806	1
28816	1
28820	1
28824	5
28827	2
28831	1
28832	1
28833	1
28836	1
28837	1
28840	4
28845	1
28846	1
28847	1
28848	4
28855	1
28859	1
28860	2
28861	4
28864	2
28870	2
28871	1
28873	1
28874	1
28875	5
28876	1
28880	2
28881	1
28882	2
28884	2
28885	3
28887	1
28888	4
28891	1
28893	1
28895	1
28896	14
28899	5
28901	1
28902	1
28909	1
28913	1
28915	1
28916	1
28920	2
28926	1
28936	1
28939	1
28942	1
28944	3
28945	3
28947	1
28948	1
28952	1
28956	1
28957	3
28959	1
28960	1
28961	1
28963	1
28965	2
28968	2
28969	2
28971	1
28976	1
28979	1
28980	7
28984	2
28985	1
28992	3
28993	1
28994	1
29000	1
29001	1
29003	1
29004	1
29006	1
29008	3
29013	1
29014	1
29015	1
29016	3
29017	1
29019	1
29020	1
29023	1
29024	1
29026	1
29027	1
29028	1
29029	1
29035	1
29040	1
29043	1
29044	1
29045	1
29048	1
29049	1
29050	1
29053	1
29056	2
29057	1
29058	2
29059	1
29061	1
29062	2
29064	3
29065	1
29067	1
29070	3
29072	1
29075	1
29076	1
29080	2
29085	2
29087	1
29088	5
29089	1
29091	2
29095	4
29097	1
29098	1
29099	1
29100	2
29104	2
29105	1
29106	1
29108	1
29113	1
29115	1
29120	5
29122	2
29124	1
29125	2
29128	1
29133	1
29134	1
29136	6
29137	2
29138	1
29139	1
29140	2
29141	3
29146	1
29149	1
29151	1
29155	2
29156	1
29158	1
29160	4
29169	1
29174	1
29175	1
29176	2
29177	1
29179	1
29184	6
29185	2
29187	1
29189	1
29191	1
29195	1
29196	2
29200	4
29204	1
29205	2
29211	1
29218	1
29220	1
29221	1
29222	1
29223	1
29224	1
29229	2
29232	5
29238	2
29240	1
29241	1
29244	2
29245	3
29247	1
29248	1
29251	2
29254	1
29256	4
29259	2
29260	1
29264	1
29265	1
29268	3
29272	1
29274	1
29275	1
29276	1
29279	2
29280	5
29281	1
29295	4
29296	1
29299	1
29300	1
29304	2
29307	1
29319	1
29320	7
29322	1
29323	2
29324	1
29325	7
29328	1
29333	1
29335	2
29339	1
29344	3
29349	1
29355	2
29356	1
29358	1
29364	1
29365	2
29368	1
29370	1
29371	1
29375	1
29376	5
29379	3
29384	1
29386	1
29389	1
29392	2
29395	1
29396	1
29400	5
29404	1
29409	2
29412	1
29419	1
29425	1
29427	1
29428	1
29429	1
29430	2
29433	1
29434	1
29435	1
29436	3
29440	7
29448	5
29449	2
29452	1
29454	1
29456	1
29458	1
29460	3
29461	1
29463	2
29469	1
29472	1
29473	2
29475	1
29476	1
29479	2
29480	2
29484	1
29488	1
29491	4
29493	1
29496	4
29499	2
29501	1
29502	1
29504	2
29508	1
29509	2
29512	1
29520	7
29524	1
29526	3
29527	1
29532	1
29536	1
29537	1
29541	2
29545	2
29547	2
29550	1
29551	1
29557	1
29560	4
29561	1
29562	2
29565	1
29566	2
29568	4
29569	1
29571	2
29573	1
29575	1
29578	2
29579	1
29580	4
29584	1
29587	1
29589	2
29595	1
29596	1
29598	1
29599	1
29601	2
29605	1
29608	1
29609	1
29610	1
29615	2
29616	3
29619	1
29620	1
29623	1
29624	2
29628	1
29629	1
29630	1
29632	1
29634	1
29635	1
29636	1
29638	1
29640	5
29641	1
29644	1
29646	1
29649	1
29652	2
29655	1
29657	1
29664	5
29665	1
29666	1
29670	2
29673	1
29677	1
29680	6
29684	1
29685	3
29687	1
29691	2
29693	1
29694	1
29698	1
29700	3
29701	2
29704	3
29706	1
29709	1
29710	2
29713	1
29714	1
29715	1
29718	2
29720	1
29726	1
29727	1
29728	2
29734	2
29735	1
29736	5
29739	1
29746	1
29747	1
29748	1
29749	3
29750	1
29754	1
29755	3
29757	1
29760	8
29763	1
29766	2
29770	2
29771	1
29772	1
29781	2
29783	1
29785	1
29787	1
29788	1
29789	1
29790	3
29792	2
29793	1
29796	1
29797	2
29801	1
29805	2
29807	1
29808	5
29811	1
29814	1
29817	1
29820	3
29824	4
29826	1
29832	3
29835	1
29836	1
29839	1
29841	1
29844	2
29845	1
29848	3
29850	2
29852	1
29854	2
29860	5
29864	1
29865	1
29867	2
29871	1
29872	2
29880	5
29882	1
29883	1
29886	1
29888	1
29893	1
29895	1
29896	5
29899	1
29900	2
29904	3
29909	1
29910	1
29911	2
29914	2
29915	2
29916	1
29917	2
29920	3
29922	1
29923	1
29925	4
29928	2
29931	3
29932	1
29938	1
29941	2
29944	1
29949	1
29950	1
29952	6
29956	1
29957	1
29959	1
29962	1
29964	1
29965	5
29966	1
29970	1
29974	1
29975	2
29976	1
29977	1
29979	3
29980	3
29982	1
29983	1
29984	1
29986	1
29988	3
29989	1
29991	1
29996	2
29997	2
30000	6
30001	1
30004	2
30005	3
30012	1
30015	1
30016	4
30021	3
30022	1
30024	4
30025	1
30028	1
30030	1
30034	2
30036	1
30038	2
30040	3
30042	1
30044	3
30045	1
30046	1
30047	1
30048	4
30055	1
30056	2
30060	1
30063	1
30064	1
30065	2
30071	1
30072	4
30075	2
30078	1
30080	3
30081	1
30085	2
30086	1
30088	1
30091	1
30096	2
30098	1
30100	3
30107	2
30109	1
30112	1
30115	1
30117	1
30120	7
30121	1
30123	1
30125	2
30126	1
30128	1
30133	1
30135	1
30144	5
30145	2
30149	1
30150	1
30155	1
30156	2
30157	1
30160	1
30166	1
30168	1
30175	2
30176	1
30183	1
30184	1
30186	1
30187	2
30189	3
30192	2
30195	1
30197	1
30198	1
30204	2
30205	5
30208	2
30213	2
30214	1
30216	1
30217	1
30219	2
30220	2
30224	1
30226	1
30229	3
30232	1
30235	2
30237	1
30239	1
30240	18
30244	1
30245	1
30249	1
30252	3
30258	1
30259	1
30260	3
30261	1
30264	7
30268	2
30269	1
30271	1
30274	2
30275	1
30276	1
30277	1
30278	1
30279	1
30280	2
30281	1
30282	4
30283	1
30285	3
30288	2
30294	2
30295	1
30296	1
30300	2
30302	1
30304	2
30309	1
30313	5
30315	1
30316	1
30318	1
30319	1
30320	2
30322	1
30324	4
30325	1
30327	1
30334	1
30336	6
30337	1
30340	2
30344	1
30345	2
30349	2
30352	1
30355	1
30362	1
30364	1
30366	1
30368	1
30369	1
30370	1
30372	2
30373	2
30380	2
30384	2
30387	1
30391	3
30392	2
30393	1
30394	1
30397	1
30400	7
30405	2
30406	4
30408	1
30409	1
30411	1
30415	1
30416	1
30417	1
30418	2
30420	4
30421	2
30424	3
30428	1
30429	1
30430	1
30432	1
30434	2
30435	2
30436	1
30438	1
30439	3
30444	1
30448	1
30450	2
30452	1
30454	1
30456	6
30457	1
30458	1
30460	1
30462	1
30463	1
30464	7
30465	1
30469	1
30471	1
30472	1
30475	1
30477	1
30480	2
30481	1
30483	2
30484	2
30485	2
30488	1
30490	1
30491	1
30492	1
30494	1
30495	2
30496	2
30498	2
30499	1
30502	1
30504	2
30505	1
30509	1
30510	3
30514	2
30516	2
30519	2
30520	2
30525	3
30528	3
30531	2
30533	2
30539	1
30541	1
30544	5
30545	1
30546	1
30548	1
30549	1
30553	1
30555	3
30560	1
30564	1
30567	1
30569	1
30570	1
30574	2
30575	1
30576	3
30579	3
30580	2
30581	1
30584	1
30587	1
30588	1
30589	2
30590	1
30592	3
30595	2
30598	2
30599	1
30600	3
30604	1
30605	1
30609	3
30612	2
30613	2
30615	1
30616	4
30621	2
30623	2
30624	5
30625	2
30632	2
30636	1
30640	2
30642	2
30644	1
30645	1
30651	3
30653	1
30654	1
30655	1
30656	2
30658	1
30659	3
30660	2
30664	4
30667	2
30669	1
30670	1
30672	5
30679	1
30680	2
30681	1
30685	2
30693	1
30695	1
30696	1
30699	1
30700	5
30701	1
30703	1
30708	2
30709	3
30710	1
30711	1
30712	1
30713	1
30714	1
30715	2
30716	1
30718	2
30720	7
30721	1
30723	2
30726	3
30729	1
30730	1
30732	2
30733	1
30735	1
30736	4
30740	1
30741	1
30742	2
30744	3
30745	2
30746	1
30749	2
30750	1
30751	1
30754	2
30760	3
30761	1
30763	1
30768	1
30772	2
30773	1
30774	1
30775	3
30780	5
30782	1
30784	4
30786	1
30788	1
30789	1
30791	1
30796	1
30797	2
30800	5
30805	2
30810	1
30812	1
30816	3
30817	1
30819	3
30820	1
30821	1
30824	2
30830	1
30832	1
30833	1
30834	1
30835	1
30838	1
30839	2
30840	4
30841	1
30845	1
30846	2
30849	1
30850	1
30853	1
30854	1
30855	2
30856	8
30857	1
30858	1
30860	1
30861	2
30863	1
30864	1
30866	2
30867	2
30872	1
30873	1
30876	2
30880	4
30884	1
30885	3
30888	1
30892	1
30894	2
30896	1
30901	3
30904	2
30905	1
30906	1
30912	5
30915	1
30916	2
30918	1
30919	1
30920	1
30924	2
30925	2
30928	1
30929	1
30930	1
30931	1
30933	1
30936	2
30939	1
30940	2
30944	1
30948	1
30949	2
30951	1
30952	2
30955	1
30960	4
30964	1
30968	2
30970	1
30972	1
30973	1
30974	1
30975	2
30976	3
30979	2
30980	2
30984	9
30985	1
30986	1
30988	1
30991	1
30995	1
30996	3
31000	3
31001	1
31004	1
31005	1
31008	1
31009	2
31015	1
31017	1
31020	2
31024	1
31025	1
31027	1
31029	1
31030	2
31032	2
31040	2
31044	1
31045	3
31048	2
31053	1
31054	1
31055	2
31056	3
31057	1
31059	2
31060	2
31063	1
31069	1
31071	2
31072	2
31075	1
31076	2
31080	4
31083	1
31085	1
31090	1
31092	1
31093	3
31095	2
31096	5
31098	1
31099	1
31100	1
31104	6
31106	1
31108	2
31111	2
31114	1
31115	2
31117	1
31119	1
31120	4
31121	1
31125	3
31127	1
31129	1
31134	1
31136	1
31137	1
31140	2
31141	2
31143	1
31147	1
31149	1
31150	1
31152	1
31156	1
31157	1
31158	1
31160	3
31164	4
31165	2
31173	1
31174	2
31175	1
31176	3
31177	1
31179	1
31180	4
31184	3
31186	1
31189	1
31190	1
31191	1
31192	1
31193	1
31195	1
31197	1
31199	1
31200	9
31203	1
31204	3
31205	1
31206	1
31207	1
31208	2
31211	2
31212	1
31213	2
31214	1
31215	3
31219	1
31220	3
31224	2
31229	2
31231	1
31232	1
31239	1
31240	5
31242	1
31243	1
31244	2
31245	1
31248	3
31253	1
31254	2
31255	2
31256	1
31258	1
31259	1
31260	2
31261	6
31262	1
31264	2
31265	1
31272	1
31275	1
31279	2
31280	1
31285	4
31288	1
31292	1
31293	1
31296	3
31299	1
31300	2
31304	3
31309	2
31310	1
31311	5
31312	1
31313	1
31315	1
31317	2
31318	1
31320	5
31325	1
31326	1
31328	1
31330	1
31332	1
31336	1
31344	3
31345	1
31347	3
31348	1
31349	1
31350	1
31351	1
31353	1
31354	1
31356	2
31357	1
31360	13
31361	1
31367	1
31368	1
31370	1
31371	3
31376	1
31380	4
31381	1
31389	2
31391	1
31392	2
31395	5
31398	1
31399	1
31400	1
31405	1
31407	1
31408	1
31414	2
31416	2
31423	1
31429	5
31431	1
31433	1
31434	2
31435	1
31437	1
31438	1
31441	2
31446	1
31450	1
31451	1
31456	2
31460	2
31464	7
31466	1
31470	1
31471	1
31475	1
31477	1
31480	3
31482	1
31485	3
31488	3
31491	2
31492	1
31498	1
31499	1
31500	9
31501	1
31504	2
31509	1
31510	2
31512	4
31515	2
31516	1
31520	4
31521	1
31522	1
31525	3
31526	1
31533	2
31536	4
31541	2
31544	1
31545	2
31547	1
31548	1
31555	2
31556	3
31560	5
31564	1
31565	1
31566	1
31568	2
31570	1
31575	1
31576	2
31578	2
31584	4
31585	1
31587	1
31589	2
31594	2
31596	3
31600	1
31604	1
31605	5
31608	2
31611	1
31612	1
31620	1
31622	1
31624	2
31625	1
31629	3
31633	2
31637	1
31638	3
31639	2
31643	2
31645	2
31649	1
31656	1
31659	1
31660	1
31661	1
31664	1
31666	1
31668	1
31671	1
31672	1
31675	2
31678	1
31680	9
31683	1
31684	1
31685	1
31688	2
31689	1
31692	1
31695	1
31696	1
31700	2
31702	3
31704	4
31705	1
31707	1
31708	1
31713	2
31715	1
31717	1
31720	3
31721	2
31722	1
31725	2
31728	1
31731	4
31734	1
31736	1
31738	3
31739	1
31740	1
31743	1
31744	2
31748	1
31749	1
31750	1
31751	1
31752	4
31758	1
31765	4
31770	1
31771	1
31775	1
31776	5
31778	1
31780	1
31786	2
31788	1
31789	1
31792	1
31800	4
31801	1
31806	1
31812	1
31814	1
31816	1
31817	1
31818	1
31822	1
31824	4
31829	2
31831	1
31832	2
31833	2
31834	1
31835	1
31840	3
31841	1
31842	1
31844	1
31845	4
31846	1
31848	1
31849	1
31851	2
31855	1
31860	5
31861	1
31863	1
31869	2
31872	2
31875	4
31884	1
31885	4
31886	1
31888	4
31892	1
31893	1
31895	1
31896	1
31899	1
31901	1
31902	1
31904	1
31907	1
31909	1
31914	1
31915	1
31920	5
31923	2
31925	1
31927	2
31928	1
31929	2
31930	3
31932	1
31936	2
31939	1
31940	2
31941	2
31943	1
31945	1
31949	1
31954	1
31956	1
31960	5
31962	1
31965	2
31968	7
31974	3
31975	2
31980	1
31981	2
31985	2
31989	2
31992	1
31996	1
31997	2
31998	1
32000	5
32002	1
32003	1
32005	1
32008	3
32010	1
32011	1
32015	1
32016	5
32017	1
32020	1
32021	1
32025	2
32027	1
32028	2
32029	1
32032	3
32040	6
32041	1
32044	4
32045	6
32048	1
32052	2
32053	2
32056	1
32058	1
32059	1
32062	3
32063	1
32064	7
32070	1
32071	1
32074	2
32075	3
32076	1
32077	1
32079	2
32080	1
32084	1
32085	1
32086	1
32088	4
32093	1
32094	1
32095	5
32098	1
32099	2
32100	4
32101	1
32103	1
32108	1
32110	1
32112	2
32116	3
32118	1
32120	1
32121	1
32123	1
32124	3
32125	1
32126	1
32128	3
32130	1
32136	4
32137	1
32139	2
32144	2
32149	8
32151	1
32157	1
32160	3
32163	1
32166	1
32167	1
32170	1
32171	1
32172	3
32174	2
32175	2
32179	1
32181	2
32182	2
32184	1
32185	3
32186	2
32187	1
32189	1
32190	1
32194	1
32196	1
32200	15
32202	1
32206	1
32208	3
32209	1
32213	1
32214	1
32219	1
32220	1
32224	1
32228	1
32229	1
32232	2
32234	1
32240	1
32244	1
32245	1
32248	1
32250	1
32255	1
32256	16
32261	1
32263	1
32264	1
32266	1
32267	1
32272	1
32280	2
32282	1
32291	1
32292	2
32295	1
32296	5
32300	2
32304	2
32305	2
32309	1
32311	3
32317	1
32320	2
32323	1
32324	1
32325	6
32328	1
32335	1
32339	1
32340	5
32343	1
32344	1
32346	1
32347	1
32349	1
32352	1
32353	1
32356	1
32360	1
32361	1
32368	1
32371	1
32373	1
32374	2
32376	1
32379	1
32380	2
32384	1
32388	1
32389	1
32390	2
32395	3
32396	1
32400	7
32402	1
32403	1
32410	2
32411	1
32413	2
32416	1
32417	2
32420	1
32424	4
32427	1
32429	1
32431	1
32432	1
32434	1
32435	2
32436	2
32438	1
32440	3
32442	1
32444	2
32445	1
32448	5
32449	1
32451	1
32452	1
32453	1
32457	1
32459	1
32460	2
32461	1
32464	3
32469	2
32471	1
32472	1
32474	1
32476	1
32478	1
32480	4
32481	2
32485	1
32490	1
32491	1
32495	1
32496	3
32500	8
32501	1
32504	3
32506	1
32508	1
32509	2
32513	1
32514	1
32515	1
32517	1
32518	1
32520	1
32521	2
32523	1
32525	2
32526	1
32533	1
32535	1
32536	1
32538	1
32539	1
32544	6
32549	1
32551	2
32552	1
32554	2
32555	1
32557	1
32560	1
32561	1
32568	1
32571	2
32572	1
32575	2
32576	3
32579	1
32584	2
32585	3
32589	1
32591	1
32592	1
32595	2
32599	2
32600	1
32604	2
32605	2
32608	1
32609	1
32610	1
32613	1
32614	4
32620	2
32628	1
32629	2
32631	1
32632	3
32637	1
32639	1
32640	15
32641	2
32646	1
32650	1
32652	1
32655	1
32656	1
32658	1
32660	3
32661	2
32669	2
32670	1
32672	1
32676	1
32680	1
32683	1
32686	1
32688	3
32689	2
32691	1
32693	1
32694	2
32696	1
32699	1
32700	1
32702	1
32704	2
32709	2
32710	3
32711	2
32712	1
32715	1
32716	1
32720	2
32721	1
32724	3
32725	5
32728	1
32730	1
32732	2
32735	2
32737	1
32741	1
32744	2
32746	1
32747	1
32749	1
32751	1
32754	1
32755	2
32757	1
32759	1
32760	2
32763	2
32764	1
32765	1
32767	2
32770	1
32771	1
32772	1
32773	1
32774	2
32775	3
32776	2
32777	1
32780	2
32781	1
32784	3
32786	2
32788	2
32794	1
32796	1
32798	1
32799	1
32800	3
32802	1
32804	1
32805	3
32806	2
32808	4
32809	2
32810	1
32811	1
32812	2
32816	1
32817	1
32820	2
32821	2
32823	1
32824	1
32828	1
32832	2
32835	1
32836	1
32837	1
32839	1
32840	3
32842	1
32843	1
32845	2
32849	2
32854	1
32856	2
32857	1
32858	2
32860	1
32863	1
32864	2
32869	2
32871	1
32874	1
32876	1
32877	1
32879	2
32882	1
32885	2
32888	1
32890	1
32895	1
32896	2
32900	1
32904	2
32905	1
32906	1
32912	3
32914	1
32917	1
32919	1
32920	3
32922	2
32924	1
32925	3
32926	1
32931	1
32934	1
32936	2
32938	3
32940	1
32941	1
32947	2
32949	1
32954	1
32955	1
32960	2
32962	1
32965	4
32969	2
32972	1
32975	2
32976	3
32980	1
32981	2
32982	2
32986	1
32988	1
32996	1
33000	4
33002	1
33003	1
33005	3
33006	1
33016	1
33019	2
33020	1
33024	3
33028	1
33029	2
33030	2
33032	2
33034	2
33036	1
33039	3
33040	7
33043	1
33048	3
33055	1
33060	2
33064	2
33073	1
33075	2
33079	1
33080	2
33082	2
33085	1
33088	2
33094	1
33095	1
33096	1
33097	1
33099	1
33101	2
33104	3
33108	3
33109	1
33112	1
33113	1
33120	6
33123	1
33125	2
33130	1
33131	1
33134	1
33136	1
33144	1
33149	1
33151	1
33152	2
33156	2
33157	1
33159	2
33160	2
33161	1
33162	1
33164	1
33165	2
33166	2
33168	1
33171	1
33173	1
33175	1
33176	1
33179	1
33180	2
33183	1
33184	2
33188	1
33190	1
33192	2
33194	1
33198	1
33199	2
33200	4
33202	1
33204	2
33205	4
33207	1
33209	1
33210	2
33213	1
33214	2
33216	2
33219	4
33220	1
33221	2
33222	1
33224	2
33226	2
33228	1
33229	4
33231	1
33232	2
33235	1
33236	1
33237	1
33238	1
33241	2
33245	2
33251	1
33253	1
33256	2
33258	1
33259	1
33260	2
33261	2
33263	1
33264	10
33270	2
33277	3
33279	1
33280	5
33284	1
33285	3
33286	1
33288	1
33290	1
33291	2
33294	1
33296	2
33298	1
33299	4
33300	3
33303	1
33304	1
33305	1
33306	1
33309	1
33311	1
33312	1
33316	2
33318	1
33319	2
33320	4
33321	1
33322	1
33324	1
33325	1
33327	2
33335	1
33336	2
33339	1
33340	1
33345	1
33348	2
33351	1
33354	1
33360	2
33364	1
33366	1
33368	1
33372	1
33375	1
33381	1
33384	1
33396	3
33397	2
33402	1
33406	1
33407	1
33408	4
33409	1
33415	1
33419	1
33424	4
33429	1
33431	1
33432	1
33434	1
33437	1
33438	1
33439	1
33440	1
33442	1
33443	1
33444	1
33445	2
33448	2
33450	2
33451	1
33458	2
33459	1
33460	3
33464	1
33467	1
33468	1
33472	2
33473	1
33474	1
33478	2
33479	1
33480	2
33481	1
33484	2
33485	3
33486	1
33488	2
33492	1
33495	1
33496	2
33498	1
33499	1
33501	1
33504	4
33505	1
33506	1
33507	1
33509	2
33510	1
33512	1
33513	1
33515	1
33516	6
33517	1
33520	3
33523	1
33525	3
33526	2
33528	1
33529	1
33530	1
33531	1
33533	1
33534	1
33535	1
33536	3
33538	1
33539	1
33540	3
33543	1
33544	1
33545	1
33551	1
33554	1
33555	1
33557	1
33558	2
33560	1
33561	1
33565	1
33570	1
33571	2
33574	1
33575	1
33576	1
33578	1
33579	1
33582	1
33587	1
33589	1
33592	4
33595	1
33600	17
33606	2
33608	1
33610	1
33611	2
33612	1
33615	2
33618	1
33620	3
33625	1
33629	2
33630	2
33632	1
33634	1
33639	1
33648	2
33649	1
33651	2
33654	1
33655	2
33656	3
33660	1
33661	3
33662	1
33664	3
33669	1
33671	1
33677	1
33680	1
33684	2
33685	1
33686	1
33689	1
33690	1
33694	1
33696	6
33699	1
33704	3
33705	1
33706	1
33708	1
33710	1
33711	1
33715	1
33718	3
33719	1
33720	1
33721	1
33722	1
33724	1
33725	5
33728	2
33732	1
33736	6
33741	2
33744	3
33745	1
33750	1
33752	1
33757	1
33759	1
33760	2
33762	1
33764	1
33765	1
33766	1
33767	1
33772	1
33774	1
33775	1
33777	1
33778	1
33779	1
33780	1
33781	1
33783	1
33784	1
33787	2
33789	1
33792	2
33795	1
33796	1
33798	1
33799	2
33800	5
33804	2
33805	1
33808	1
33810	5
33812	1
33814	1
33815	1
33816	4
33821	1
33824	1
33829	4
33830	1
33833	1
33836	1
33840	3
33841	1
33843	1
33845	1
33848	1
33856	1
33857	2
33858	1
33859	1
33862	1
33863	1
33864	2
33865	2
33869	1
33870	2
33871	1
33872	1
33874	1
33875	1
33876	2
33877	1
33879	1
33880	1
33884	2
33888	1
33890	1
33896	2
33897	1
33898	1
33899	1
33900	2
33901	2
33904	3
33906	1
33908	1
33911	2
33913	2
33914	1
33915	2
33916	1
33920	3
33921	2
33925	4
33928	1
33930	1
33931	1
33934	1
33936	4
33939	1
33944	1
33946	1
33948	2
33949	1
33952	1
33960	3
33962	1
33963	1
33965	2
33975	1
33976	1
33978	2
33981	1
33983	1
33984	8
33985	2
33988	2
33990	3
33992	1
33996	2
33997	1
33999	1
34000	2
34006	1
34016	3
34017	1
34018	1
34019	2
34020	2
34021	2
34024	1
34025	1
34032	3
34039	1
34040	4
34041	1
34044	1
34047	2
34048	6
34049	2
34054	3
34055	2
34056	4
34060	1
34061	2
34062	1
34064	3
34069	3
34072	2
34074	1
34075	3
34076	2
34080	5
34081	1
34082	1
34084	1
34088	2
34092	1
34094	1
34098	1
34100	6
34104	3
34109	2
34110	1
34111	1
34112	2
34114	2
34116	2
34120	3
34122	1
34124	1
34125	1
34126	1
34128	2
34130	1
34132	1
34134	1
34135	1
34136	3
34139	1
34140	1
34141	1
34144	2
34145	1
34149	1
34150	1
34152	1
34156	1
34158	1
34159	1
34164	2
34165	4
34166	1
34168	1
34172	1
34174	2
34176	5
34179	1
34181	2
34182	1
34184	2
34186	2
34187	1
34188	1
34189	1
34191	2
34195	2
34200	6
34205	2
34209	1
34214	1
34216	1
34220	2
34221	1
34224	1
34225	2
34229	2
34233	1
34237	1
34239	1
34240	5
34241	1
34242	2
34244	2
34246	1
34249	1
34256	2
34259	2
34261	2
34263	1
34264	5
34265	2
34270	1
34272	3
34276	1
34280	1
34283	1
34294	1
34295	1
34296	2
34300	2
34301	1
34304	2
34305	1
34307	2
34309	1
34310	1
34311	1
34312	1
34314	1
34315	2
34316	1
34319	1
34320	6
34324	1
34325	4
34328	3
34332	1
34333	1
34336	1
34339	1
34340	1
34341	2
34344	3
34348	1
34349	1
34354	1
34355	1
34357	2
34359	1
34361	1
34365	2
34366	1
34375	4
34376	1
34380	1
34384	4
34385	2
34390	1
34391	1
34397	1
34400	1
34404	4
34405	2
34409	1
34410	2
34413	1
34415	1
34416	1
34419	1
34421	1
34426	1
34429	2
34432	1
34434	1
34436	1
34437	2
34440	7
34441	1
34442	1
34443	1
34445	3
34450	3
34453	1
34454	1
34460	3
34465	1
34466	1
34469	1
34470	1
34474	1
34479	1
34481	1
34486	1
34489	1
34490	2
34492	1
34494	1
34496	6
34499	1
34500	1
34503	1
34504	3
34512	3
34513	2
34515	1
34517	1
34520	3
34523	1
34524	3
34525	1
34529	1
34530	1
34532	1
34534	1
34539	1
34540	1
34541	1
34544	2
34549	1
34552	2
34553	1
34557	1
34560	13
34564	1
34565	1
34568	1
34570	2
34573	1
34576	3
34578	1
34580	1
34583	1
34589	1
34590	1
34596	1
34597	2
34599	1
34601	1
34608	3
34611	1
34612	2
34614	1
34616	3
34624	2
34626	2
34627	1
34629	1
34633	1
34636	1
34639	1
34640	1
34644	3
34645	1
34648	1
34650	3
34652	1
34653	1
34656	2
34660	2
34661	2
34662	1
34664	1
34667	1
34669	4
34672	1
34675	1
34676	1
34679	1
34680	3
34684	3
34685	1
34688	1
34696	2
34699	1
34700	1
34705	3
34706	1
34709	1
34714	2
34716	2
34719	1
34720	2
34722	2
34725	3
34728	1
34736	2
34739	1
34740	2
34741	3
34744	1
34745	2
34746	1
34748	1
34749	3
34752	1
34753	2
34754	1
34755	1
34758	1
34760	2
34765	2
34768	1
34769	1
34773	1
34774	1
34775	1
34776	4
34780	1
34781	3
34786	1
34789	3
34790	1
34791	2
34795	1
34797	1
34798	1
34799	1
34800	6
34801	1
34808	1
34809	1
34811	1
34812	1
34814	1
34816	1
34817	1
34820	1
34822	2
34825	2
34832	1
34835	1
34836	2
34837	1
34839	2
34840	3
34842	1
34845	2
34848	1
34854	2
34856	1
34858	1
34860	1
34864	1
34865	1
34866	4
34869	3
34870	1
34872	4
34873	1
34877	2
34880	7
34882	1
34884	1
34886	1
34889	1
34896	3
34900	1
34901	2
34903	1
34904	1
34909	1
34914	6
34915	1
34916	1
34917	1
34919	1
34920	1
34922	2
34925	2
34926	1
34928	1
34930	1
34932	1
34934	1
34937	1
34939	1
34941	2
34943	1
34944	7
34945	1
34949	1
34950	2
34952	3
34954	1
34955	1
34956	3
34960	2
34961	1
34965	2
34975	4
34978	2
34980	2
34981	1
34983	1
34984	2
34986	1
34987	1
34989	4
34992	2
34993	2
34996	2
35000	1
35001	2
35003	2
35005	1
35008	1
35010	1
35015	1
35016	3
35019	2
35020	1
35022	1
35024	4
35028	1
35031	1
35032	1
35034	1
35035	1
35040	1
35042	1
35045	1
35048	2
35053	1
35055	1
35056	4
35058	2
35060	1
35061	1
35063	1
35064	2
35066	1
35069	2
35070	1
35072	1
35078	1
35080	2
35084	1
35085	2
35088	1
35089	3
35090	3
35093	1
35094	1
35096	1
35100	3
35104	3
35105	1
35106	1
35110	2
35111	1
35112	1
35115	2
35119	1
35120	4
35124	1
35125	5
35128	1
35131	1
35133	1
35135	1
35136	6
35140	1
35141	2
35144	1
35145	1
35153	1
35154	1
35156	1
35157	2
35160	2
35163	1
35164	1
35165	1
35168	4
35170	1
35171	1
35172	1
35173	2
35175	2
35177	1
35178	1
35181	1
35183	1
35184	1
35185	2
35186	2
35187	1
35188	2
35192	3
35194	1
35196	2
35200	1
35202	1
35208	5
35209	2
35213	1
35215	2
35216	2
35217	2
35220	3
35222	1
35224	2
35226	1
35229	1
35230	3
35232	2
35234	1
35239	1
35245	2
35250	1
35256	2
35257	1
35260	1
35262	1
35263	1
35264	3
35266	1
35267	1
35270	1
35276	1
35280	7
35282	1
35284	1
35285	1
35287	1
35290	4
35293	1
35298	1
35302	1
35304	3
35305	1
35306	1
35309	1
35311	1
35312	1
35314	1
35316	2
35317	1
35320	1
35322	2
35328	3
35333	1
35334	1
35340	3
35341	5
35343	1
35344	3
35345	1
35346	2
35349	2
35350	1
35353	1
35355	1
35356	2
35358	1
35360	3
35362	1
35364	1
35376	1
35377	1
35381	2
35382	1
35384	3
35391	1
35394	2
35395	1
35397	2
35400	1
35405	6
35406	1
35409	1
35410	1
35414	1
35416	1
35418	1
35420	1
35421	1
35424	3
35425	1
35427	2
35429	1
35432	2
35434	1
35439	1
35440	2
35441	1
35445	2
35448	2
35449	2
35455	1
35456	2
35457	1
35458	1
35460	1
35469	3
35471	1
35472	1
35473	1
35474	1
35477	1
35489	1
35492	1
35495	1
35496	1
35501	1
35502	2
35504	3
35506	1
35508	1
35509	2
35520	3
35524	1
35525	6
35526	1
35528	3
35530	2
35531	1
35532	1
35533	1
35535	1
35536	1
35541	2
35544	4
35545	2
35549	1
35550	1
35551	1
35552	1
35556	2
35559	1
35562	1
35564	1
35565	1
35568	2
35574	1
35577	1
35581	2
35584	2
35588	1
35589	1
35592	1
35594	1
35595	1
35596	1
35598	1
35600	1
35602	1
35605	1
35615	1
35616	4
35621	1
35622	1
35625	2
35626	1
35627	1
35628	2
35629	3
35633	2
35636	2
35640	1
35642	1
35650	1
35651	1
35653	1
35656	1
35661	2
35664	3
35665	2
35668	2
35669	2
35670	3
35672	1
35676	2
35677	1
35680	1
35682	2
35685	1
35686	2
35688	2
35696	4
35700	6
35701	1
35704	1
35705	1
35709	1
35712	5
35713	1
35719	2
35720	4
35721	2
35725	3
35728	1
35730	1
35731	2
35733	1
35734	2
35735	1
35736	1
35737	2
35741	1
35742	1
35748	1
35749	2
35754	1
35755	1
35759	1
35760	3
35767	1
35768	1
35771	2
35775	1
35776	1
35778	1
35784	3
35785	1
35789	1
35790	1
35792	1
35794	1
35796	2
35802	1
35811	1
35815	2
35820	1
35827	1
35829	1
35832	1
35833	1
35835	1
35836	2
35838	1
35839	2
35840	4
35845	2
35846	1
35850	1
35853	1
35856	4
35860	1
35861	2
35862	1
35864	3
35868	1
35869	1
35871	1
35872	2
35874	1
35876	1
35880	4
35882	1
35884	1
35885	1
35888	2
35892	1
35893	1
35895	2
35896	1
35898	1
35904	3
35906	1
35909	1
35910	2
35915	1
35916	1
35920	5
35925	2
35929	2
35931	1
35936	1
35941	1
35944	2
35946	1
35947	1
35949	2
35960	4
35964	2
35965	3
35966	1
35967	1
35971	1
35972	1
35973	2
35979	1
35980	3
35981	1
35984	1
35985	1
35986	1
35987	1
35989	2
35992	1
35995	1
35996	1
36000	4
36001	1
36002	1
36008	2
36015	4
36016	1
36018	1
36020	4
36024	2
36025	1
36027	1
36029	3
36030	1
36032	1
36034	1
36036	1
36040	3
36041	2
36045	2
36049	1
36050	1
36053	2
36059	1
36060	2
36061	2
36064	2
36068	1
36069	1
36072	2
36076	2
36080	2
36081	1
36084	5
36088	1
36089	1
36090	1
36091	2
36093	1
36094	1
36095	1
36096	6
36099	2
36104	1
36106	1
36109	3
36110	1
36112	1
36120	1
36124	1
36125	4
36133	1
36134	1
36139	1
36144	5
36146	2
36148	1
36152	1
36154	1
36156	1
36157	2
36160	4
36161	2
36165	1
36168	1
36175	1
36176	2
36178	1
36180	3
36184	2
36185	1
36186	4
36190	2
36192	2
36196	1
36197	1
36198	1
36202	1
36203	2
36204	3
36205	1
36209	2
36212	1
36214	1
36216	1
36221	1
36224	1
36225	1
36227	1
36230	1
36232	1
36238	1
36242	1
36244	1
36250	2
36251	1
36254	1
36260	9
36261	1
36263	1
36265	1
36266	1
36270	1
36271	1
36277	1
36279	1
36281	1
36284	1
36288	8
36290	1
36294	4
36298	1
36300	1
36301	2
36304	3
36305	1
36309	2
36316	1
36317	1
36319	1
36320	3
36321	1
36322	1
36323	1
36330	2
36334	1
36335	1
36337	1
36340	2
36341	3
36342	2
36344	1
36345	1
36347	1
36348	1
36349	1
36352	2
36360	4
36361	2
36363	2
36364	1
36366	1
36370	1
36373	1
36375	3
36376	2
36379	3
36381	1
36384	6
36385	1
36387	1
36389	1
36392	1
36394	1
36396	1
36397	1
36400	8
36405	1
36406	1
36408	1
36411	1
36420	1
36421	1
36424	1
36425	1
36426	1
36429	2
36432	3
36433	2
36434	1
36440	1
36445	2
36446	1
36449	1
36452	1
36457	1
36461	2
36464	6
36466	3
36467	2
36468	2
36469	2
36470	1
36473	1
36479	1
36480	4
36481	2
36484	1
36485	1
36486	1
36495	2
36496	2
36501	3
36504	1
36505	3
36509	3
36511	2
36512	1
36514	2
36516	2
36517	1
36519	1
36520	1
36525	6
36528	2
36529	1
36532	1
36535	1
36539	1
36541	1
36544	1
36546	2
36548	1
36557	1
36559	1
36560	1
36564	1
36565	2
36567	1
36569	1
36570	1
36575	1
36576	1
36582	1
36584	1
36588	1
36594	2
36595	1
36596	1
36599	2
36600	1
36608	2
36609	2
36610	1
36613	1
36615	1
36616	3
36618	1
36624	6
36627	1
36629	3
36632	2
36634	1
36640	3
36641	1
36642	1
36645	1
36653	1
36656	1
36660	3
36664	1
36666	2
36668	1
36672	2
36680	4
36684	4
36685	4
36686	1
36688	1
36690	3
36696	1
36697	1
36701	2
36704	1
36705	1
36708	2
36710	1
36712	1
36714	5
36720	10
36721	2
36722	1
36724	2
36725	2
36728	3
36731	1
36733	1
36735	1
36736	2
36738	1
36744	4
36745	1
36749	3
36757	1
36759	1
36764	1
36768	5
36770	1
36775	1
36781	2
36783	1
36784	4
36785	2
36789	2
36792	1
36794	1
36798	2
36800	2
36801	1
36803	1
36804	2
36805	3
36807	1
36808	1
36816	4
36818	1
36820	3
36824	2
36830	1
36834	1
36837	1
36838	1
36840	3
36841	1
36842	1
36844	1
36845	1
36848	2
36849	1
36852	1
36853	1
36859	1
36864	6
36868	1
36869	3
36874	1
36875	1
36876	1
36879	1
36880	1
36882	3
36884	1
36885	1
36890	2
36891	1
36900	1
36901	1
36904	3
36905	1
36906	1
36910	2
36912	1
36914	1
36915	1
36916	1
36917	2
36919	1
36920	2
36924	1
36925	4
36927	1
36936	3
36937	1
36939	1
36941	2
36944	3
36949	2
36960	2
36963	1
36965	3
36967	1
36969	1
36972	1
36973	2
36974	1
36975	1
36978	1
36981	1
36984	3
36986	1
36991	1
36992	4
36994	3
36997	1
36999	1
37001	2
37004	1
37007	1
37008	2
37009	1
37013	2
37015	1
37016	1
37019	1
37021	1
37024	3
37025	2
37029	1
37032	1
37033	1
37034	1
37037	1
37040	2
37041	1
37043	1
37044	1
37051	1
37053	1
37056	1
37058	2
37061	1
37065	2
37068	1
37070	1
37072	1
37075	1
37081	1
37084	3
37085	1
37087	1
37088	4
37096	3
37100	2
37103	1
37104	7
37105	2
37114	1
37116	2
37117	1
37120	1
37125	4
37126	2
37128	2
37131	1
37136	1
37140	4
37141	2
37144	1
37152	2
37156	2
37157	1
37158	1
37160	1
37164	1
37170	2
37173	3
37175	1
37178	1
37179	1
37180	1
37184	2
37185	2
37188	1
37189	1
37191	1
37197	1
37200	5
37201	1
37202	2
37204	1
37213	2
37216	2
37222	1
37225	3
37232	2
37235	1
37236	3
37237	1
37245	2
37248	4
37252	1
37253	2
37254	1
37260	5
37262	1
37266	1
37268	1
37273	1
37274	1
37276	1
37278	2
37280	2
37283	1
37284	1
37285	2
37286	1
37289	1
37290	2
37296	5
37298	1
37299	1
37300	1
37301	1
37302	1
37304	1
37307	1
37309	1
37310	1
37312	1
37313	1
37319	1
37320	1
37321	1
37323	3
37324	1
37325	1
37328	1
37329	1
37330	2
37333	1
37335	1
37336	2
37342	1
37344	5
37346	1
37350	2
37351	1
37352	1
37354	1
37360	1
37361	1
37364	2
37366	1
37368	1
37374	1
37376	1
37377	1
37378	1
37381	1
37385	2
37388	1
37389	2
37393	1
37394	2
37396	1
37400	3
37403	1
37404	2
37408	1
37410	2
37413	1
37414	1
37415	1
37421	1
37424	2
37425	4
37429	2
37431	1
37435	1
37436	3
37440	6
37442	1
37448	1
37449	2
37450	2
37453	2
37456	1
37457	1
37467	1
37468	1
37469	2
37470	1
37473	1
37476	1
37480	1
37481	1
37485	5
37488	1
37490	3
37493	1
37496	1
37499	2
37509	1
37510	1
37514	1
37515	1
37516	3
37519	1
37520	3
37522	1
37524	2
37525	2
37526	2
37528	2
37534	1
37536	1
37540	2
37541	1
37544	1
37548	1
37554	1
37556	1
37559	2
37560	3
37561	1
37562	2
37563	1
37575	1
37576	1
37579	1
37580	1
37581	1
37583	2
37584	5
37586	4
37588	1
37589	2
37590	1
37596	2
37598	1
37600	3
37604	4
37605	2
37609	2
37611	1
37613	1
37616	1
37620	2
37621	1
37623	2
37624	1
37625	1
37629	1
37630	1
37632	5
37635	2
37636	2
37639	3
37640	5
37641	2
37642	1
37644	2
37645	1
37647	1
37648	1
37652	1
37653	1
37654	1
37656	1
37659	2
37661	1
37662	1
37663	1
37664	3
37665	2
37671	2
37672	1
37680	2
37681	1
37683	1
37684	2
37685	2
37687	2
37689	2
37695	1
37696	3
37698	1
37700	4
37701	3
37704	2
37712	2
37716	2
37719	1
37720	2
37725	1
37728	5
37734	1
37735	1
37736	1
37737	1
37740	1
37749	1
37753	1
37759	1
37760	5
37761	2
37769	1
37770	1
37773	2
37775	1
37776	2
37778	1
37784	1
37785	1
37786	2
37789	1
37791	2
37793	1
37799	1
37800	5
37802	1
37805	2
37808	2
37810	3
37812	1
37813	1
37815	1
37816	2
37819	1
37820	2
37821	1
37822	1
37824	3
37825	1
37826	1
37827	1
37828	2
37829	2
37831	1
37833	1
37834	1
37835	1
37836	3
37840	1
37844	1
37845	2
37846	1
37848	2
37856	3
37858	1
37859	1
37860	3
37861	1
37866	1
37869	2
37870	1
37876	2
37878	1
37880	3
37884	2
37888	3
37890	1
37893	1
37896	1
37901	1
37904	1
37905	2
37908	1
37909	1
37910	1
37911	1
37914	1
37916	1
37919	2
37920	5
37924	1
37926	1
37930	1
37931	1
37933	1
37940	2
37943	1
37944	1
37945	2
37949	1
37950	1
37952	2
37957	1
37959	1
37960	1
37961	1
37964	1
37965	1
37968	2
37969	1
37973	2
37975	1
37980	3
37981	1
37989	1
37992	1
37997	1
38000	4
38007	2
38011	1
38013	1
38016	7
38019	2
38021	1
38024	1
38026	1
38028	1
38032	2
38038	1
38040	5
38048	1
38050	1
38052	2
38059	1
38061	2
38063	1
38064	2
38065	6
38066	1
38069	2
38072	1
38076	1
38080	1
38082	1
38085	2
38098	1
38099	1
38100	7
38101	1
38104	1
38105	1
38109	1
38116	1
38118	1
38120	1
38130	1
38132	3
38134	1
38136	1
38141	1
38144	1
38146	2
38147	2
38148	1
38149	3
38150	2
38151	3
38156	1
38157	1
38158	1
38160	3
38164	2
38165	1
38166	2
38167	1
38170	4
38171	2
38173	2
38181	3
38184	1
38187	1
38189	1
38190	2
38191	1
38192	2
38196	1
38204	2
38205	1
38207	1
38208	3
38209	1
38211	1
38216	1
38219	1
38220	5
38221	1
38222	1
38225	2
38229	1
38230	2
38233	1
38238	1
38241	2
38242	2
38243	2
38244	1
38245	1
38246	1
38248	1
38254	1
38256	1
38260	1
38264	1
38266	1
38269	1
38272	1
38274	1
38276	2
38277	1
38279	1
38280	3
38285	1
38288	2
38294	2
38295	3
38300	2
38303	1
38304	3
38309	1
38312	1
38316	1
38324	2
38325	2
38326	1
38328	1
38335	2
38336	2
38340	1
38344	2
38346	2
38352	2
38353	1
38360	3
38361	1
38363	2
38365	1
38366	1
38367	1
38368	2
38377	1
38381	1
38382	1
38385	2
38388	2
38394	2
38396	1
38399	1
38400	5
38405	1
38408	1
38412	1
38413	1
38414	1
38416	1
38417	1
38420	2
38421	2
38424	1
38426	1
38428	1
38429	1
38432	1
38436	1
38441	1
38448	2
38449	2
38456	1
38461	1
38464	1
38465	3
38466	1
38468	1
38469	1
38485	1
38490	1
38491	1
38493	1
38496	1
38498	1
38500	1
38502	1
38509	1
38512	2
38513	1
38520	2
38524	1
38525	1
38528	5
38529	1
38531	1
38544	3
38548	2
38549	1
38552	1
38556	4
38560	1
38564	1
38565	4
38566	1
38568	2
38570	2
38573	1
38576	1
38580	4
38584	2
38586	1
38589	2
38592	5
38596	2
38600	2
38601	1
38604	1
38605	1
38606	1
38613	1
38614	1
38616	1
38625	3
38626	1
38628	1
38629	1
38634	1
38637	1
38640	5
38644	1
38645	1
38648	1
38650	1
38652	1
38655	1
38658	1
38659	1
38660	4
38661	1
38664	3
38666	1
38669	1
38670	1
38671	1
38672	1
38673	1
38674	1
38676	4
38679	2
38680	2
38696	1
38701	1
38709	2
38710	2
38712	1
38717	1
38724	1
38725	1
38728	1
38733	1
38734	2
38735	1
38736	2
38740	3
38741	1
38744	3
38745	1
38747	2
38749	1
38755	1
38756	1
38758	1
38759	1
38760	2
38764	1
38770	1
38772	1
38773	1
38776	2
38780	2
38781	2
38783	2
38784	5
38789	1
38794	1
38795	2
38796	1
38805	1
38806	1
38808	3
38809	1
38816	2
38820	3
38829	2
38836	2
38837	2
38840	3
38845	1
38849	2
38850	1
38858	1
38860	3
38861	1
38868	1
38870	2
38876	1
38880	10
38883	1
38885	1
38889	1
38891	1
38893	1
38895	1
38896	2
38904	2
38905	1
38907	1
38909	1
38911	2
38912	1
38917	1
38928	1
38931	1
38932	1
38934	1
38936	2
38938	1
38939	2
38940	3
38942	1
38952	1
38960	3
38961	1
38964	1
38965	1
38969	2
38970	1
38975	1
38976	3
38979	1
38980	1
38986	1
38994	1
38995	1
38997	1
39000	3
39008	2
39012	3
39016	1
39017	1
39018	3
39021	2
39024	1
39028	1
39030	1
39031	1
39032	3
39036	2
39037	1
39040	2
39041	1
39045	2
39056	1
39060	6
39063	1
39064	1
39072	1
39080	1
39085	2
39089	1
39091	1
39096	1
39104	2
39105	1
39114	1
39117	1
39120	2
39121	1
39124	1
39136	1
39144	1
39150	1
39152	1
39154	1
39156	1
39157	1
39164	1
39165	1
39168	4
39169	1
39170	1
39178	1
39180	2
39181	1
39186	1
39188	1
39189	1
39190	1
39192	2
39194	1
39197	2
39200	2
39202	1
39204	3
39205	1
39208	1
39209	1
39213	1
39215	1
39216	2
39231	2
39233	1
39236	2
39237	1
39240	3
39241	1
39249	2
39252	1
39254	1
39258	1
39261	1
39264	3
39265	2
39266	1
39268	1
39271	1
39276	1
39277	2
39278	1
39279	1
39280	1
39281	1
39285	4
39288	1
39289	1
39293	1
39294	1
39300	2
39302	1
39303	1
39305	2
39309	1
39312	4
39316	1
39320	1
39325	1
39328	1
39330	1
39336	5
39341	1
39344	2
39345	3
39346	1
39349	3
39356	2
39358	1
39360	4
39362	1
39364	1
39372	2
39375	2
39380	2
39384	1
39385	1
39389	2
39392	1
39394	1
39399	1
39401	2
39405	1
39410	1
39415	1
39420	1
39424	1
39432	3
39437	1
39440	4
39441	1
39445	1
39446	1
39450	1
39452	1
39456	2
39460	2
39461	1
39462	3
39466	2
39468	1
39469	1
39470	1
39472	1
39474	1
39480	5
39485	1
39494	2
39496	1
39501	3
39502	1
39504	2
39508	2
39509	1
39510	1
39514	3
39516	2
39519	2
39520	2
39521	1
39525	3
39527	1
39529	1
39530	1
39535	1
39536	1
39538	1
39540	4
39541	2
39552	4
39555	1
39556	1
39557	1
39559	1
39560	2
39564	3
39565	2
39572	2
39573	1
39575	1
39576	3
39578	1
39581	1
39584	1
39588	1
39591	3
39592	1
39596	1
39597	1
39599	1
39600	4
39602	1
39604	1
39608	1
39609	1
39610	1
39615	1
39616	2
39618	1
39620	2
39621	1
39624	1
39626	1
39628	1
39636	2
39645	2
39648	2
39652	1
39653	1
39655	3
39656	1
39660	2
39663	1
39668	1
39669	1
39670	1
39672	1
39674	3
39675	2
39677	1
39680	6
39681	1
39683	1
39684	1
39685	1
39686	1
39690	3
39696	3
39697	1
39698	1
39700	3
39704	2
39706	1
39713	1
39716	1
39717	2
39720	1
39721	1
39725	1
39726	1
39732	2
39733	1
39735	1
39739	1
39744	4
39746	2
39750	1
39754	1
39757	2
39760	3
39761	2
39768	1
39770	1
39772	1
39774	1
39776	2
39780	2
39788	1
39790	2
39791	1
39792	1
39799	1
39804	1
39808	1
39813	1
39816	1
39817	1
39820	1
39828	1
39830	1
39831	1
39834	1
39839	1
39840	2
39844	2
39856	1
39857	1
39861	1
39864	1
39865	3
39866	1
39867	1
39868	1
39870	1
39875	2
39876	1
39878	1
39879	1
39880	2
39884	2
39885	1
39891	1
39895	1
39899	1
39900	1
39904	2
39911	1
39921	1
39924	1
39925	1
39929	1
39933	2
39936	8
39938	1
39944	1
39952	1
39960	2
39972	1
39978	1
39984	7
39995	1
40000	1
40002	1
40005	4
40010	1
40014	1
40016	1
40020	3
40024	2
40032	4
40034	1
40040	3
40044	1
40045	1
40046	1
40055	1
40060	1
40061	1
40064	1
40068	1
40077	1
40080	1
40088	1
40090	1
40095	1
40096	2
40098	1
40101	2
40104	1
40106	1
40112	1
40115	1
40117	2
40121	2
40122	1
40124	2
40125	1
40128	2
40130	1
40131	1
40132	1
40136	1
40138	1
40140	2
40142	1
40146	1
40152	1
40160	2
40163	2
40165	3
40167	1
40174	1
40176	3
40178	1
40180	2
40181	1
40185	3
40188	1
40194	1
40200	4
40203	2
40205	1
40207	1
40208	3
40216	2
40220	1
40221	1
40222	1
40226	1
40229	2
40230	1
40237	2
40238	1
40240	2
40244	2
40245	1
40248	1
40253	1
40257	2
40260	2
40264	1
40269	1
40272	2
40273	1
40275	1
40276	3
40277	2
40282	1
40284	4
40287	1
40289	1
40292	1
40293	1
40296	3
40302	1
40304	1
40306	1
40309	1
40311	1
40315	1
40316	1
40318	3
40319	1
40320	7
40324	1
40325	1
40329	1
40335	1
40340	1
40341	1
40347	1
40351	1
40352	2
40357	2
40365	6
40368	1
40370	1
40375	1
40376	1
40380	2
40383	1
40385	1
40386	1
40397	2
40401	1
40404	2
40416	1
40418	1
40420	1
40421	1
40425	5
40432	1
40434	1
40439	1
40442	2
40444	1
40445	1
40446	1
40448	2
40451	1
40453	2
40455	1
40457	1
40464	4
40470	1
40472	2
40476	1
40480	4
40485	3
40486	1
40488	1
40490	1
40496	1
40500	5
40505	1
40508	1
40512	2
40522	1
40524	2
40526	1
40527	1
40541	2
40549	2
40550	1
40560	5
40561	1
40562	1
40570	1
40571	1
40572	1
40583	1
40589	1
40592	1
40596	1
40599	1
40600	1
40605	2
40608	4
40620	1
40629	1
40635	1
40636	1
40641	1
40645	3
40656	1
40658	1
40660	2
40661	1
40664	1
40666	1
40668	1
40670	3
40680	2
40683	1
40688	1
40689	1
40691	1
40695	1
40698	4
40700	1
40704	8
40706	1
40715	1
40716	3
40725	1
40733	2
40735	1
40736	1
40740	3
40741	1
40743	1
40747	1
40752	1
40753	1
40760	2
40763	1
40764	1
40765	2
40769	1
40771	1
40781	1
40788	3
40789	1
40790	1
40796	1
40799	1
40800	2
40801	1
40818	1
40820	1
40824	2
40832	2
40836	2
40837	1
40843	1
40845	3
40847	1
40848	2
40850	1
40855	1
40859	1
40860	1
40861	1
40864	4
40869	2
40871	2
40873	1
40875	1
40878	1
40880	3
40884	3
40885	2
40891	1
40896	4
40900	1
40904	1
40905	1
40907	1
40908	3
40909	1
40913	1
40919	2
40920	2
40932	1
40934	1
40936	1
40941	1
40944	2
40948	2
40960	1
40968	1
40977	1
40980	1
40984	1
40985	2
40992	3
40994	1
41003	1
41004	2
41007	1
41013	3
41016	1
41036	1
41040	4
41044	1
41048	1
41060	2
41061	1
41062	1
41069	1
41072	1
41076	1
41085	1
41088	3
41100	1
41109	1
41112	1
41116	1
41125	3
41126	1
41130	2
41136	1
41138	1
41140	2
41144	1
41145	1
41147	1
41148	1
41153	1
41156	1
41160	5
41164	1
41165	1
41168	2
41170	1
41172	1
41184	4
41188	1
41189	3
41192	1
41196	1
41202	1
41208	1
41216	4
41220	2
41225	1
41232	1
41236	1
41240	1
41244	2
41247	1
41249	1
41256	3
41259	1
41260	1
41261	1
41267	1
41271	1
41273	1
41275	1
41276	1
41277	2
41280	11
41282	2
41292	1
41296	1
41300	1
41301	1
41302	1
41304	3
41312	1
41320	2
41325	1
41327	1
41328	1
41331	1
41334	1
41339	1
41340	1
41342	1
41346	1
41349	1
41350	1
41354	1
41355	1
41360	1
41363	1
41364	2
41376	2
41384	1
41388	1
41389	1
41396	1
41397	1
41400	2
41401	1
41403	1
41410	1
41411	1
41412	2
41413	1
41421	1
41423	1
41424	3
41429	1
41430	1
41435	1
41436	2
41440	2
41443	1
41446	1
41454	1
41456	1
41460	3
41461	2
41462	1
41465	1
41468	1
41472	9
41476	1
41480	1
41481	1
41483	1
41484	5
41486	1
41487	1
41489	1
41496	3
41502	1
41509	1
41510	1
41511	1
41517	3
41520	2
41527	1
41535	2
41537	1
41538	1
41541	2
41542	1
41543	1
41544	1
41546	1
41552	1
41555	1
41556	1
41557	2
41565	2
41566	1
41568	4
41572	1
41581	1
41584	3
41589	1
41594	1
41598	1
41600	1
41601	1
41607	1
41608	2
41609	1
41610	1
41616	2
41618	1
41620	3
41629	1
41632	1
41635	1
41638	1
41642	2
41645	2
41652	1
41653	3
41658	1
41664	5
41670	1
41671	1
41672	1
41676	3
41678	1
41680	1
41685	1
41688	1
41689	1
41690	1
41691	1
41696	1
41701	1
41706	1
41710	1
41711	1
41712	1
41716	1
41717	1
41724	1
41736	1
41740	1
41742	1
41748	1
41751	3
41752	1
41757	1
41760	4
41764	1
41768	1
41770	1
41772	1
41775	1
41776	1
41778	1
41791	2
41796	1
41804	1
41808	3
41810	1
41820	5
41823	1
41832	3
41835	1
41839	1
41840	1
41844	2
41845	1
41846	1
41853	1
41856	3
41860	1
41864	1
41877	2
41880	3
41883	1
41885	2
41888	3
41895	2
41903	1
41904	5
41906	1
41920	1
41921	1
41928	1
41931	1
41936	1
41940	1
41942	1
41944	1
41945	1
41951	1
41952	1
41958	1
41960	1
41965	3
41967	2
41972	1
41981	1
41984	1
41985	3
41987	1
41992	1
42000	8
42002	1
42005	3
42008	1
42010	1
42012	1
42016	1
42020	2
42021	1
42024	1
42029	1
42032	1
42035	1
42040	2
42048	2
42050	1
42053	1
42056	1
42061	1
42066	2
42068	1
42069	3
42074	1
42076	1
42077	1
42080	2
42085	1
42086	1
42090	1
42098	1
42104	1
42105	1
42107	1
42109	1
42111	1
42112	2
42120	2
42128	1
42130	1
42132	1
42136	1
42140	1
42141	1
42144	2
42151	1
42152	1
42156	2
42165	3
42166	1
42168	1
42176	2
42180	2
42182	1
42189	3
42192	1
42194	2
42196	1
42203	1
42205	4
42220	1
42224	1
42226	1
42228	5
42232	1
42237	1
42238	1
42240	7
42242	2
42243	1
42245	1
42247	1
42248	1
42251	1
42254	1
42256	7
42264	1
42269	1
42271	2
42275	1
42277	1
42282	1
42285	1
42286	1
42287	1
42288	1
42292	1
42293	1
42300	2
42302	1
42304	1
42305	1
42308	1
42314	1
42315	1
42318	1
42320	3
42324	2
42325	2
42327	1
42335	2
42336	12
42342	1
42344	1
42351	2
42353	1
42356	1
42357	1
42358	1
42360	2
42365	1
42368	2
42369	1
42372	1
42378	1
42381	1
42384	1
42389	1
42395	1
42398	1
42399	1
42400	1
42401	1
42402	1
42404	1
42408	2
42413	2
42420	5
42426	1
42429	1
42432	2
42434	1
42435	2
42437	1
42438	1
42445	1
42447	1
42448	1
42453	1
42456	1
42457	1
42461	1
42464	1
42469	2
42472	1
42479	1
42480	8
42485	2
42491	2
42495	1
42498	1
42500	2
42501	1
42504	2
42509	1
42512	4
42514	1
42516	1
42521	1
42525	3
42528	1
42549	2
42552	1
42553	1
42560	1
42564	1
42565	1
42569	1
42572	2
42579	1
42581	1
42593	1
42594	1
42596	1
42609	1
42613	1
42615	1
42621	1
42624	5
42625	1
42626	1
42629	1
42631	1
42640	1
42642	2
42644	1
42645	1
42656	1
42660	4
42661	1
42665	2
42669	1
42680	2
42681	1
42685	1
42701	1
42704	2
42705	1
42708	1
42715	1
42716	2
42720	4
42725	1
42728	2
42732	1
42735	1
42741	1
42752	1
42770	1
42776	1
42780	1
42782	1
42786	1
42788	1
42792	1
42795	2
42800	3
42803	1
42809	1
42813	1
42816	2
42831	1
42833	1
42837	2
42840	2
42842	1
42843	1
42845	1
42854	1
42864	1
42866	1
42868	1
42869	1
42870	1
42872	1
42875	1
42876	1
42880	3
42883	1
42885	2
42893	1
42895	1
42896	1
42900	1
42908	2
42912	2
42914	1
42918	1
42923	1
42927	1
42928	1
42932	1
42936	1
42941	2
42951	1
42952	3
42957	2
42960	4
42964	3
42973	1
42976	1
42980	1
42983	3
42984	2
42985	1
42987	2
43007	1
43008	3
43010	1
43020	2
43022	1
43029	2
43030	1
43032	3
43034	1
43036	2
43043	2
43056	3
43060	1
43065	1
43067	1
43072	1
43077	1
43079	1
43085	3
43089	1
43092	2
43094	1
43100	1
43110	1
43112	1
43116	1
43117	1
43120	1
43125	1
43127	1
43128	1
43132	1
43136	2
43140	3
43152	1
43164	1
43165	1
43169	1
43170	1
43173	1
43176	5
43179	1
43180	1
43181	1
43185	1
43191	1
43195	1
43200	10
43204	1
43205	1
43210	1
43213	1
43217	2
43230	1
43232	1
43234	1
43240	1
43245	1
43248	1
43253	1
43255	1
43260	1
43263	1
43264	1
43269	1
43280	2
43293	1
43296	2
43298	1
43301	1
43316	2
43320	2
43331	1
43332	2
43335	2
43344	3
43355	2
43360	1
43362	1
43365	9
43368	1
43370	1
43372	1
43375	1
43376	1
43378	1
43380	2
43385	1
43389	1
43392	3
43393	1
43397	1
43398	1
43400	2
43404	2
43405	1
43416	1
43418	1
43428	1
43435	1
43445	1
43447	1
43451	1
43456	1
43461	1
43464	1
43470	2
43485	1
43486	1
43488	4
43496	1
43503	2
43509	1
43512	1
43516	2
43520	3
43524	2
43533	1
43536	4
43540	3
43547	1
43558	1
43560	2
43568	2
43572	2
43578	1
43581	2
43583	1
43584	5
43586	1
43589	1
43592	2
43594	1
43595	1
43596	2
43600	1
43605	2
43613	1
43616	1
43618	1
43622	1
43624	2
43630	1
43632	3
43640	1
43643	2
43645	2
43648	1
43651	1
43656	1
43658	2
43660	2
43667	1
43668	1
43674	1
43677	1
43680	7
43686	1
43692	2
43693	1
43700	5
43701	1
43704	1
43710	1
43711	1
43712	1
43713	1
43719	1
43723	1
43725	1
43727	1
43728	1
43736	1
43740	4
43741	1
43742	1
43755	1
43760	3
43764	2
43776	3
43780	1
43785	1
43788	1
43792	1
43797	1
43799	1
43800	2
43802	2
43809	1
43810	1
43812	1
43820	1
43821	1
43833	1
43840	1
43841	1
43844	1
43845	1
43848	2
43850	1
43853	1
43856	2
43860	1
43871	1
43872	1
43880	1
43884	2
43885	1
43890	1
43895	1
43896	1
43901	1
43904	6
43907	3
43917	1
43918	1
43920	4
43923	1
43924	1
43925	1
43929	1
43932	2
43935	2
43940	2
43941	1
43953	1
43960	1
43965	1
43968	2
43972	2
43973	1
43980	5
43981	2
43983	1
43989	1
43996	1
44005	1
44007	1
44016	1
44018	1
44020	2
44028	1
44036	1
44037	1
44045	1
44051	1
44064	4
44076	1
44078	1
44079	1
44080	1
44085	3
44091	2
44096	1
44100	5
44109	1
44114	2
44117	1
44121	1
44124	1
44128	4
44129	1
44132	1
44135	2
44144	1
44148	1
44149	1
44151	1
44158	1
44160	8
44163	2
44165	2
44171	1
44172	5
44173	1
44175	1
44176	1
44177	1
44179	1
44180	1
44184	2
44187	1
44190	1
44198	3
44199	1
44200	2
44205	1
44208	2
44213	1
44220	1
44221	1
44222	2
44226	1
44230	1
44237	1
44240	3
44244	2
44247	1
44251	1
44252	1
44253	1
44254	1
44255	1
44256	3
44259	2
44261	1
44268	1
44270	1
44271	1
44274	1
44278	1
44280	2
44282	1
44285	2
44292	1
44296	1
44297	1
44309	1
44312	1
44319	2
44322	1
44325	3
44328	1
44330	1
44336	1
44340	4
44342	1
44343	1
44345	1
44351	1
44352	6
44357	1
44360	1
44361	1
44363	1
44365	1
44370	2
44373	1
44376	2
44382	2
44390	1
44394	1
44397	1
44400	3
44404	1
44408	1
44420	2
44423	1
44424	2
44428	1
44429	1
44432	3
44433	1
44436	1
44439	1
44440	1
44441	1
44448	4
44451	1
44455	1
44456	1
44469	1
44471	1
44478	2
44480	3
44483	1
44485	2
44487	1
44492	1
44493	2
44496	2
44500	1
44501	2
44504	1
44511	2
44513	1
44514	1
44516	1
44520	4
44525	1
44526	1
44528	1
44540	1
44541	1
44543	1
44547	1
44552	1
44555	1
44556	2
44573	1
44574	1
44576	1
44584	1
44589	1
44600	1
44604	2
44605	1
44616	1
44618	1
44620	1
44621	1
44625	4
44628	1
44640	5
44642	1
44645	1
44648	2
44654	1
44658	1
44660	1
44672	1
44676	1
44679	1
44680	1
44685	2
44688	4
44693	1
44699	1
44700	1
44702	1
44704	1
44705	1
44706	1
44710	1
44712	2
44714	1
44716	1
44717	1
44719	1
44720	3
44725	1
44727	2
44732	1
44736	3
44740	1
44741	1
44744	3
44747	1
44750	1
44752	1
44754	1
44756	1
44759	1
44765	3
44766	1
44772	1
44776	1
44779	1
44781	1
44792	1
44795	1
44796	2
44797	1
44800	3
44802	1
44805	2
44807	1
44808	1
44811	1
44812	1
44813	1
44814	2
44815	1
44816	1
44819	1
44820	2
44821	1
44829	1
44830	1
44832	1
44835	4
44837	2
44840	1
44844	3
44855	1
44856	1
44863	1
44864	1
44865	1
44867	1
44870	1
44871	1
44873	2
44880	3
44882	1
44884	1
44885	1
44891	1
44893	2
44897	1
44900	1
44903	2
44915	1
44916	1
44917	1
44919	1
44927	1
44928	2
44931	1
44933	3
44936	1
44937	2
44950	1
44954	1
44955	1
44956	1
44960	1
44964	1
44965	3
44968	1
44975	1
44976	2
44980	1
44984	1
44985	1
44986	1
44987	1
44995	1
45000	4
45008	2
45012	1
45018	1
45021	2
45024	1
45029	1
45030	1
45033	1
45035	1
45036	3
45044	1
45045	4
45047	1
45048	1
45051	1
45054	1
45056	3
45060	1
45063	1
45072	2
45078	1
45080	10
45084	2
45099	1
45108	3
45110	1
45112	1
45113	1
45117	1
45120	6
45125	1
45129	1
45132	1
45136	1
45141	1
45144	1
45149	1
45157	1
45160	2
45165	1
45168	1
45180	1
45185	2
45189	1
45200	7
45210	3
45215	1
45216	3
45220	1
45221	1
45224	2
45237	1
45245	2
45248	2
45251	1
45252	1
45255	1
45256	1
45260	1
45261	2
45267	1
45275	1
45276	2
45288	2
45297	2
45300	3
45302	2
45310	1
45312	4
45315	1
45317	1
45318	2
45320	4
45324	1
45325	2
45327	1
45339	1
45346	2
45353	2
45357	1
45360	9
45362	1
45369	1
45372	2
45373	1
45374	3
45376	1
45378	1
45381	1
45387	1
45388	1
45389	4
45392	1
45396	2
45420	1
45425	2
45428	1
45432	1
45436	1
45440	3
45444	1
45445	1
45447	1
45453	1
45460	2
45464	1
45465	1
45466	1
45467	1
45472	1
45477	2
45478	3
45480	2
45485	5
45492	1
45493	2
45500	3
45501	1
45503	1
45504	6
45510	1
45512	1
45513	1
45516	1
45518	2
45521	1
45525	1
45526	1
45527	1
45528	1
45540	1
45541	1
45551	2
45555	1
45557	1
45560	1
45565	2
45572	2
45573	1
45574	1
45575	1
45581	2
45584	3
45585	1
45588	1
45589	1
45592	1
45597	1
45600	4
45603	1
45605	1
45612	1
45614	1
45619	1
45623	1
45624	2
45629	2
45630	2
45636	1
45647	1
45648	1
45652	1
45660	1
45662	1
45668	4
45671	1
45675	1
45677	4
45680	1
45684	2
45690	1
45693	2
45695	2
45696	7
45701	1
45706	1
45710	1
45711	1
45716	2
45717	2
45720	1
45723	1
45737	1
45739	1
45740	2
45744	2
45747	1
45749	1
45752	2
45754	1
45756	1
45757	1
45760	2
45765	1
45767	2
45780	3
45782	1
45789	1
45792	3
45794	2
45805	2
45810	2
45812	2
45815	1
45816	1
45822	1
45824	1
45833	1
45837	2
45839	1
45840	3
45848	1
45860	1
45864	3
45869	1
45874	1
45879	1
45880	1
45883	1
45885	4
45888	1
45896	1
45899	1
45900	2
45909	1
45920	4
45924	1
45925	1
45927	2
45933	1
45936	4
45938	2
45951	1
45953	1
45960	1
45965	2
45981	1
45984	2
45996	1
46000	3
46002	1
46004	1
46011	1
46020	1
46023	1
46025	1
46029	1
46035	2
46037	1
46044	1
46045	1
46046	1
46052	1
46053	2
46060	1
46061	1
46068	1
46069	2
46077	1
46080	7
46085	3
46092	1
46093	1
46098	1
46104	2
46106	1
46107	2
46110	1
46112	1
46116	3
46122	1
46125	2
46128	1
46135	1
46139	1
46140	3
46144	1
46145	1
46148	1
46149	1
46151	1
46152	2
46154	1
46155	1
46156	1
46158	1
46160	1
46164	2
46165	3
46169	1
46173	1
46175	1
46176	3
46180	1
46196	1
46200	2
46203	1
46204	1
46215	1
46216	2
46220	1
46224	2
46228	1
46230	1
46242	1
46245	1
46256	1
46262	1
46264	1
46265	1
46270	2
46274	1
46275	1
46280	2
46284	1
46286	1
46293	2
46298	1
46302	1
46305	2
46308	1
46317	1
46320	3
46325	3
46332	1
46333	1
46341	1
46343	1
46344	1
46346	1
46355	1
46360	1
46365	2
46366	2
46368	2
46373	1
46376	1
46380	2
46382	1
46386	2
46388	2
46389	1
46395	1
46398	1
46400	1
46404	1
46407	1
46415	1
46416	1
46418	1
46421	2
46424	2
46429	1
46436	1
46443	1
46445	1
46448	1
46453	1
46455	1
46464	1
46476	3
46479	1
46480	2
46487	1
46493	1
46496	1
46498	1
46500	3
46503	1
46509	1
46512	2
46520	1
46525	1
46527	1
46529	2
46533	1
46536	3
46540	1
46541	1
46544	2
46545	1
46557	1
46559	1
46560	2
46562	1
46563	1
46564	1
46565	1
46567	1
46572	2
46573	1
46574	1
46590	1
46592	1
46599	1
46600	1
46601	2
46603	1
46605	1
46608	2
46616	1
46619	1
46620	1
46621	1
46622	1
46624	1
46629	1
46636	2
46637	1
46638	1
46640	2
46644	2
46647	1
46648	1
46651	1
46653	1
46656	5
46658	2
46661	1
46664	2
46669	1
46672	1
46673	1
46679	1
46680	1
46682	3
46685	2
46688	2
46701	4
46704	1
46709	1
46716	1
46720	1
46725	3
46728	2
46729	1
46730	3
46734	1
46735	1
46736	1
46751	1
46753	1
46760	2
46761	1
46764	2
46773	2
46776	2
46778	1
46779	1
46781	1
46782	1
46784	2
46785	1
46788	1
46795	1
46800	7
46801	1
46805	3
46806	1
46811	2
46816	1
46817	1
46820	3
46827	1
46830	1
46835	1
46836	2
46842	2
46844	1
46845	4
46850	1
46851	2
46860	3
46865	2
46866	1
46870	1
46872	2
46874	1
46876	1
46879	1
46880	3
46885	3
46887	1
46890	1
46893	3
46896	2
46900	2
46901	1
46916	1
46920	2
46925	1
46927	1
46928	2
46932	1
46939	1
46943	1
46944	2
46948	1
46949	2
46953	1
46956	1
46964	2
46968	1
46970	1
46976	2
46980	4
46989	2
46996	1
47000	2
47004	2
47005	2
47006	1
47012	1
47013	1
47024	1
47025	1
47027	2
47040	15
47045	2
47058	3
47060	3
47061	2
47063	1
47066	1
47069	1
47070	1
47080	1
47082	1
47088	1
47093	1
47096	1
47100	1
47104	1
47108	2
47117	2
47123	1
47128	1
47138	1
47144	2
47145	2
47146	1
47156	1
47160	1
47168	1
47184	2
47196	3
47201	1
47205	1
47211	1
47215	1
47216	2
47220	1
47222	1
47224	2
47230	1
47241	1
47245	1
47250	1
47254	1
47256	1
47262	1
47265	2
47277	1
47280	3
47282	1
47285	4
47288	1
47300	3
47301	1
47304	2
47305	1
47311	1
47315	2
47317	1
47322	1
47325	1
47333	1
47334	1
47340	2
47341	2
47344	1
47345	1
47349	3
47350	1
47352	1
47357	3
47360	4
47373	1
47376	5
47378	1
47384	1
47387	2
47392	1
47400	1
47402	1
47403	1
47404	1
47405	3
47413	1
47420	1
47421	2
47424	1
47425	1
47429	2
47433	2
47435	1
47436	2
47437	1
47439	1
47444	1
47445	2
47447	1
47460	2
47461	2
47464	2
47474	1
47477	1
47481	1
47488	1
47492	1
47496	1
47502	2
47504	2
47514	1
47515	1
47518	1
47520	7
47522	1
47524	2
47525	2
47528	2
47531	1
47532	1
47535	1
47538	3
47544	1
47545	1
47549	1
47552	4
47556	2
47560	1
47565	5
47568	1
47569	1
47580	1
47581	1
47588	1
47589	1
47591	1
47597	1
47600	2
47604	1
47616	2
47619	1
47621	1
47625	1
47627	1
47629	3
47630	1
47636	1
47644	1
47645	1
47647	1
47648	1
47653	1
47655	1
47656	2
47664	3
47667	1
47669	1
47672	1
47677	1
47679	1
47680	2
47685	1
47688	1
47696	2
47699	1
47700	2
47701	1
47705	2
47706	1
47711	1
47713	1
47716	1
47717	2
47718	1
47720	1
47723	1
47724	1
47725	2
47728	1
47735	1
47736	1
47740	1
47742	1
47744	1
47752	1
47756	1
47762	1
47765	2
47774	1
47775	1
47776	2
47786	2
47794	1
47796	1
47804	2
47805	1
47807	1
47808	2
47810	1
47813	1
47816	2
47819	2
47821	1
47825	2
47837	1
47840	1
47841	1
47844	1
47845	1
47851	1
47853	1
47855	1
47856	1
47858	1
47859	1
47864	1
47868	2
47880	7
47892	1
47900	1
47903	1
47915	1
47916	2
47919	1
47920	1
47924	1
47925	2
47930	1
47933	2
47940	1
47951	2
47952	2
47954	1
47960	1
47970	1
47976	1
47978	1
47979	1
47986	1
47994	1
47999	1
48000	5
48008	1
48010	1
48012	2
48013	1
48018	1
48020	5
48024	4
48025	1
48027	2
48029	1
48035	1
48041	2
48045	2
48055	1
48060	1
48068	1
48070	1
48074	1
48076	1
48080	3
48083	1
48084	2
48085	2
48093	1
48100	1
48104	1
48108	1
48109	1
48111	2
48112	1
48120	3
48125	4
48128	1
48132	3
48133	1
48135	2
48140	1
48144	2
48150	1
48158	1
48160	1
48165	1
48166	1
48168	2
48172	1
48173	1
48174	1
48176	1
48180	1
48181	1
48183	1
48189	1
48192	2
48195	1
48200	1
48203	2
48204	1
48209	1
48212	1
48216	1
48224	3
48232	1
48238	1
48240	2
48243	1
48245	1
48258	1
48260	1
48263	1
48264	1
48276	2
48280	1
48284	1
48285	1
48286	1
48296	1
48300	4
48304	1
48309	1
48315	1
48320	1
48323	2
48328	1
48329	1
48339	2
48341	1
48342	1
48344	1
48347	1
48348	1
48357	1
48360	1
48365	2
48370	1
48371	1
48379	1
48384	10
48389	1
48390	1
48392	1
48396	1
48397	1
48398	1
48399	1
48400	2
48404	1
48416	1
48425	1
48429	1
48435	1
48443	1
48444	2
48445	1
48456	3
48459	2
48462	1
48464	2
48480	1
48483	1
48485	3
48500	1
48503	1
48504	1
48508	1
48509	1
48510	2
48512	1
48515	1
48516	2
48524	2
48525	2
48528	1
48536	1
48538	1
48540	3
48544	2
48545	1
48552	3
48560	1
48562	1
48567	1
48568	1
48570	1
48573	3
48576	3
48581	2
48584	1
48595	1
48604	1
48605	1
48608	1
48609	1
48615	1
48624	1
48627	1
48629	2
48630	1
48634	1
48636	1
48639	1
48641	1
48645	1
48647	1
48655	1
48656	5
48660	4
48662	1
48663	1
48664	1
48669	1
48675	1
48680	1
48687	1
48691	1
48692	2
48693	1
48696	2
48699	1
48700	1
48701	2
48704	1
48705	1
48708	1
48711	1
48716	1
48720	5
48724	1
48727	1
48732	1
48733	1
48735	1
48736	1
48740	2
48741	1
48743	1
48744	2
48746	1
48749	2
48752	1
48753	1
48756	3
48760	1
48762	1
48765	2
48768	1
48772	1
48775	1
48776	1
48777	1
48779	1
48780	3
48783	1
48784	2
48791	1
48794	2
48797	2
48800	6
48803	1
48804	2
48816	5
48818	1
48821	1
48825	1
48831	1
48832	3
48840	5
48841	1
48845	3
48848	2
48850	1
48854	1
48858	1
48859	1
48860	1
48861	1
48864	1
48867	2
48872	1
48876	3
48877	1
48878	1
48880	2
48885	1
48887	1
48888	2
48892	1
48896	3
48902	1
48904	1
48906	1
48909	2
48920	1
48925	3
48928	1
48934	1
48936	1
48938	2
48940	1
48944	5
48947	1
48948	1
48949	3
48950	1
48951	2
48956	1
48960	9
48965	5
48972	2
48974	1
48977	1
48986	1
48996	1
48997	1
48998	1
49000	3
49001	1
49011	1
49016	1
49020	1
49021	1
49022	1
49023	1
49024	1
49026	1
49028	2
49032	2
49040	1
49041	1
49055	2
49056	3
49059	1
49060	1
49061	2
49064	2
49074	1
49077	1
49088	1
49092	2
49101	1
49103	1
49106	2
49111	2
49112	2
49116	1
49119	1
49120	1
49123	1
49124	1
49125	2
49126	2
49130	1
49133	2
49140	5
49142	1
49143	2
49151	1
49152	1
49160	1
49164	2
49165	1
49167	1
49170	1
49176	2
49184	4
49185	1
49189	1
49199	1
49200	3
49203	1
49215	1
49216	1
49217	1
49220	1
49221	2
49224	2
49225	1
49230	2
49235	1
49236	1
49238	1
49239	1
49245	2
49250	1
49256	1
49257	1
49259	1
49260	2
49262	1
49265	1
49266	1
49269	1
49280	3
49283	1
49285	1
49288	1
49291	1
49292	3
49293	3
49296	2
49300	2
49322	2
49325	1
49332	1
49335	1
49343	2
49344	2
49352	1
49356	1
49357	1
49360	3
49364	1
49365	1
49375	1
49380	2
49381	1
49385	1
49386	1
49388	1
49392	2
49398	1
49400	3
49401	1
49403	1
49404	2
49405	1
49406	1
49407	1
49408	2
49418	1
49420	1
49421	3
49424	2
49431	1
49436	1
49437	2
49442	1
49445	2
49454	1
49455	1
49456	1
49460	4
49464	1
49467	1
49469	3
49472	1
49477	1
49480	1
49481	1
49485	2
49487	1
49490	1
49493	1
49500	1
49501	1
49502	1
49503	1
49504	2
49508	1
49509	1
49511	1
49516	1
49517	2
49518	1
49519	2
49520	1
49522	1
49523	2
49524	1
49525	3
49526	1
49533	1
49534	1
49536	4
49538	1
49539	1
49541	2
49544	1
49545	1
49549	1
49550	1
49552	1
49553	2
49556	1
49557	1
49559	1
49560	3
49563	2
49565	1
49572	2
49576	1
49580	1
49581	1
49586	1
49595	2
49596	1
49599	1
49605	3
49608	1
49609	1
49610	1
49616	1
49619	1
49620	1
49623	1
49632	6
49635	1
49636	1
49637	1
49643	1
49644	2
49645	1
49656	1
49657	1
49662	1
49664	1
49667	1
49670	1
49676	1
49680	3
49682	1
49684	1
49685	3
49686	1
49687	1
49688	1
49694	1
49697	1
49698	1
49700	3
49701	2
49704	2
49706	1
49714	1
49715	1
49720	1
49725	1
49728	4
49733	2
49735	2
49736	2
49740	1
49756	1
49760	2
49767	1
49776	3
49779	3
49784	1
49785	2
49789	1
49796	1
49800	6
49805	3
49811	1
49816	2
49817	1
49829	2
49836	1
49840	1
49841	1
49845	1
49847	1
49848	1
49860	3
49864	1
49866	1
49868	1
49869	1
49871	1
49874	1
49875	2
49878	1
49884	1
49885	1
49887	1
49896	2
49901	2
49902	1
49904	1
49910	2
49913	1
49920	12
49922	1
49925	1
49930	2
49933	1
49936	1
49940	7
49943	1
49944	2
49952	1
49954	1
49956	1
49959	1
49960	4
49962	1
49965	3
49966	1
49970	1
49971	1
49973	2
49974	1
49976	2
49980	7
49984	1
49992	1
50000	5
50004	1
50008	1
50009	1
50014	1
50020	1
50021	2
50022	1
50024	2
50025	1
50029	2
50030	1
50033	1
50036	1
50042	1
50044	3
50045	3
50048	1
50051	1
50055	1
50056	1
50057	1
50058	1
50060	1
50064	2
50067	1
50069	1
50076	3
50080	1
50085	1
50100	1
50105	1
50106	1
50109	2
50112	2
50115	1
50117	1
50120	4
50124	1
50125	1
50128	1
50134	1
50136	4
50139	1
50141	1
50142	1
50144	1
50148	1
50156	1
50167	1
50168	1
50170	3
50172	2
50173	1
50176	2
50178	1
50181	1
50193	1
50201	1
50204	1
50205	2
50217	1
50218	1
50219	1
50225	2
50230	1
50234	1
50237	4
50240	1
50242	1
50244	1
50253	1
50256	2
50260	3
50261	1
50271	1
50278	1
50283	1
50285	2
50296	1
50301	1
50304	5
50307	1
50310	1
50311	1
50312	1
50315	3
50316	1
50319	1
50320	1
50326	1
50328	2
50329	1
50333	1
50340	1
50342	1
50343	2
50344	1
50352	1
50357	2
50360	2
50364	2
50365	1
50370	1
50372	1
50380	1
50381	2
50384	4
50387	1
50388	3
50392	1
50393	1
50394	1
50400	6
50405	1
50407	1
50408	1
50420	7
50421	2
50423	1
50430	1
50431	1
50432	1
50435	1
50440	1
50445	1
50446	1
50456	3
50459	1
50460	3
50462	2
50464	1
50470	1
50472	3
50474	1
50477	1
50483	1
50484	1
50486	1
50490	1
50498	1
50499	1
50504	1
50510	1
50512	1
50520	1
50524	1
50525	1
50528	1
50533	1
50534	1
50535	1
50542	1
50544	6
50549	1
50551	1
50554	1
50556	2
50559	1
50560	1
50561	2
50564	1
50565	1
50568	1
50573	3
50576	2
50579	2
50582	1
50585	1
50592	1
50596	2
50600	1
50602	1
50604	4
50609	1
50613	1
50615	1
50616	1
50620	1
50621	2
50623	1
50624	4
50625	2
50631	2
50632	2
50633	1
50640	1
50645	3
50666	1
50669	2
50672	2
50673	1
50675	1
50678	1
50680	1
50681	1
50685	1
50688	5
50692	1
50700	4
50702	1
50706	2
50709	1
50712	2
50720	3
50725	2
50726	1
50736	1
50738	1
50741	2
50746	1
50749	1
50750	1
50752	1
50757	1
50760	3
50761	2
50764	2
50772	1
50775	2
50781	1
50784	4
50785	1
50786	1
50789	2
50792	1
50799	1
50800	1
50805	1
50808	1
50810	2
50813	1
50815	1
50817	1
50818	1
50820	1
50821	1
50822	1
50824	1
50825	2
50826	1
50828	1
50829	1
50832	1
50834	1
50837	1
50840	1
50845	2
50849	1
50850	1
50856	3
50864	3
50869	2
50877	2
50880	3
50885	2
50890	1
50901	1
50904	3
50910	1
50912	1
50913	1
50916	1
50920	1
50924	1
50925	3
50928	1
50936	2
50939	2
50940	1
50941	1
50949	1
50955	1
50960	6
50964	3
50965	1
50976	3
50978	1
50979	1
50980	1
50981	1
50982	1
50984	1
50988	1
50991	1
50993	1
50996	1
50999	1
51000	2
51008	1
51020	1
51024	3
51028	1
51029	1
51034	1
51036	1
51041	2
51042	1
51048	1
51049	1
51056	1
51057	1
51060	3
51064	1
51066	1
51069	1
51072	6
51080	2
51084	2
51085	1
51087	1
51090	1
51094	2
51096	1
51108	2
51109	1
51111	1
51120	2
51124	1
51125	2
51131	1
51133	1
51135	2
51136	2
51139	1
51141	1
51144	2
51148	1
51149	1
51152	1
51155	1
51164	1
51168	1
51180	2
51184	2
51186	1
51189	2
51190	1
51197	1
51198	1
51199	1
51200	7
51203	2
51204	4
51210	1
51214	1
51216	2
51219	1
51220	1
51221	1
51233	1
51239	3
51240	1
51243	2
51248	1
51249	1
51256	2
51260	1
51261	2
51263	1
51264	4
51266	1
51269	2
51270	1
51272	1
51276	3
51280	2
51282	1
51285	1
51290	1
51296	1
51300	5
51303	1
51304	1
51309	1
51310	1
51312	1
51322	1
51324	1
51325	2
51328	1
51330	1
51332	1
51333	1
51336	1
51340	1
51341	2
51344	2
51347	1
51354	1
51356	1
51357	1
51359	2
51360	1
51365	2
51367	1
51371	1
51372	1
51375	1
51376	1
51378	2
51380	1
51381	3
51383	1
51384	1
51396	1
51400	1
51402	1
51405	1
51408	2
51409	1
51410	1
51414	1
51420	2
51425	1
51429	1
51434	1
51439	1
51443	1
51444	3
51445	3
51448	2
51449	1
51450	1
51451	2
51453	1
51456	3
51464	2
51465	1
51468	1
51469	1
51476	2
51477	1
51479	1
51480	2
51482	1
51485	2
51488	2
51492	1
51496	2
51504	1
51512	2
51516	1
51520	2
51528	1
51533	1
51536	2
51540	2
51543	1
51545	1
51546	1
51552	1
51557	1
51560	3
51565	2
51567	1
51574	1
51576	3
51581	2
51584	1
51589	2
51592	2
51598	1
51599	1
51603	2
51608	1
51610	1
51612	4
51620	1
51621	3
51627	1
51632	2
51634	1
51635	1
51637	1
51640	4
51641	1
51644	1
51645	3
51653	1
51660	1
51668	1
51674	1
51676	1
51677	1
51680	4
51695	1
51696	2
51700	3
51701	3
51706	1
51718	1
51719	1
51720	1
51735	1
51736	1
51744	1
51746	1
51747	1
51752	1
51754	1
51756	3
51758	1
51760	1
51765	4
51770	1
51773	2
51782	1
51783	1
51784	1
51785	2
51797	1
51800	3
51804	1
51805	1
51813	1
51816	1
51824	1
51825	1
51829	1
51833	1
51835	1
51837	2
51840	7
51842	2
51847	1
51848	1
51852	1
51856	2
51861	1
51862	1
51864	2
51866	1
51869	1
51875	2
51880	1
51881	2
51884	1
51887	1
51891	1
51903	1
51904	1
51905	1
51914	1
51917	1
51920	2
51925	2
51928	1
51935	1
51940	1
51941	1
51942	1
51947	1
51948	2
51957	1
51965	2
51968	4
51970	1
51975	2
51981	2
51984	2
51985	1
51987	1
51995	3
51997	2
52000	8
52002	1
52003	1
52005	2
52008	4
52011	1
52013	1
52016	1
52020	4
52021	1
52024	1
52025	2
52029	1
52031	1
52032	2
52034	1
52035	1
52037	1
52040	1
52043	1
52044	2
52045	2
52048	2
52049	1
52053	1
52054	1
52060	1
52069	1
52072	1
52074	1
52080	6
52085	3
52092	2
52094	1
52098	1
52104	1
52114	1
52115	2
52125	4
52128	2
52133	2
52136	2
52140	2
52141	1
52145	2
52148	1
52151	1
52152	2
52160	2
52162	1
52164	4
52165	2
52171	1
52181	1
52184	1
52188	1
52190	1
52194	1
52196	1
52199	3
52200	2
52202	1
52206	1
52210	1
52211	1
52214	1
52215	1
52216	2
52218	1
52221	1
52224	8
52227	1
52229	1
52230	1
52236	1
52237	1
52240	3
52242	1
52245	2
52248	1
52249	1
52250	1
52252	1
52260	4
52261	3
52262	1
52264	2
52266	1
52269	1
52270	1
52271	1
52272	2
52273	2
52275	1
52277	2
52281	1
52283	1
52284	4
52285	2
52287	1
52292	1
52300	3
52301	1
52304	3
52311	2
52312	1
52320	3
52322	2
52325	7
52328	2
52334	1
52335	1
52341	2
52343	1
52344	2
52349	3
52350	1
52352	1
52355	1
52356	1
52357	1
52360	4
52361	1
52365	1
52367	2
52371	2
52374	2
52379	1
52381	2
52382	1
52384	1
52385	2
52388	3
52390	2
52394	1
52395	1
52400	1
52403	1
52404	1
52405	1
52409	1
52410	1
52414	1
52415	1
52416	7
52418	2
52420	2
52422	1
52428	4
52431	1
52443	1
52445	2
52450	1
52455	1
52461	1
52464	1
52470	1
52474	1
52476	1
52477	1
52479	1
52482	1
52484	1
52485	3
52488	1
52493	1
52496	4
52500	7
52504	2
52510	1
52511	1
52512	3
52514	1
52517	1
52520	2
52525	2
52532	1
52535	3
52536	1
52541	1
52542	1
52544	2
52547	1
52555	2
52560	3
52562	2
52565	2
52571	1
52580	1
52582	1
52584	1
52585	1
52587	1
52595	1
52596	2
52597	1
52600	3
52605	1
52606	1
52608	1
52611	1
52616	2
52619	1
52620	1
52624	1
52625	1
52626	1
52629	1
52632	1
52635	1
52636	1
52638	1
52640	3
52645	2
52652	1
52660	2
52664	1
52666	1
52667	1
52670	2
52671	1
52672	1
52674	1
52678	1
52680	3
52681	1
52685	2
52688	1
52689	2
52690	1
52693	1
52703	1
52704	4
52709	1
52712	3
52715	1
52716	2
52724	1
52725	1
52735	1
52736	1
52739	2
52740	2
52741	1
52745	1
52749	1
52752	2
52754	1
52758	1
52762	2
52765	2
52767	1
52770	1
52772	1
52775	1
52776	1
52778	1
52784	2
52788	1
52789	1
52796	1
52800	7
52805	1
52808	1
52812	1
52815	2
52816	1
52818	1
52820	1
52822	1
52824	1
52826	1
52829	1
52836	1
52838	1
52840	2
52842	1
52848	2
52851	1
52859	2
52860	1
52862	1
52864	1
52865	2
52868	1
52869	1
52877	1
52885	4
52890	1
52896	2
52899	1
52904	2
52906	1
52909	3
52913	1
52919	2
52920	3
52925	2
52927	1
52928	2
52930	1
52932	1
52934	2
52935	1
52936	2
52937	1
52942	1
52947	1
52948	2
52949	1
52951	1
52965	1
52970	1
52971	1
52972	1
52973	1
52976	3
52979	1
52982	1
52984	1
52990	1
52991	1
52992	4
52993	1
52997	1
53004	1
53005	1
53006	1
53016	1
53019	1
53024	1
53025	1
53027	1
53031	1
53032	2
53039	1
53040	2
53043	1
53045	3
53050	2
53055	2
53056	3
53058	1
53061	1
53063	2
53072	1
53074	1
53075	1
53076	2
53078	1
53079	1
53080	1
53082	1
53085	4
53090	1
53091	1
53093	1
53099	1
53101	1
53102	1
53105	3
53108	1
53111	1
53115	1
53120	1
53123	1
53124	3
53125	3
53130	1
53136	6
53139	1
53141	1
53144	1
53148	1
53156	2
53160	3
53163	1
53165	5
53166	1
53172	1
53173	2
53174	1
53176	4
53181	1
53184	3
53189	2
53196	1
53200	2
53201	1
53207	1
53208	1
53218	1
53221	1
53229	2
53230	1
53234	1
53237	1
53238	1
53239	1
53240	1
53245	1
53248	1
53249	1
53256	3
53258	1
53261	1
53262	1
53264	1
53265	1
53270	1
53273	1
53275	1
53278	1
53280	2
53282	1
53285	1
53291	1
53292	1
53293	1
53296	2
53300	2
53302	1
53303	1
53304	1
53306	1
53308	1
53311	1
53312	5
53316	1
53317	1
53320	2
53325	2
53328	3
53331	1
53332	1
53333	1
53339	1
53340	2
53341	1
53344	1
53346	1
53351	1
53356	1
53357	1
53360	6
53362	1
53364	1
53375	1
53376	4
53378	1
53379	2
53380	2
53382	1
53384	1
53388	1
53396	3
53400	1
53411	2
53412	1
53413	1
53414	1
53420	1
53423	1
53424	5
53425	1
53440	1
53445	1
53450	1
53451	1
53459	2
53460	1
53461	2
53464	1
53465	1
53466	1
53471	1
53472	1
53475	1
53476	2
53479	1
53480	1
53484	1
53485	2
53487	1
53488	1
53489	2
53491	1
53493	1
53495	1
53496	1
53500	1
53507	1
53508	1
53512	1
53513	2
53517	1
53520	2
53524	1
53525	1
53530	1
53531	1
53535	1
53536	1
53540	1
53541	1
53544	1
53546	1
53549	6
53552	2
53555	2
53560	2
53565	1
53568	4
53573	1
53584	2
53589	1
53590	1
53591	1
53592	2
53595	1
53596	1
53597	2
53600	1
53604	2
53605	1
53607	1
53610	1
53615	1
53620	2
53621	1
53624	1
53627	3
53631	1
53632	1
53640	1
53645	2
53648	1
53652	1
53654	1
53661	1
53664	3
53668	1
53669	3
53676	1
53679	2
53680	1
53687	1
53696	1
53700	2
53701	1
53704	1
53705	1
53706	1
53709	1
53710	1
53711	1
53712	2
53715	2
53716	2
53720	2
53723	1
53724	1
53732	1
53735	1
53736	1
53739	1
53740	1
53742	1
53745	1
53749	1
53759	2
53760	5
53765	2
53768	2
53774	1
53784	1
53788	1
53789	1
53796	1
53802	1
53804	1
53808	2
53814	2
53820	3
53824	2
53825	1
53830	2
53835	1
53836	1
53837	1
53840	4
53843	1
53847	1
53851	1
53856	2
53861	1
53864	1
53865	1
53871	1
53872	1
53879	1
53880	2
53884	2
53885	1
53891	2
53892	1
53896	1
53903	1
53904	1
53909	1
53914	1
53915	1
53916	3
53917	1
53919	1
53925	2
53927	1
53932	1
53940	4
53941	1
53944	2
53952	1
53956	1
53958	1
53960	3
53963	1
53965	2
53969	3
53973	1
53976	1
53984	2
53985	1
53989	1
53991	4
53992	1
53994	1
53998	1
53999	1
54000	5
54004	1
54005	3
54006	1
54008	1
54016	2
54021	1
54024	1
54026	2
54027	3
54032	2
54036	1
54040	2
54041	1
54042	1
54045	1
54048	1
54052	1
54056	2
54060	6
54061	2
54072	1
54073	1
54075	1
54077	1
54080	1
54083	1
54084	1
54085	1
54087	1
54088	1
54096	4
54098	1
54099	3
54100	1
54101	2
54104	1
54108	1
54112	1
54115	1
54116	1
54117	1
54119	1
54124	3
54125	2
54128	3
54129	1
54130	1
54136	1
54143	1
54144	5
54149	1
54152	1
54154	1
54155	1
54156	1
54160	2
54165	1
54170	1
54172	1
54173	3
54176	1
54180	1
54183	1
54185	1
54186	1
54189	1
54190	1
54191	1
54192	1
54194	1
54195	1
54196	1
54200	1
54203	1
54205	1
54211	2
54215	1
54216	5
54221	1
54222	1
54224	3
54228	2
54231	1
54236	1
54237	2
54240	4
54241	1
54243	1
54244	1
54264	2
54269	1
54273	1
54276	3
54279	1
54280	1
54285	3
54288	4
54289	1
54290	1
54291	1
54292	1
54293	2
54299	1
54300	2
54314	1
54316	1
54317	1
54320	5
54327	2
54330	1
54332	1
54341	2
54344	1
54346	2
54348	1
54349	2
54351	1
54360	1
54365	2
54368	1
54371	1
54374	1
54376	2
54385	1
54387	1
54389	1
54391	1
54392	1
54399	1
54400	1
54404	3
54405	1
54407	1
54413	1
54416	2
54418	1
54419	1
54420	1
54421	1
54423	1
54432	7
54435	1
54439	1
54443	2
54448	1
54453	1
54454	1
54455	2
54456	2
54458	2
54459	1
54461	2
54462	1
54464	1
54466	1
54467	1
54468	2
54480	1
54484	1
54485	2
54488	2
54491	1
54492	1
54500	2
54503	1
54506	2
54507	1
54509	1
54512	2
54515	2
54517	1
54520	3
54525	2
54528	2
54530	1
54533	2
54540	6
54541	1
54544	3
54548	2
54565	1
54569	1
54570	2
54575	1
54576	4
54580	1
54581	1
54584	1
54591	1
54593	2
54597	1
54600	4
54604	1
54610	3
54612	1
54613	1
54614	1
54615	1
54620	1
54621	1
54624	2
54625	1
54627	1
54634	1
54635	1
54636	2
54637	1
54640	1
54644	1
54645	1
54647	1
54648	1
54650	1
54653	2
54655	2
54656	3
54658	1
54660	1
54661	1
54662	1
54664	1
54665	2
54667	3
54669	2
54672	2
54675	1
54684	2
54685	1
54690	2
54696	3
54704	1
54706	1
54708	1
54709	1
54711	1
54712	1
54714	2
54717	1
54719	2
54720	4
54724	1
54725	2
54726	1
54733	1
54735	1
54737	2
54739	1
54740	5
54741	1
54744	3
54747	1
54749	1
54755	1
54760	5
54761	1
54762	1
54764	1
54768	1
54770	1
54773	2
54780	1
54785	1
54791	1
54792	2
54794	1
54796	1
54797	1
54800	1
54804	2
54810	3
54813	1
54814	1
54815	1
54816	2
54818	1
54819	1
54820	2
54821	1
54822	1
54824	2
54827	1
54838	1
54839	1
54845	2
54847	1
54850	1
54853	1
54854	1
54856	2
54866	1
54868	1
54875	1
54877	1
54878	1
54880	3
54881	1
54882	1
54885	2
54891	1
54893	2
54896	2
54897	1
54899	1
54901	1
54906	3
54911	2
54912	3
54915	2
54919	1
54920	2
54924	2
54925	2
54928	1
54929	1
54931	1
54932	1
54934	1
54935	1
54936	4
54941	1
54944	2
54948	2
54951	1
54956	1
54959	1
54960	5
54966	1
54970	2
54971	2
54974	1
54976	2
54978	1
54980	1
54984	1
54992	1
54994	1
54999	2
55000	3
55008	3
55013	1
55016	3
55020	7
55021	1
55025	2
55028	1
55029	1
55034	1
55040	1
55042	1
55043	1
55044	1
55045	3
55048	1
55055	1
55056	3
55061	1
55062	1
55071	2
55073	1
55080	4
55083	1
55088	1
55089	1
55091	1
55092	1
55093	2
55094	1
55095	1
55104	4
55106	1
55110	2
55114	1
55122	1
55125	4
55136	4
55141	1
55143	1
55144	2
55145	1
55146	1
55152	3
55157	1
55160	2
55164	1
55165	5
55167	1
55169	1
55172	1
55175	1
55180	1
55181	3
55182	1
55184	1
55186	1
55187	2
55188	1
55200	4
55205	1
55210	3
55215	2
55216	2
55217	1
55218	2
55220	1
55223	2
55228	2
55229	1
55230	5
55237	1
55240	1
55245	1
55247	1
55248	1
55251	1
55253	1
55260	3
55263	2
55264	3
55269	1
55272	1
55274	1
55276	1
55277	1
55280	1
55284	1
55285	4
55287	1
55290	3
55292	1
55296	4
55299	1
55300	3
55301	1
55309	1
55312	1
55314	2
55315	1
55319	1
55323	1
55324	2
55325	1
55328	2
55335	1
55340	3
55344	2
55349	3
55352	1
55356	4
55359	1
55360	2
55361	3
55362	1
55365	4
55366	2
55368	1
55370	1
55371	1
55373	1
55375	1
55376	1
55377	1
55380	1
55382	1
55389	1
55392	1
55397	2
55404	4
55405	1
55407	1
55416	2
55419	1
55420	1
55421	1
55422	1
55424	1
55428	1
55432	1
55440	2
55442	2
55445	2
55452	2
55454	1
55467	1
55469	2
55476	2
55481	2
55482	1
55488	2
55493	2
55495	1
55496	1
55497	1
55498	1
55503	3
55504	1
55506	1
55508	3
55509	2
55511	1
55512	3
55516	1
55520	1
55524	2
55526	1
55535	1
55536	2
55538	2
55539	1
55540	1
55544	2
55545	5
55550	1
55552	2
55554	1
55555	1
55559	1
55560	1
55564	3
55565	3
55566	1
55568	1
55572	1
55573	1
55577	1
55583	4
55584	1
55590	1
55593	1
55600	1
55601	1
55602	1
55604	3
55605	1
55615	1
55623	1
55624	2
55625	1
55629	2
55631	2
55632	3
55633	1
55635	1
55637	1
55639	1
55640	1
55641	1
55642	1
55644	1
55649	1
55650	2
55651	1
55655	1
55656	1
55658	1
55660	2
55662	1
55668	1
55678	1
55683	1
55686	1
55690	1
55692	1
55693	1
55694	1
55696	1
55698	1
55701	1
55703	1
55706	4
55709	1
55711	1
55716	1
55720	3
55728	2
55733	1
55736	1
55739	1
55744	2
55746	1
55749	1
55752	1
55760	1
55764	1
55765	3
55769	1
55772	1
55775	1
55776	1
55779	1
55780	1
55781	2
55783	1
55784	1
55790	3
55795	1
55796	1
55799	1
55800	1
55808	1
55810	1
55811	1
55815	3
55816	1
55817	2
55824	2
55825	2
55826	1
55829	1
55832	1
55837	1
55839	1
55842	2
55844	1
55845	2
55847	1
55848	1
55850	1
55851	1
55854	1
55855	2
55856	1
55857	1
55859	1
55860	9
55871	1
55872	3
55879	1
55880	1
55882	1
55884	1
55885	1
55888	1
55890	1
55895	3
55901	1
55904	1
55906	1
55908	1
55911	1
55912	1
55914	1
55920	1
55922	1
55923	1
55925	2
55930	1
55940	1
55942	1
55944	3
55946	2
55949	1
55950	1
55955	2
55956	2
55957	2
55959	1
55964	1
55965	3
55968	2
55971	1
55980	1
55984	1
55985	1
55994	1
55995	1
56000	8
56006	1
56007	3
56014	1
56016	2
56021	3
56024	2
56026	1
56028	2
56042	1
56045	3
56047	1
56052	1
56060	1
56061	2
56063	1
56064	2
56069	1
56070	2
56071	1
56075	1
56080	2
56084	2
56085	1
56088	1
56090	1
56093	1
56095	1
56096	1
56100	1
56101	1
56103	1
56104	1
56112	2
56126	1
56128	1
56130	1
56135	1
56136	1
56140	2
56141	1
56144	2
56148	2
56151	1
56152	1
56158	1
56160	5
56162	1
56165	1
56168	2
56170	1
56172	1
56173	1
56177	1
56180	1
56184	1
56189	4
56192	1
56193	1
56196	1
56199	1
56201	1
56205	1
56215	1
56220	1
56224	1
56225	1
56231	1
56232	2
56235	1
56236	2
56240	1
56244	1
56245	1
56255	2
56256	1
56258	1
56259	1
56260	1
56265	1
56267	1
56273	1
56280	2
56287	1
56288	1
56291	1
56293	2
56295	1
56296	2
56298	1
56300	2
56304	1
56308	1
56309	1
56312	1
56316	1
56320	1
56326	1
56334	2
56336	4
56340	1
56345	2
56346	1
56349	2
56352	2
56355	1
56356	1
56360	2
56362	1
56364	3
56376	1
56384	1
56385	1
56388	2
56394	1
56404	1
56405	1
56406	1
56410	1
56411	1
56416	1
56419	1
56424	2
56432	1
56436	1
56437	1
56440	2
56441	1
56442	1
56446	1
56448	4
56453	2
56459	1
56460	5
56461	2
56464	1
56468	1
56471	1
56472	1
56473	1
56476	2
56477	1
56480	1
56484	1
56495	1
56499	1
56501	1
56514	1
56516	2
56520	2
56523	1
56525	2
56528	2
56531	1
56539	1
56541	2
56543	1
56544	2
56555	1
56556	1
56564	2
56568	1
56570	1
56571	1
56576	2
56580	1
56581	1
56583	1
56585	1
56589	3
56594	1
56595	1
56598	1
56600	2
56605	1
56608	2
56611	1
56620	1
56621	1
56622	1
56623	1
56626	1
56629	3
56632	1
56640	9
56641	1
56644	2
56645	1
56648	2
56651	2
56652	1
56658	1
56660	2
56664	1
56670	2
56676	1
56677	1
56679	2
56685	1
56688	1
56691	1
56696	1
56699	3
56700	3
56704	2
56705	1
56706	1
56709	1
56710	2
56711	1
56712	1
56714	3
56723	1
56724	1
56726	1
56736	3
56740	1
56748	2
56750	1
56752	1
56756	1
56757	1
56759	1
56760	1
56764	2
56770	1
56771	1
56774	2
56776	2
56778	1
56784	5
56786	1
56787	1
56792	1
56796	1
56800	2
56804	1
56807	1
56816	2
56818	1
56820	1
56822	1
56826	2
56829	1
56831	2
56832	2
56843	1
56848	1
56852	2
56855	1
56856	1
56860	2
56870	1
56874	1
56880	8
56881	1
56882	1
56883	1
56884	1
56896	1
56898	1
56900	1
56901	1
56904	1
56909	1
56911	1
56913	1
56916	1
56920	2
56924	4
56925	2
56927	1
56928	2
56934	1
56936	3
56946	1
56950	1
56952	1
56953	1
56958	1
56960	1
56965	1
56980	2
56981	2
56985	1
56988	1
56990	1
56999	1
57000	2
57016	1
57017	2
57024	7
57028	1
57029	1
57031	1
57033	1
57036	1
57040	1
57042	1
57051	1
57060	2
57064	2
57065	1
57071	2
57072	1
57075	1
57080	1
57085	3
57088	1
57096	1
57100	1
57110	1
57113	1
57116	1
57120	9
57125	1
57128	3
57132	1
57143	2
57156	1
57160	1
57173	1
57177	2
57180	1
57181	1
57183	1
57197	1
57200	3
57211	1
57212	1
57220	2
57221	1
57225	2
57231	1
57239	2
57240	1
57245	2
57248	2
57252	1
57256	1
57260	3
57264	2
57275	1
57276	2
57279	1
57280	2
57282	2
57284	1
57288	1
57293	1
57296	1
57304	2
57309	1
57312	7
57316	1
57323	1
57324	1
57333	1
57335	1
57336	2
57341	1
57344	1
57346	1
57349	1
57350	1
57357	1
57358	1
57360	2
57362	1
57365	1
57372	1
57373	1
57376	3
57377	1
57379	2
57389	1
57391	1
57392	1
57396	1
57400	1
57401	1
57407	1
57412	1
57420	3
57424	1
57444	1
57449	1
57456	3
57460	3
57461	2
57464	2
57466	1
57475	1
57479	1
57480	2
57484	1
57490	2
57492	1
57496	1
57504	2
57506	1
57509	1
57515	1
57516	2
57519	1
57525	1
57528	1
57531	1
57540	4
57544	4
57547	1
57551	2
57552	3
57570	1
57575	3
57578	1
57581	1
57584	1
57591	1
57595	1
57596	1
57597	1
57600	5
57605	1
57606	1
57616	1
57618	1
57619	1
57624	1
57625	1
57626	2
57628	2
57629	1
57635	1
57636	1
57637	1
57641	1
57648	2
57649	1
57651	1
57652	1
57653	1
57654	1
57661	1
57663	1
57664	2
57665	1
57666	1
57671	1
57672	1
57680	3
57681	1
57684	1
57685	3
57687	1
57689	1
57693	1
57698	1
57699	2
57700	2
57701	1
57704	1
57707	1
57708	1
57710	1
57716	1
57717	1
57724	1
57725	1
57728	2
57730	3
57731	1
57732	1
57736	1
57740	2
57741	1
57744	1
57749	1
57755	1
57760	1
57764	1
57765	1
57767	1
57770	1
57774	1
57776	1
57779	1
57785	2
57786	1
57792	2
57797	1
57799	1
57800	1
57805	1
57808	1
57810	1
57811	1
57816	2
57820	1
57821	3
57824	1
57827	1
57828	1
57829	1
57831	2
57832	1
57834	1
57840	1
57845	2
57846	1
57850	1
57856	1
57857	1
57865	1
57868	1
57872	1
57876	3
57877	1
57879	2
57883	1
57884	1
57885	1
57888	1
57892	1
57896	1
57900	2
57904	1
57905	1
57912	1
57915	2
57919	1
57923	2
57925	1
57928	1
57931	2
57933	1
57935	1
57936	2
57940	1
57941	1
57951	2
57957	1
57958	1
57960	5
57971	1
57972	2
57980	1
57983	1
57984	1
57986	1
57988	1
57996	2
58000	4
58003	1
58004	2
58006	1
58009	1
58016	1
58020	1
58021	1
58029	2
58030	1
58034	1
58038	1
58039	1
58043	1
58044	1
58048	1
58055	1
58059	1
58061	1
58064	1
58065	2
58072	1
58073	1
58075	1
58080	2
58084	1
58085	4
58090	1
58091	1
58092	1
58100	1
58103	1
58112	4
58116	3
58117	1
58120	1
58122	1
58125	2
58129	1
58131	1
58133	1
58140	1
58144	1
58155	2
58160	1
58164	1
58165	3
58176	1
58178	1
58180	2
58184	1
58188	1
58190	2
58205	1
58208	2
58218	1
58226	1
58227	1
58228	1
58231	1
58236	1
58237	1
58240	2
58245	1
58257	1
58259	1
58260	5
58264	1
58272	1
58280	1
58284	1
58285	3
58289	2
58292	1
58295	1
58299	1
58300	1
58301	1
58302	1
58304	1
58305	2
58309	2
58311	1
58312	1
58320	4
58323	1
58324	2
58325	1
58332	1
58336	1
58338	1
58340	3
58343	1
58344	2
58345	1
58346	1
58349	1
58350	1
58356	1
58359	1
58360	1
58362	1
58368	3
58376	1
58379	1
58381	1
58386	1
58389	1
58396	1
58397	1
58400	3
58404	2
58405	1
58416	1
58420	1
58424	1
58427	1
58435	2
58436	1
58442	1
58448	1
58450	1
58464	7
58466	1
58477	1
58480	2
58484	1
58489	1
58491	1
58496	1
58500	2
58503	1
58504	3
58515	1
58520	2
58521	1
58525	2
58529	1
58532	1
58535	1
58536	1
58540	1
58541	2
58544	2
58545	2
58548	1
58556	1
58558	1
58559	1
58560	3
58564	1
58568	2
58569	1
58576	1
58579	1
58580	2
58581	4
58583	2
58600	1
58602	1
58608	2
58616	2
58617	1
58618	1
58624	2
58626	2
58629	1
58632	1
58635	1
58639	1
58643	1
58645	1
58652	2
58656	4
58660	3
58661	1
58664	1
58665	1
58667	1
58669	1
58676	1
58681	1
58684	1
58688	1
58690	1
58696	1
58698	1
58704	2
58706	2
58710	1
58712	1
58719	3
58720	2
58724	1
58725	1
58730	1
58739	1
58741	2
58744	1
58751	2
58752	4
58754	1
58765	2
58770	1
58779	3
58790	1
58800	6
58805	1
58814	2
58824	1
58828	1
58829	1
58830	1
58831	1
58832	2
58834	1
58839	1
58840	2
58844	1
58845	1
58853	1
58856	1
58857	1
58860	3
58861	1
58863	1
58864	2
58872	1
58875	1
58877	1
58878	1
58879	1
58880	3
58884	1
58887	1
58890	1
58895	2
58896	2
58898	1
58900	1
58901	2
58904	2
58909	1
58912	2
58914	1
58919	2
58926	1
58931	1
58935	1
58936	1
58941	1
58944	1
58960	4
58968	1
58980	1
58986	1
58989	2
58990	1
58995	1
59000	1
59004	1
59005	1
59024	1
59029	1
59031	1
59032	1
59035	1
59039	1
59040	5
59041	4
59045	1
59058	1
59059	1
59064	2
59075	1
59080	2
59083	1
59084	1
59093	1
59100	2
59104	1
59106	1
59120	3
59125	2
59127	1
59135	1
59136	4
59141	1
59146	1
59149	2
59150	2
59157	2
59160	1
59161	1
59162	1
59168	2
59170	1
59179	1
59184	1
59185	1
59186	1
59189	1
59196	1
59200	1
59207	1
59208	1
59210	1
59220	1
59228	1
59231	1
59232	2
59234	1
59241	1
59244	1
59245	1
59252	2
59255	2
59256	1
59260	1
59264	2
59280	2
59288	1
59292	1
59294	2
59295	1
59296	1
59297	1
59299	1
59300	1
59304	1
59309	1
59312	1
59316	1
59321	1
59324	1
59326	1
59327	1
59328	3
59340	2
59344	2
59346	1
59349	1
59360	1
59363	1
59364	2
59376	1
59381	1
59384	2
59388	2
59412	2
59421	2
59423	1
59435	1
59440	1
59441	1
59444	1
59456	1
59464	4
59472	2
59479	1
59480	1
59483	1
59485	2
59488	1
59489	1
59490	1
59504	1
59512	2
59517	1
59520	5
59522	1
59526	1
59528	1
59532	1
59535	1
59536	1
59549	1
59556	1
59561	1
59565	2
59568	1
59570	1
59573	1
59575	1
59580	2
59582	2
59584	2
59586	2
59592	1
59596	1
59600	2
59602	1
59616	2
59624	2
59626	1
59631	1
59634	1
59640	2
59643	1
59645	4
59652	1
59656	2
59658	1
59661	1
59664	3
59665	1
59675	1
59678	1
59679	1
59691	2
59695	2
59696	1
59699	1
59701	1
59708	1
59709	1
59711	1
59712	2
59715	1
59724	2
59725	2
59727	1
59728	1
59731	1
59732	1
59741	1
59744	1
59749	1
59752	1
59754	2
59757	1
59759	3
59760	2
59768	1
59772	1
59776	3
59778	1
59780	1
59792	1
59794	1
59796	1
59800	1
59807	1
59820	2
59825	1
59834	1
59840	3
59841	1
59845	1
59856	2
59860	1
59861	1
59864	1
59867	1
59871	1
59880	1
59885	1
59890	1
59904	7
59915	1
59921	1
59925	1
59928	1
59935	1
59943	1
59945	2
59951	1
59956	1
59965	1
59978	1
59984	2
59994	1
60004	1
60008	1
60012	1
60014	1
60020	1
60025	1
60027	1
60035	1
60036	1
60039	3
60048	4
60052	1
60053	1
60059	1
60062	1
60064	2
60065	1
60069	1
60071	3
60072	1
60075	3
60076	1
60085	1
60096	1
60100	1
60104	1
60109	1
60112	1
60116	2
60120	1
60122	1
60124	1
60125	1
60127	1
60130	1
60144	4
60156	1
60160	1
60164	1
60179	3
60183	1
60185	1
60188	1
60192	1
60196	1
60200	1
60204	1
60214	1
60215	1
60216	1
60228	1
60237	1
60240	1
60244	1
60256	1
60260	1
60264	3
60269	2
60270	1
60276	2
60284	1
60288	1
60292	1
60295	1
60300	1
60306	3
60324	1
60325	1
60329	1
60333	1
60336	2
60338	1
60340	2
60341	1
60344	2
60354	1
60359	1
60360	1
60364	1
60365	3
60372	1
60375	1
60380	1
60384	2
60387	1
60392	1
60396	2
60397	2
60399	1
60400	1
60413	1
60424	3
60435	1
60436	1
60439	1
60440	1
60444	1
60446	1
60462	1
60469	1
60473	2
60480	12
60484	2
60488	1
60490	1
60496	2
60503	1
60505	1
60515	1
60522	1
60523	1
60540	1
60541	1
60544	2
60556	2
60563	1
60564	1
60565	1
60576	1
60579	1
60580	1
60588	1
60591	1
60593	1
60596	1
60600	2
60605	1
60610	1
60612	1
60613	1
60616	1
60623	2
60624	1
60625	1
60627	1
60631	1
60642	1
60643	2
60645	1
60648	1
60651	1
60660	1
60672	2
60674	1
60676	1
60679	1
60681	1
60683	2
60688	1
60696	1
60699	1
60708	3
60711	2
60714	1
60720	6
60724	2
60725	3
60739	2
60743	2
60749	1
60755	1
60756	1
60760	1
60768	1
60773	1
60775	1
60776	2
60780	1
60781	1
60794	1
60795	2
60800	1
60803	1
60810	1
60816	2
60823	1
60827	2
60835	1
60840	3
60858	1
60861	1
60872	1
60873	1
60876	1
60881	1
60900	2
60912	1
60920	2
60921	2
60924	1
60928	2
60930	1
60936	1
60941	1
60944	1
60956	4
60957	1
60969	1
60975	1
60981	1
60984	1
60996	1
61001	1
61005	1
61008	1
61009	1
61025	1
61031	1
61040	3
61041	1
61056	2
61060	1
61061	3
61065	1
61066	1
61068	1
61073	1
61079	1
61084	1
61085	2
61090	1
61096	1
61100	1
61104	1
61105	1
61109	3
61120	1
61124	2
61125	1
61140	1
61146	1
61152	1
61155	1
61160	1
61165	1
61170	1
61176	1
61181	1
61197	2
61200	6
61215	1
61223	1
61236	2
61248	3
61253	1
61260	2
61264	4
61272	1
61276	1
61280	1
61285	1
61290	2
61295	2
61306	2
61309	1
61313	1
61320	3
61335	1
61339	1
61340	1
61344	1
61349	1
61356	1
61362	1
61380	2
61383	1
61384	1
61396	2
61397	1
61400	2
61404	1
61405	1
61416	1
61417	1
61420	1
61424	4
61425	1
61427	2
61429	1
61439	2
61440	6
61441	1
61442	1
61444	1
61445	2
61446	1
61452	1
61456	4
61458	1
61464	1
61472	2
61475	1
61476	1
61477	1
61479	2
61488	1
61489	1
61501	1
61504	3
61506	2
61511	2
61512	1
61516	2
61519	1
61520	3
61521	1
61536	1
61540	1
61541	1
61542	1
61544	1
61548	1
61552	1
61555	2
61556	1
61559	1
61560	1
61565	3
61568	3
61572	1
61576	1
61579	1
61580	1
61585	1
61586	1
61589	1
61596	2
61600	3
61601	1
61604	1
61607	1
61608	1
61612	1
61613	1
61617	1
61626	1
61630	1
61631	1
61632	3
61634	1
61635	1
61643	1
61644	2
61645	1
61648	2
61659	1
61664	1
61674	1
61675	1
61682	1
61684	1
61691	1
61693	1
61696	1
61705	1
61709	3
61711	1
61712	1
61714	1
61715	1
61716	1
61719	1
61731	1
61732	1
61736	1
61740	4
61744	2
61746	1
61748	2
61749	2
61751	2
61752	1
61762	1
61770	1
61776	3
61780	1
61785	1
61792	1
61796	1
61811	2
61821	1
61824	7
61826	1
61839	1
61847	2
61852	1
61856	1
61857	1
61859	1
61860	2
61863	2
61866	1
61875	2
61878	1
61880	2
61883	1
61884	4
61885	1
61893	1
61895	1
61898	1
61899	1
61903	1
61904	1
61916	1
61920	4
61929	1
61935	1
61936	2
61940	1
61941	1
61944	1
61947	1
61950	1
61952	3
61955	1
61956	2
61957	1
61965	2
61968	1
61971	1
61972	1
61980	1
61981	1
61985	2
61992	1
62000	2
62001	1
62003	1
62004	1
62016	3
62020	1
62021	1
62031	1
62035	1
62036	1
62042	1
62048	1
62055	1
62064	3
62066	1
62069	1
62073	1
62076	2
62077	1
62080	1
62085	1
62091	1
62093	1
62100	1
62111	1
62112	1
62116	1
62118	2
62119	1
62125	1
62127	1
62132	1
62133	1
62160	4
62165	1
62183	2
62192	1
62195	1
62200	1
62208	6
62217	1
62220	1
62221	1
62230	1
62240	1
62256	1
62261	1
62264	1
62279	3
62292	1
62296	1
62300	3
62304	1
62305	2
62316	1
62320	1
62322	1
62336	1
62346	1
62352	1
62356	1
62364	1
62368	3
62370	1
62376	1
62383	1
62386	1
62390	3
62395	1
62400	5
62404	1
62405	1
62408	1
62412	1
62416	1
62422	1
62423	1
62429	1
62434	1
62445	1
62447	2
62453	2
62454	2
62456	1
62458	1
62460	1
62461	1
62466	1
62475	2
62480	1
62483	1
62484	1
62496	5
62500	1
62508	1
62510	1
62512	1
62514	1
62516	1
62520	1
62524	1
62525	1
62530	1
62536	2
62540	1
62541	1
62544	1
62546	1
62550	1
62553	1
62556	1
62557	1
62558	1
62559	2
62560	3
62568	1
62571	1
62588	1
62592	1
62602	1
62603	1
62604	2
62605	2
62608	1
62610	1
62612	1
62613	1
62615	2
62624	3
62627	1
62628	1
62631	1
62635	1
62640	5
62642	1
62649	1
62652	1
62653	1
62661	2
62662	1
62665	1
62671	1
62672	1
62676	1
62681	1
62688	1
62690	1
62698	1
62700	1
62707	1
62708	2
62711	1
62714	1
62715	1
62716	1
62720	6
62723	1
62724	1
62736	1
62741	2
62744	1
62746	1
62749	1
62760	2
62769	1
62775	1
62778	1
62780	3
62784	2
62786	1
62791	1
62795	2
62796	1
62799	1
62805	1
62811	1
62820	1
62824	2
62826	1
62828	1
62831	1
62832	5
62836	2
62839	1
62856	1
62861	2
62864	2
62876	1
62882	2
62883	1
62885	1
62892	1
62896	1
62897	2
62901	1
62910	1
62916	1
62930	1
62938	1
62946	1
62951	1
62952	1
62954	1
62955	3
62959	1
62970	1
62974	1
62982	1
62993	1
62994	1
62999	1
63000	2
63001	1
63006	1
63010	1
63024	1
63036	2
63040	1
63041	1
63056	1
63061	1
63063	1
63075	1
63080	1
63084	1
63096	1
63112	1
63120	1
63136	1
63140	1
63145	1
63152	2
63154	1
63156	1
63168	3
63180	2
63191	1
63205	1
63216	1
63221	1
63224	2
63245	1
63249	1
63252	2
63259	1
63261	1
63263	1
63264	3
63280	2
63285	1
63287	1
63290	1
63300	2
63324	1
63325	1
63329	2
63339	1
63344	1
63351	2
63352	1
63356	1
63360	5
63364	2
63365	1
63372	2
63375	1
63384	2
63385	1
63393	1
63397	1
63403	1
63407	1
63413	1
63416	1
63420	2
63421	1
63441	1
63442	1
63445	1
63448	1
63451	1
63452	1
63455	2
63456	1
63458	1
63461	1
63464	1
63468	1
63472	1
63478	1
63480	2
63485	1
63491	1
63501	1
63504	5
63512	1
63513	1
63516	1
63518	1
63520	1
63526	1
63530	1
63533	1
63536	1
63539	1
63541	1
63549	2
63552	1
63554	1
63556	1
63568	1
63576	2
63585	1
63595	4
63597	1
63599	1
63608	1
63612	1
63613	1
63616	1
63620	1
63624	2
63625	1
63629	1
63632	1
63640	2
63644	3
63647	1
63652	1
63658	1
63666	2
63679	1
63680	2
63683	1
63696	1
63700	1
63701	1
63705	1
63707	1
63714	2
63717	1
63725	2
63726	1
63728	1
63731	1
63732	2
63733	1
63744	1
63755	1
63756	4
63760	1
63763	1
63768	1
63771	1
63778	1
63791	1
63792	2
63810	1
63819	1
63840	4
63842	1
63852	1
63871	1
63911	1
63920	1
63924	1
63936	1
63945	1
63966	1
63968	2
63973	1
63985	1
64004	1
64013	1
64020	2
64035	1
64036	1
64055	1
64056	1
64071	1
64077	1
64080	1
64092	2
64112	1
64124	3
64134	1
64141	2
64144	1
64156	1
64160	1
64164	1
64170	1
64172	1
64176	2
64181	1
64187	1
64206	1
64221	1
64224	4
64225	1
64233	1
64239	1
64241	1
64253	1
64260	2
64263	1
64265	1
64283	1
64288	1
64292	1
64295	1
64296	1
64300	2
64308	2
64320	2
64331	1
64332	1
64344	1
64345	1
64355	1
64359	1
64368	2
64376	1
64381	1
64384	3
64395	1
64396	3
64400	7
64420	1
64425	2
64440	2
64449	1
64456	1
64460	1
64461	1
64463	1
64464	3
64466	1
64476	2
64480	1
64496	2
64501	1
64505	1
64512	5
64517	1
64519	1
64525	1
64536	1
64544	1
64548	1
64557	1
64558	1
64560	1
64562	1
64565	1
64566	1
64575	2
64576	1
64578	1
64580	1
64584	1
64586	1
64603	1
64628	1
64640	1
64641	1
64644	1
64645	2
64653	1
64664	2
64667	1
64672	2
64680	2
64682	1
64683	1
64684	2
64692	1
64694	1
64700	1
64701	1
64702	1
64704	1
64706	1
64709	1
64715	1
64724	2
64728	2
64733	1
64736	1
64737	2
64741	1
64742	1
64745	1
64751	1
64757	1
64764	2
64768	1
64772	1
64776	1
64790	1
64800	2
64808	1
64811	1
64821	1
64825	1
64829	1
64832	1
64855	1
64856	2
64860	2
64871	1
64879	1
64880	3
64887	1
64896	2
64908	1
64911	2
64920	2
64925	3
64926	1
64935	1
64939	1
64943	1
64944	3
64953	1
64960	2
64980	1
64985	1
65016	1
65025	1
65031	1
65066	1
65075	1
65079	1
65085	1
65088	1
65096	1
65100	1
65101	1
65123	1
65124	1
65135	1
65145	1
65151	1
65156	1
65160	1
65170	2
65172	1
65184	1
65186	1
65189	1
65195	1
65196	1
65200	2
65205	2
65211	1
65223	1
65231	1
65232	4
65240	1
65244	1
65255	1
65256	1
65264	2
65268	2
65276	2
65279	2
65280	5
65296	1
65304	1
65306	1
65311	1
65324	1
65330	2
65340	2
65352	1
65359	2
65360	1
65362	1
65376	3
65380	2
65381	1
65385	1
65387	1
65388	2
65405	1
65406	1
65415	1
65423	1
65436	1
65442	1
65448	1
65454	1
65456	1
65460	1
65466	1
65469	1
65470	1
65475	2
65480	1
65497	1
65499	1
65501	1
65504	2
65505	1
65510	2
65514	2
65520	7
65529	1
65535	1
65536	1
65547	1
65552	1
65556	1
65565	2
65570	1
65574	1
65601	2
65604	2
65605	1
65612	1
65613	1
65615	1
65619	1
65625	1
65629	1
65632	2
65639	3
65646	1
65648	1
65660	1
65664	2
65669	1
65680	1
65682	3
65685	2
65688	2
65700	1
65703	1
65709	1
65718	1
65738	1
65741	1
65744	1
65745	1
65747	1
65751	1
65760	1
65765	1
65768	2
65772	1
65775	1
65778	1
65780	2
65789	1
65792	2
65800	2
65805	1
65824	1
65825	1
65831	1
65834	1
65835	1
65840	1
65856	7
65880	1
65884	1
65887	1
65892	1
65912	1
65925	1
65952	1
65961	2
65975	1
66000	4
66008	1
66015	1
66032	1
66033	1
66036	1
66059	1
66060	1
66080	2
66085	1
66095	1
66096	5
66098	1
66104	1
66120	1
66141	1
66143	1
66144	2
66152	1
66160	1
66168	2
66170	2
66171	1
66176	1
66180	1
66192	2
66199	2
66215	1
66220	4
66227	1
66230	1
66240	5
66245	2
66272	1
66276	1
66280	1
66285	1
66290	1
66291	1
66300	1
66304	1
66309	1
66312	3
66316	1
66320	2
66326	1
66338	1
66343	1
66344	1
66350	1
66353	1
66360	1
66365	1
66367	1
66368	1
66375	1
66384	3
66395	1
66401	1
66416	1
66420	1
66423	1
66431	1
66432	1
66439	1
66440	1
66444	1
66450	1
66452	1
66456	1
66464	1
66479	1
66490	2
66500	1
66521	1
66528	3
66546	1
66560	2
66563	1
66573	1
66578	1
66581	2
66584	1
66591	1
66615	1
66631	1
66638	1
66643	1
66648	1
66654	2
66661	1
66663	1
66672	1
66674	1
66675	1
66677	1
66717	1
66720	2
66729	1
66736	1
66744	1
66759	1
66774	1
66780	2
66789	1
66798	1
66800	2
66811	1
66815	1
66816	1
66829	1
66832	1
66834	2
66845	2
66848	1
66875	1
66885	1
66895	1
66899	1
66924	1
66929	1
66953	1
66960	2
66983	2
66987	2
66998	1
67008	1
67016	1
67025	1
67039	1
67060	1
67071	1
67080	1
67088	2
67092	1
67095	2
67104	1
67116	1
67152	1
67160	1
67166	1
67167	1
67183	1
67199	1
67200	5
67215	1
67221	1
67224	1
67247	1
67260	1
67262	1
67271	2
67275	2
67277	1
67280	1
67284	2
67296	3
67298	1
67304	1
67305	1
67307	1
67312	1
67319	1
67336	1
67340	3
67375	1
67376	2
67385	1
67392	2
67394	1
67404	1
67406	1
67420	1
67424	2
67430	1
67440	1
67446	1
67452	1
67460	1
67473	1
67475	1
67482	1
67483	1
67500	3
67505	1
67517	1
67541	1
67545	2
67550	1
67554	1
67556	1
67560	1
67581	1
67584	4
67604	1
67608	2
67616	1
67620	3
67648	1
67653	1
67665	1
67671	2
67676	1
67680	2
67685	1
67704	1
67709	1
67711	1
67712	1
67740	1
67746	1
67760	3
67773	1
67776	1
67778	1
67780	1
67791	1
67795	1
67796	2
67800	2
67802	1
67809	1
67815	1
67821	1
67824	1
67836	1
67848	1
67856	1
67880	2
67884	1
67896	1
67901	1
67920	2
67924	1
67932	1
67935	1
67940	1
67952	1
67956	1
67959	1
67968	3
67980	2
68000	2
68015	1
68016	1
68018	1
68027	1
68032	1
68040	1
68045	1
68047	1
68076	1
68080	2
68091	2
68093	1
68096	1
68111	1
68114	2
68115	1
68121	2
68123	1
68124	1
68139	1
68149	1
68150	1
68160	2
68168	1
68180	1
68187	1
68189	1
68192	1
68196	1
68208	1
68210	2
68219	1
68223	1
68231	1
68236	1
68240	1
68244	1
68256	1
68264	1
68272	1
68273	1
68285	1
68288	1
68303	1
68310	2
68320	3
68321	1
68325	1
68328	1
68331	1
68339	1
68352	1
68358	1
68360	1
68365	1
68366	1
68367	1
68370	1
68376	1
68382	1
68388	1
68390	2
68394	1
68400	3
68402	1
68409	1
68418	1
68425	1
68435	1
68445	1
68453	1
68456	1
68465	1
68495	1
68501	2
68511	1
68512	1
68539	1
68544	4
68547	1
68548	1
68551	1
68553	1
68562	3
68565	1
68567	1
68578	1
68580	1
68592	1
68600	4
68620	1
68626	1
68628	2
68633	1
68640	2
68660	1
68666	1
68672	1
68688	1
68720	3
68736	1
68740	1
68741	1
68760	3
68768	1
68775	1
68777	1
68796	5
68800	1
68813	1
68816	1
68820	1
68831	1
68841	1
68850	1
68869	1
68880	3
68895	2
68900	5
68903	1
68915	1
68927	1
68945	1
68951	2
68957	2
69005	1
69007	1
69008	2
69020	1
69056	2
69069	2
69071	1
69075	1
69080	1
69084	1
69120	5
69139	1
69140	1
69165	1
69167	1
69168	1
69176	1
69183	1
69188	1
69200	2
69207	1
69222	1
69223	2
69224	1
69228	2
69229	1
69232	1
69245	1
69248	2
69255	1
69261	1
69264	3
69266	1
69272	1
69280	1
69284	1
69296	1
69300	4
69309	1
69323	1
69335	2
69336	1
69343	1
69344	1
69360	2
69368	1
69386	1
69392	1
69395	1
69396	1
69397	1
69402	2
69410	1
69412	1
69416	2
69420	2
69421	1
69435	1
69457	1
69469	1
69473	1
69476	1
69480	2
69498	1
69512	2
69515	1
69520	2
69524	1
69540	1
69543	1
69546	2
69552	3
69555	1
69560	2
69563	1
69576	1
69578	1
69580	1
69581	1
69595	1
69600	1
69601	1
69608	1
69611	1
69612	1
69615	1
69620	1
69625	1
69626	1
69632	2
69638	1
69639	1
69642	1
69651	1
69653	1
69664	1
69666	1
69680	2
69684	1
69687	1
69689	1
69696	1
69698	1
69699	2
69701	2
69708	1
69709	1
69710	1
69720	1
69736	1
69749	1
69755	1
69760	1
69768	1
69776	3
69777	1
69779	1
69804	1
69825	1
69840	1
69845	1
69856	1
69880	1
69885	2
69888	2
69905	1
69911	1
69914	1
69916	1
69917	1
69920	1
69924	1
69942	1
69968	1
69972	1
69996	1
70000	4
70016	2
70035	1
70040	1
70044	2
70056	1
70075	1
70080	3
70088	1
70092	1
70119	1
70127	2
70133	1
70136	1
70140	1
70142	1
70144	1
70156	1
70161	2
70175	1
70176	1
70184	1
70200	3
70203	1
70206	1
70220	1
70226	1
70235	1
70239	1
70245	2
70247	2
70270	1
70272	1
70280	2
70299	1
70308	1
70312	1
70315	3
70320	3
70344	1
70361	1
70364	3
70367	1
70380	2
70400	4
70425	1
70445	1
70448	1
70450	1
70457	1
70458	1
70464	3
70470	1
70496	1
70500	1
70517	1
70533	1
70535	1
70536	1
70544	1
70548	1
70550	1
70554	1
70555	1
70560	2
70578	2
70581	1
70586	1
70588	2
70590	1
70591	1
70596	1
70605	1
70607	1
70610	1
70623	1
70624	1
70625	2
70631	1
70632	1
70640	2
70644	1
70656	3
70676	1
70677	1
70697	1
70708	1
70712	1
70715	1
70716	1
70720	1
70721	1
70722	2
70732	1
70740	2
70749	1
70752	1
70757	1
70760	1
70776	1
70800	1
70805	1
70811	1
70813	1
70821	2
70824	1
70829	1
70832	3
70834	1
70835	1
70840	2
70848	1
70851	1
70857	1
70862	1
70863	1
70875	2
70880	2
70912	1
70928	1
70929	1
70932	1
70940	1
70944	1
70950	1
70959	1
70980	1
70984	1
70992	1
70998	1
71000	2
71009	1
71015	1
71020	1
71021	2
71024	1
71032	1
71036	1
71040	1
71058	1
71063	1
71064	2
71069	2
71076	1
71100	2
71107	1
71123	1
71133	1
71134	1
71135	2
71136	4
71138	1
71141	1
71144	1
71152	1
71155	1
71168	1
71181	1
71197	1
71208	1
71216	1
71224	1
71225	1
71228	1
71232	2
71249	1
71250	1
71256	1
71259	1
71261	1
71263	1
71269	1
71271	1
71280	1
71282	1
71284	1
71288	1
71295	1
71300	3
71303	1
71316	2
71332	1
71342	1
71344	4
71346	2
71351	1
71355	1
71372	2
71388	1
71400	2
71404	1
71415	1
71416	1
71436	1
71472	1
71484	1
71520	2
71526	1
71528	4
71540	1
71544	5
71556	1
71570	1
71592	1
71594	1
71600	3
71603	1
71610	1
71616	1
71617	1
71624	1
71634	1
71643	1
71645	1
71648	1
71666	1
71669	1
71670	1
71672	1
71680	2
71688	2
71698	1
71717	1
71720	1
71723	2
71724	2
71746	1
71747	1
71750	1
71751	1
71756	1
71759	1
71760	1
71762	1
71778	1
71780	1
71793	1
71799	1
71820	4
71840	1
71855	2
71861	1
71864	1
71883	1
71885	1
71892	1
71897	1
71909	1
71915	1
71925	2
71927	1
71928	2
71936	4
71939	1
71940	1
71955	1
71960	2
71963	1
71967	1
71971	1
71972	1
71973	1
71975	1
71981	1
71995	2
71996	2
72000	1
72007	1
72009	1
72018	1
72020	1
72026	1
72029	1
72037	1
72045	1
72047	1
72051	1
72064	1
72068	1
72072	1
72075	1
72080	4
72085	1
72116	1
72120	2
72131	1
72136	1
72156	2
72176	1
72182	1
72184	2
72185	1
72191	1
72192	1
72197	1
72200	1
72207	1
72215	1
72216	2
72224	1
72225	2
72237	1
72240	1
72256	1
72264	2
72268	1
72275	1
72276	1
72280	1
72284	2
72289	1
72291	1
72300	1
72303	1
72304	2
72311	1
72312	2
72316	1
72319	1
72326	1
72336	1
72344	1
72381	1
72396	1
72405	1
72416	1
72432	1
72444	1
72461	1
72465	1
72468	1
72471	1
72473	1
72480	1
72485	1
72488	1
72495	1
72515	1
72522	1
72525	1
72528	1
72539	1
72541	1
72552	1
72555	1
72558	1
72560	1
72571	1
72576	8
72579	1
72585	1
72588	1
72599	1
72605	2
72606	1
72620	2
72621	1
72624	1
72626	1
72632	1
72640	1
72645	1
72647	1
72648	1
72653	2
72654	1
72656	1
72662	1
72674	1
72684	1
72685	1
72695	2
72696	1
72704	1
72708	1
72711	1
72720	4
72725	1
72738	1
72751	1
72756	2
72768	1
72771	1
72776	1
72791	1
72792	1
72800	2
72804	1
72807	1
72818	2
72820	1
72821	2
72823	1
72825	1
72828	2
72835	1
72840	2
72845	1
72848	1
72849	1
72855	1
72858	1
72859	1
72864	3
72868	1
72869	1
72876	1
72880	3
72893	1
72896	3
72912	2
72927	1
72928	1
72938	1
72940	1
72948	1
72950	1
72955	1
72963	1
72965	1
72974	1
72975	3
72976	1
72979	1
72984	2
72986	1
72989	1
72990	1
72998	1
73003	1
73008	2
73010	1
73019	1
73024	1
73032	1
73036	2
73040	2
73043	1
73047	1
73055	1
73056	1
73058	1
73060	1
73064	1
73072	1
73080	3
73088	1
73104	2
73109	1
73116	1
73117	2
73120	1
73139	1
73143	1
73157	1
73164	1
73178	1
73181	1
73184	1
73195	1
73200	2
73214	1
73220	6
73247	1
73252	1
73253	1
73260	1
73272	2
73280	1
73283	1
73291	1
73295	1
73296	3
73298	2
73320	1
73332	1
73339	2
73343	1
73344	2
73346	2
73352	1
73358	1
73370	1
73381	1
73387	1
73404	2
73412	1
73421	1
73431	1
73434	1
73435	1
73440	5
73458	1
73461	1
73472	5
73476	1
73479	1
73480	1
73493	1
73494	1
73496	2
73500	4
73505	2
73515	1
73536	3
73548	1
73552	1
73562	1
73563	1
73580	1
73584	3
73599	2
73600	1
73602	1
73619	1
73620	1
73625	1
73632	1
73636	1
73637	1
73658	1
73660	1
73669	1
73670	1
73675	1
73682	1
73696	4
73711	1
73716	1
73721	2
73724	1
73725	1
73728	2
73740	1
73744	1
73754	1
73760	4
73764	1
73773	1
73776	2
73789	1
73796	1
73800	1
73801	1
73803	1
73805	1
73821	1
73835	1
73836	2
73845	1
73850	1
73856	1
73866	1
73874	1
73877	1
73880	1
73887	1
73896	1
73904	2
73920	2
73928	1
73932	1
73935	1
73949	1
73955	1
73956	1
73959	1
73962	1
73963	1
73968	1
73970	1
73976	1
73980	1
73984	2
73985	1
74006	1
74009	1
74011	1
74012	1
74016	1
74024	1
74025	1
74028	1
74029	1
74039	1
74040	1
74043	1
74044	1
74045	1
74048	1
74052	1
74061	2
74065	1
74069	1
74071	1
74088	1
74095	1
74096	1
74100	2
74104	1
74106	1
74120	1
74124	1
74136	3
74141	3
74152	2
74156	2
74165	1
74167	1
74176	2
74182	1
74196	2
74207	2
74211	1
74213	1
74216	3
74219	1
74226	1
74232	1
74235	1
74236	1
74240	3
74241	1
74250	1
74254	1
74256	4
74266	1
74270	2
74271	1
74277	2
74280	1
74304	2
74319	1
74327	1
74331	1
74341	1
74356	1
74360	1
74365	1
74369	2
74372	1
74375	2
74376	1
74378	1
74381	1
74387	1
74392	2
74397	1
74399	2
74400	1
74405	3
74408	1
74412	2
74416	1
74424	2
74431	2
74432	1
74448	2
74451	1
74474	2
74480	6
74487	1
74493	2
74496	2
74497	1
74501	1
74504	1
74507	1
74512	1
74520	1
74522	1
74530	1
74531	1
74536	1
74540	2
74541	1
74543	1
74544	1
74556	1
74565	1
74566	1
74568	1
74571	1
74576	1
74589	1
74592	1
74596	1
74602	1
74604	1
74615	2
74617	1
74619	1
74648	2
74655	2
74663	1
74669	1
74679	1
74680	2
74685	1
74688	1
74691	2
74699	1
74701	1
74704	3
74724	2
74728	2
74732	1
74738	1
74741	1
74742	1
74748	1
74749	1
74752	1
74753	1
74760	2
74763	1
74784	1
74792	1
74795	2
74796	1
74800	2
74805	1
74815	1
74831	1
74844	1
74846	1
74850	1
74856	1
74860	1
74861	1
74866	2
74870	1
74875	2
74880	6
74888	1
74893	1
74900	2
74904	2
74908	1
74911	1
74925	2
74930	1
74934	1
74936	1
74949	2
74955	1
74960	3
74963	1
74969	1
74970	1
74976	1
74979	1
74984	1
74985	1
74990	1
74992	1
74996	1
75000	3
75008	2
75019	1
75020	1
75026	1
75035	2
75036	1
75037	1
75042	1
75044	1
75048	2
75056	1
75072	1
75074	1
75075	1
75080	1
75084	1
75087	1
75091	1
75096	2
75104	2
75107	1
75110	1
75119	2
75125	4
75131	1
75136	1
75146	1
75156	2
75161	1
75168	1
75180	5
75181	1
75187	1
75190	1
75195	1
75196	1
75200	2
75208	1
75213	1
75215	1
75216	2
75221	1
75227	1
75240	1
75252	2
75264	2
75270	1
75275	2
75280	1
75286	1
75300	3
75305	1
75312	1
75320	1
75339	1
75341	1
75350	1
75355	1
75359	1
75360	2
75376	1
75378	1
75388	1
75392	1
75405	1
75408	2
75416	2
75420	1
75424	1
75429	1
75432	1
75439	1
75440	1
75446	1
75456	1
75461	1
75465	1
75468	1
75469	1
75472	1
75476	1
75480	2
75482	1
75485	3
75492	2
75495	1
75496	1
75504	1
75506	1
75510	1
75516	1
75520	2
75524	1
75545	1
75548	1
75557	1
75564	1
75565	1
75576	1
75579	1
75581	1
75584	1
75596	1
75600	7
75607	1
75615	1
75616	1
75618	1
75637	2
75640	1
75645	2
75647	1
75648	1
75651	1
75652	1
75656	3
75660	1
75663	1
75665	1
75677	1
75680	4
75684	2
75696	1
75707	1
75708	1
75728	1
75744	1
75752	1
75755	1
75768	1
75775	1
75779	1
75800	1
75805	3
75813	1
75816	2
75820	1
75821	2
75824	2
75827	1
75831	1
75835	1
75839	2
75840	3
75845	1
75849	1
75850	1
75853	1
75863	2
75869	1
75873	1
75880	1
75882	1
75888	1
75901	1
75912	1
75920	1
75931	1
75936	3
75947	1
75952	1
75954	1
75965	1
75971	1
75977	1
75978	1
75980	4
75983	1
75984	1
75989	1
75990	1
75992	2
75995	1
75999	1
76000	2
76004	1
76005	2
76008	1
76015	1
76024	1
76026	1
76032	5
76033	1
76038	1
76042	1
76043	1
76045	1
76048	3
76059	1
76061	1
76067	1
76074	1
76077	1
76080	5
76085	1
76096	1
76099	1
76104	1
76106	3
76109	1
76115	1
76122	1
76127	1
76128	1
76135	1
76136	3
76139	3
76140	4
76152	1
76160	4
76171	1
76176	2
76184	1
76189	1
76196	1
76209	1
76212	1
76218	1
76224	2
76229	1
76230	1
76231	1
76232	3
76237	1
76239	1
76242	1
76244	1
76248	1
76249	1
76256	1
76260	1
76275	1
76279	1
76283	1
76289	1
76292	1
76296	3
76304	1
76315	1
76320	2
76322	1
76323	1
76325	1
76330	1
76343	1
76344	1
76348	1
76349	1
76356	3
76358	1
76360	1
76367	3
76371	1
76383	1
76388	2
76389	1
76391	1
76396	1
76403	2
76404	1
76405	1
76416	2
76424	1
76432	1
76436	3
76440	1
76442	1
76445	2
76448	1
76454	2
76456	1
76463	1
76464	1
76468	1
76473	1
76475	3
76476	1
76477	1
76480	1
76484	1
76485	1
76489	1
76496	1
76497	1
76498	1
76499	1
76508	1
76512	1
76517	1
76524	1
76531	2
76536	1
76538	3
76539	1
76544	1
76545	1
76554	1
76555	2
76559	1
76560	3
76563	1
76566	1
76580	1
76582	1
76584	1
76596	1
76608	4
76613	1
76618	1
76620	2
76624	1
76636	1
76640	2
76656	1
76660	2
76662	1
76664	2
76685	1
76693	1
76695	1
76696	1
76700	2
76701	1
76704	1
76712	2
76713	1
76715	1
76720	1
76748	1
76751	2
76752	1
76760	1
76764	1
76780	2
76784	1
76789	1
76790	1
76794	1
76796	1
76797	3
76799	1
76800	6
76802	1
76806	1
76816	1
76817	1
76820	1
76835	1
76839	1
76840	2
76856	1
76860	1
76864	1
76866	1
76869	1
76874	1
76879	1
76880	1
76881	1
76884	1
76895	2
76896	2
76909	1
76910	1
76916	1
76922	1
76925	1
76927	1
76931	1
76941	1
76944	3
76952	1
76957	2
76958	2
76960	1
76967	1
76976	1
76977	1
76980	1
76986	1
76994	1
76998	1
77000	4
77004	2
77008	1
77016	2
77023	1
77025	1
77035	1
77040	1
77048	1
77056	1
77063	2
77066	1
77072	1
77075	1
77077	1
77085	2
77109	1
77125	1
77130	1
77133	1
77138	1
77144	1
77154	1
77175	2
77180	1
77183	1
77184	1
77189	1
77196	2
77197	1
77199	1
77204	1
77212	1
77214	1
77216	2
77219	1
77220	2
77224	2
77225	2
77226	1
77231	2
77232	1
77234	3
77240	3
77250	1
77256	2
77257	1
77268	1
77269	1
77275	1
77280	2
77291	2
77296	1
77300	2
77301	1
77309	1
77328	1
77330	1
77340	3
77344	1
77345	1
77346	1
77354	1
77355	1
77360	2
77364	2
77368	1
77373	1
77376	1
77379	1
77388	2
77392	1
77394	1
77399	2
77400	2
77403	1
77405	1
77406	2
77407	1
77410	1
77412	1
77420	1
77421	1
77423	1
77432	2
77441	2
77452	1
77453	1
77456	2
77460	2
77462	1
77468	1
77471	1
77476	1
77480	1
77481	1
77483	1
77484	1
77485	2
77501	1
77504	1
77505	1
77508	1
77511	1
77518	1
77519	3
77523	1
77525	1
77529	1
77531	1
77536	1
77538	1
77540	2
77552	1
77555	2
77557	1
77560	1
77574	1
77575	1
77580	2
77581	1
77584	1
77590	1
77591	1
77595	1
77596	1
77597	1
77600	1
77605	1
77606	1
77610	1
77616	2
77621	2
77627	1
77631	1
77632	1
77640	1
77653	1
77664	2
77666	1
77674	1
77675	1
77680	2
77681	2
77682	1
77683	2
77685	1
77686	1
77688	2
77690	2
77693	1
77700	1
77701	1
77712	1
77714	1
77720	2
77728	1
77730	1
77732	1
77736	1
77738	1
77740	1
77744	1
77746	1
77754	1
77760	4
77772	1
77773	1
77776	1
77778	2
77784	1
77791	1
77794	1
77795	3
77796	2
77801	2
77802	1
77805	1
77820	1
77826	1
77828	2
77834	1
77836	1
77840	3
77844	1
77850	1
77856	1
77858	1
77862	1
77868	1
77872	1
77875	1
77878	1
77880	1
77888	1
77889	1
77891	2
77892	2
77894	1
77904	2
77920	1
77922	1
77928	2
77930	1
77935	1
77937	2
77939	1
77942	2
77952	4
77954	2
77955	1
77960	1
77975	1
77979	1
77981	2
77984	2
77985	1
77991	1
77995	1
77996	1
78000	3
78003	1
78008	2
78009	1
78012	1
78016	1
78021	1
78023	2
78024	1
78026	1
78031	1
78036	1
78039	1
78045	1
78060	1
78064	1
78065	1
78071	2
78072	2
78078	1
78080	1
78082	1
78093	1
78100	1
78102	1
78110	1
78115	1
78120	3
78122	1
78126	1
78134	2
78136	1
78143	1
78144	1
78145	1
78146	1
78150	1
78155	1
78156	1
78163	1
78181	1
78190	1
78192	1
78200	4
78204	6
78211	1
78220	1
78228	1
78230	1
78231	1
78237	1
78240	1
78241	1
78245	1
78269	1
78275	1
78276	1
78281	1
78292	1
78295	1
78312	1
78320	1
78329	1
78331	1
78336	3
78337	1
78348	1
78351	1
78355	1
78357	1
78360	1
78371	1
78376	1
78381	1
78385	1
78386	1
78387	1
78389	2
78391	1
78400	7
78407	2
78416	1
78425	1
78434	1
78440	2
78456	4
78458	1
78462	1
78463	2
78480	4
78482	2
78484	1
78486	1
78490	1
78491	1
78498	1
78509	3
78512	1
78521	1
78525	1
78528	1
78531	1
78539	1
78540	1
78549	2
78550	1
78565	1
78570	1
78575	2
78576	1
78585	1
78587	2
78589	1
78600	4
78608	1
78612	1
78624	5
78626	2
78629	1
78638	1
78651	1
78661	1
78671	1
78674	1
78675	1
78677	1
78678	1
78680	1
78682	1
78684	1
78685	1
78686	1
78687	1
78693	1
78695	1
78696	2
78698	1
78700	1
78703	1
78709	3
78715	2
78717	1
78720	4
78732	2
78738	1
78739	1
78743	2
78744	3
78750	1
78752	1
78754	1
78756	2
78757	2
78761	1
78765	1
78768	1
78771	1
78772	1
78775	1
78776	1
78779	2
78786	1
78792	2
78794	1
78797	1
78800	3
78803	1
78807	1
78812	1
78816	2
78820	2
78821	1
78824	1
78829	2
78840	1
78845	2
78848	1
78856	1
78866	2
78883	2
78884	2
78890	2
78895	1
78896	1
78897	1
78899	2
78904	1
78906	1
78912	1
78919	1
78920	1
78923	1
78924	2
78927	1
78931	1
78932	1
78936	2
78938	2
78960	4
78962	1
78966	1
78971	1
78972	1
78973	1
78974	1
78976	1
78980	1
78984	1
78988	1
78989	1
78996	1
78997	1
79000	1
79002	1
79011	1
79016	1
79019	1
79020	2
79024	1
79025	1
79029	1
79031	1
79040	1
79050	1
79056	2
79060	1
79068	1
79070	1
79071	2
79076	1
79080	1
79083	1
79085	1
79097	1
79098	1
79100	3
79101	1
79104	1
79110	1
79112	1
79116	1
79117	1
79120	1
79121	1
79125	1
79135	1
79136	1
79139	1
79144	1
79148	1
79151	1
79158	1
79160	2
79164	1
79171	2
79175	1
79176	2
79181	1
79184	1
79199	3
79200	3
79204	1
79212	3
79216	1
79218	1
79219	1
79220	4
79224	1
79227	1
79233	1
79236	1
79240	4
79245	1
79260	1
79269	1
79271	1
79275	1
79296	2
79300	1
79301	1
79306	1
79310	1
79311	2
79312	1
79319	2
79324	1
79326	1
79328	1
79344	1
79348	1
79357	1
79360	2
79372	1
79376	1
79380	1
79381	1
79387	1
79404	1
79420	2
79421	1
79424	1
79430	2
79436	1
79438	1
79440	1
79445	1
79456	1
79464	1
79466	1
79469	1
79471	1
79475	1
79480	3
79488	3
79494	2
79496	1
79499	1
79511	1
79515	1
79518	1
79520	2
79524	1
79534	1
79535	2
79536	2
79541	2
79548	1
79552	1
79560	1
79577	1
79584	2
79591	1
79604	1
79608	1
79610	2
79616	1
79618	1
79624	1
79625	2
79632	2
79634	1
79638	1
79640	1
79644	1
79654	2
79658	1
79660	2
79674	2
79675	2
79676	1
79680	1
79685	1
79688	1
79691	1
79695	3
79700	1
79701	1
79704	3
79706	1
79709	1
79711	1
79716	1
79730	1
79736	2
79739	1
79748	1
79750	1
79751	3
79764	4
79766	1
79776	1
79781	1
79785	1
79790	1
79796	1
79797	1
79800	1
79807	1
79809	1
79819	3
79820	1
79828	1
79835	1
79836	1
79848	2
79850	1
79851	1
79853	1
79860	1
79861	1
79864	1
79869	1
79871	1
79872	4
79883	1
79884	3
79896	2
79899	1
79908	1
79910	1
79912	1
79913	1
79919	2
79932	1
79940	1
79941	1
79950	1
79954	1
79956	1
79962	1
79965	1
79968	2
79973	1
79975	2
79976	1
79980	1
79981	2
79982	1
79986	2
79989	1
80000	5
80004	1
80016	2
80017	1
80024	1
80026	1
80029	2
80037	3
80040	5
80042	1
80045	1
80048	1
80052	1
80064	2
80076	2
80080	2
80096	1
80105	1
80108	1
80115	1
80116	1
80118	1
80120	1
80125	1
80131	1
80140	1
80150	1
80151	1
80160	4
80164	2
80171	1
80180	1
80184	1
80185	2
80188	1
80192	1
80203	1
80208	2
80220	3
80221	2
80233	1
80235	1
80238	1
80239	1
80240	1
80241	1
80242	1
80243	3
80248	2
80253	1
80256	1
80268	1
80269	1
80272	1
80275	1
80280	2
80290	1
80292	1
80293	1
80296	1
80300	1
80301	1
80304	1
80305	1
80306	1
80311	1
80312	1
80318	1
80322	1
80327	1
80328	1
80339	1
80340	1
80341	1
80344	1
80349	1
80352	5
80354	1
80368	2
80371	2
80375	1
80381	1
80382	1
80383	1
80387	1
80404	1
80416	1
80417	1
80423	1
80427	1
80429	1
80441	1
80444	2
80448	2
80460	1
80464	1
80474	2
80475	1
80480	1
80481	3
80483	1
80486	2
80488	3
80496	2
80500	1
80507	1
80512	2
80515	2
80525	3
80530	1
80536	1
80537	1
80540	1
80544	2
80556	2
80561	1
80565	2
80579	1
80580	1
80584	1
80591	1
80600	1
80605	1
80609	1
80611	1
80616	1
80620	3
80625	1
80626	1
80630	1
80633	1
80639	2
80640	9
80646	1
80648	1
80652	2
80655	1
80656	1
80658	1
80660	2
80661	2
80666	1
80669	1
80685	2
80699	1
80700	2
80704	2
80707	1
80723	1
80725	1
80735	2
80736	1
80740	2
80744	1
80752	2
80759	1
80760	3
80765	2
80768	1
80770	1
80771	2
80781	1
80784	5
80791	1
80795	2
80796	2
80804	1
80808	1
80810	1
80816	3
80820	1
80824	1
80831	2
80832	1
80836	1
80844	1
80850	1
80855	1
80856	1
80857	1
80861	1
80864	1
80865	1
80871	1
80880	2
80894	1
80899	2
80900	1
80904	1
80907	1
80916	1
80920	1
80927	1
80928	1
80936	1
80939	1
80940	2
80955	1
80956	1
80958	1
80965	2
80968	1
80971	1
80973	1
80976	1
80987	1
80988	1
81000	1
81005	2
81009	1
81020	2
81024	1
81025	1
81029	2
81035	1
81038	1
81039	1
81048	1
81057	1
81059	1
81064	1
81069	1
81071	1
81072	2
81075	1
81080	2
81081	1
81084	2
81089	1
81108	2
81109	2
81113	1
81116	1
81120	3
81123	1
81128	1
81136	1
81138	1
81144	1
81150	2
81155	1
81156	2
81158	1
81167	1
81168	4
81172	1
81176	3
81181	1
81184	1
81192	3
81200	9
81205	1
81210	1
81215	1
81216	3
81219	1
81221	2
81228	2
81232	1
81246	1
81258	1
81264	1
81266	1
81269	1
81279	1
81293	1
81296	2
81299	1
81300	3
81305	2
81312	2
81315	1
81319	2
81320	1
81323	1
81324	4
81325	1
81328	1
81335	2
81336	2
81339	1
81341	1
81347	1
81349	2
81360	1
81362	1
81368	1
81374	1
81375	3
81395	1
81396	2
81400	2
81404	1
81407	1
81408	1
81421	1
81432	2
81435	1
81440	1
81443	1
81444	1
81448	1
81449	1
81456	3
81460	1
81462	1
81464	1
81466	1
81468	1
81473	1
81475	2
81476	1
81480	2
81488	1
81489	1
81499	1
81509	3
81512	2
81514	1
81516	1
81522	1
81524	1
81539	1
81540	1
81542	1
81551	1
81552	1
81556	1
81561	1
81563	1
81564	4
81565	1
81568	1
81569	1
81570	1
81588	1
81590	1
81592	3
81595	1
81596	1
81599	2
81600	3
81603	1
81604	1
81605	2
81606	1
81611	1
81613	1
81619	1
81620	1
81621	2
81624	2
81627	1
81629	1
81634	1
81635	2
81637	1
81648	3
81655	1
81668	1
81676	1
81678	1
81680	1
81696	1
81711	1
81720	1
81737	1
81740	1
81744	1
81750	2
81754	1
81755	1
81756	1
81760	4
81776	1
81786	1
81796	1
81804	1
81808	1
81809	1
81816	1
81820	1
81821	2
81831	1
81839	1
81840	1
81845	2
81856	1
81872	1
81878	1
81881	1
81885	1
81893	1
81900	6
81909	1
81910	1
81920	2
81924	1
81931	1
81936	2
81941	1
81943	1
81959	1
81960	2
81963	1
81976	1
81979	1
81984	2
81991	1
81993	1
81996	1
82005	1
82007	1
82022	1
82035	1
82040	1
82041	1
82044	1
82046	2
82053	1
82056	1
82060	1
82064	1
82069	2
82076	2
82080	2
82085	1
82091	1
82101	2
82102	1
82103	1
82107	1
82109	1
82115	1
82116	3
82118	1
82120	1
82121	1
82130	1
82131	2
82140	4
82144	1
82152	1
82154	1
82157	1
82171	2
82175	1
82190	1
82193	1
82200	2
82202	1
82204	1
82208	1
82212	1
82214	1
82215	1
82216	1
82222	1
82229	2
82230	1
82232	1
82236	2
82242	1
82248	1
82266	1
82271	2
82278	1
82284	1
82288	1
82289	1
82296	2
82298	1
82300	2
82301	2
82304	1
82306	1
82310	1
82313	1
82315	1
82317	1
82320	4
82323	1
82327	1
82334	1
82336	1
82343	1
82346	1
82355	1
82358	1
82360	1
82364	1
82368	1
82376	2
82380	2
82381	1
82383	1
82391	1
82394	1
82403	1
82404	3
82419	1
82424	2
82427	1
82432	3
82434	1
82440	1
82446	1
82453	1
82454	1
82455	1
82461	1
82464	2
82465	1
82468	1
82472	1
82476	1
82485	2
82495	1
82500	2
82512	1
82515	1
82517	1
82524	1
82527	1
82541	1
82544	1
82550	1
82551	1
82557	1
82558	1
82560	1
82564	1
82567	2
82572	1
82578	1
82580	2
82584	1
82591	1
82592	1
82597	1
82600	1
82604	1
82613	1
82615	1
82624	1
82632	1
82635	1
82637	1
82639	1
82656	4
82663	1
82664	1
82667	1
82668	1
82669	1
82679	1
82681	1
82682	1
82688	2
82690	1
82692	3
82696	1
82699	1
82700	1
82704	3
82705	2
82706	1
82715	1
82716	1
82722	1
82740	1
82752	2
82756	1
82767	1
82768	3
82769	1
82775	2
82776	1
82779	1
82784	2
82787	1
82789	2
82796	2
82800	4
82805	1
82810	1
82816	1
82824	3
82827	1
82838	1
82845	1
82846	1
82851	1
82856	1
82859	1
82866	1
82872	1
82877	1
82880	2
82881	1
82888	1
82890	1
82891	1
82896	2
82900	1
82908	1
82915	2
82925	2
82931	1
82944	6
82946	1
82952	1
82959	1
82960	3
82964	1
82967	1
82972	1
82976	1
82985	1
82992	2
82994	3
82996	1
83005	1
83010	1
83013	1
83016	1
83018	1
83020	3
83021	1
83024	1
83026	1
83029	1
83031	1
83037	1
83048	1
83049	1
83062	1
83064	1
83072	1
83075	1
83076	2
83085	1
83088	1
83095	1
83105	1
83111	1
83120	2
83136	2
83147	1
83152	1
83159	1
83162	1
83168	1
83178	1
83185	1
83196	3
83200	2
83220	2
83221	1
83224	1
83231	1
83234	1
83241	1
83244	1
83245	1
83256	1
83260	2
83261	1
83270	1
83272	1
83274	2
83276	1
83280	1
83285	4
83291	1
83296	1
83300	1
83301	2
83304	1
83328	3
83336	1
83341	1
83345	3
83373	1
83375	1
83376	2
83378	1
83398	1
83400	2
83404	1
83406	1
83424	1
83430	1
83436	1
83440	1
83441	1
83453	1
83460	1
83464	1
83472	1
83475	1
83483	1
83488	1
83496	2
83503	1
83504	1
83512	1
83516	1
83520	3
83525	1
83528	1
83530	1
83532	1
83533	1
83535	1
83546	1
83559	2
83565	1
83576	1
83579	1
83589	1
83590	1
83598	1
83605	1
83606	1
83615	1
83620	1
83628	1
83632	1
83640	1
83645	1
83650	1
83664	1
83668	1
83669	1
83672	1
83677	1
83691	1
83692	1
83694	1
83696	1
83700	1
83704	1
83711	1
83712	3
83718	1
83720	2
83724	2
83725	1
83727	1
83731	1
83735	1
83736	1
83755	1
83757	1
83759	1
83760	1
83768	1
83776	3
83784	1
83791	1
83794	1
83810	2
83820	1
83824	1
83825	4
83829	1
83834	1
83835	1
83839	2
83840	2
83844	1
83846	1
83848	1
83852	1
83862	1
83870	1
83895	1
83896	1
83899	1
83912	1
83916	1
83923	1
83924	1
83926	1
83931	2
83936	1
83940	1
83942	1
83947	1
83963	1
83972	1
83976	2
83979	1
83989	1
83993	1
83999	1
84009	1
84011	2
84027	2
84035	1
84039	1
84040	1
84044	1
84047	1
84053	1
84056	2
84058	2
84071	1
84072	1
84075	1
84088	2
84089	1
84091	1
84096	2
84098	1
84100	2
84105	3
84110	1
84116	1
84120	4
84122	1
84125	2
84128	1
84139	2
84142	1
84144	2
84147	1
84149	1
84150	2
84154	1
84156	1
84162	2
84180	2
84192	2
84196	2
84202	1
84208	1
84216	1
84224	2
84225	3
84234	1
84235	1
84238	1
84240	3
84247	1
84258	1
84259	1
84267	1
84275	2
84276	1
84277	1
84280	2
84296	1
84300	2
84307	1
84314	1
84315	1
84317	1
84319	1
84325	1
84328	1
84331	1
84335	1
84336	4
84352	1
84360	1
84363	1
84371	1
84372	1
84373	1
84376	1
84384	1
84390	1
84396	1
84398	1
84400	1
84403	1
84408	1
84410	1
84412	1
84415	1
84419	1
84432	2
84436	1
84441	1
84447	1
84448	1
84455	1
84479	1
84480	2
84485	1
84496	3
84499	1
84500	2
84504	3
84506	1
84509	1
84511	1
84525	2
84528	1
84537	1
84539	1
84560	1
84564	1
84567	1
84576	1
84583	1
84588	1
84592	1
84599	1
84605	2
84622	1
84624	4
84625	1
84632	2
84640	2
84645	4
84660	1
84672	2
84676	1
84679	1
84680	1
84686	2
84691	1
84700	1
84709	2
84710	1
84732	1
84736	2
84741	1
84749	2
84752	2
84765	1
84768	1
84804	1
84816	1
84821	1
84828	1
84832	1
84840	1
84847	1
84849	2
84856	1
84864	2
84868	1
84875	2
84900	4
84912	1
84921	1
84936	1
84940	1
84955	1
84956	1
84960	4
84972	1
84975	1
84976	1
84981	1
84998	1
85000	4
85008	1
85015	2
85016	2
85024	1
85028	1
85035	2
85042	1
85044	2
85045	1
85056	1
85061	2
85065	1
85071	1
85075	1
85079	2
85080	1
85086	2
85103	1
85104	2
85113	2
85117	1
85125	1
85134	3
85136	1
85152	1
85156	1
85161	1
85164	2
85169	1
85171	1
85176	1
85180	1
85191	1
85200	4
85202	1
85212	1
85216	1
85224	2
85230	1
85236	1
85240	1
85248	1
85260	3
85264	3
85272	1
85276	2
85287	1
85293	1
85309	1
85317	1
85320	1
85325	1
85330	1
85331	1
85347	1
85349	1
85350	1
85355	1
85356	2
85365	1
85372	1
85376	1
85379	1
85383	1
85384	1
85392	1
85400	3
85404	2
85405	1
85407	1
85408	2
85409	1
85420	1
85425	1
85428	1
85429	2
85435	2
85440	1
85444	1
85452	1
85456	5
85475	1
85478	1
85481	1
85484	2
85487	1
85500	2
85501	1
85505	1
85514	1
85515	1
85516	1
85519	2
85520	2
85525	1
85529	2
85530	1
85536	4
85539	1
85556	1
85557	1
85560	4
85563	1
85567	1
85571	2
85575	1
85579	1
85583	1
85604	2
85605	1
85608	1
85617	1
85620	3
85625	1
85629	1
85632	2
85644	1
85646	1
85649	1
85651	1
85672	1
85674	1
85675	1
85680	4
85687	1
85696	1
85698	2
85701	1
85703	3
85707	1
85715	3
85720	1
85721	1
85749	1
85751	1
85752	1
85754	1
85755	1
85758	1
85759	1
85760	1
85763	2
85764	1
85772	3
85774	1
85781	1
85782	1
85784	1
85785	1
85792	1
85800	4
85801	1
85806	1
85808	1
85811	1
85815	1
85832	1
85833	1
85836	1
85845	1
85855	1
85869	1
85876	1
85878	3
85880	1
85881	1
85884	1
85888	1
85896	1
85899	1
85918	1
85920	2
85945	1
85950	1
85952	2
85956	3
85960	4
85964	1
85968	2
85992	1
85995	1
86000	1
86001	1
86002	1
86006	1
86016	4
86021	1
86023	2
86028	1
86039	1
86048	1
86056	1
86063	1
86064	3
86069	1
86071	1
86075	1
86090	1
86104	1
86106	1
86112	1
86128	1
86130	2
86131	1
86135	2
86140	1
86144	1
86160	2
86172	1
86176	1
86184	1
86187	1
86196	2
86200	1
86208	1
86218	1
86219	1
86223	1
86227	1
86230	1
86235	1
86244	1
86246	1
86256	1
86260	1
86270	1
86275	1
86279	1
86281	1
86292	1
86296	2
86304	1
86306	1
86315	1
86316	3
86331	1
86344	3
86352	1
86368	1
86375	1
86394	1
86400	1
86407	1
86421	1
86425	1
86427	1
86430	1
86431	1
86436	2
86443	1
86445	1
86459	1
86464	3
86469	1
86471	1
86475	1
86496	3
86499	2
86500	1
86504	1
86508	2
86509	1
86524	1
86531	1
86538	1
86548	1
86556	2
86557	1
86560	2
86564	1
86565	2
86567	1
86568	1
86570	1
86576	3
86581	1
86592	2
86596	1
86606	1
86619	1
86620	1
86621	1
86625	2
86631	1
86632	1
86636	1
86637	1
86640	1
86651	1
86669	2
86674	1
86688	2
86690	1
86699	1
86700	2
86701	1
86709	2
86711	1
86712	1
86724	1
86725	1
86728	1
86730	1
86735	1
86736	1
86748	2
86762	1
86765	2
86771	1
86784	2
86787	1
86789	2
86794	1
86798	1
86800	1
86802	1
86812	1
86815	1
86816	1
86821	2
86832	1
86845	1
86846	1
86848	2
86856	1
86859	1
86867	2
86868	2
86869	1
86870	1
86871	2
86875	1
86904	2
86909	3
86914	2
86916	1
86919	1
86920	2
86925	1
86926	1
86928	3
86951	1
86957	1
86963	2
86965	1
86969	1
86971	1
86975	2
86976	2
86982	2
86990	1
86992	2
86997	1
87000	1
87011	1
87013	1
87016	1
87022	1
87024	4
87025	1
87026	1
87031	1
87036	1
87040	2
87044	1
87065	1
87069	1
87072	1
87074	1
87080	1
87084	1
87089	1
87093	1
87095	1
87100	1
87105	1
87107	1
87110	1
87111	1
87112	1
87115	1
87120	3
87122	2
87124	1
87129	1
87134	1
87136	1
87144	1
87145	1
87147	1
87157	2
87161	1
87162	1
87168	2
87180	2
87181	1
87185	1
87189	1
87191	1
87192	1
87203	2
87205	1
87216	1
87220	2
87227	2
87229	1
87231	1
87232	1
87245	1
87248	1
87257	1
87272	1
87276	2
87277	2
87284	1
87290	1
87291	1
87299	1
87316	1
87318	1
87320	2
87327	1
87329	1
87336	1
87341	1
87346	1
87350	1
87351	1
87352	1
87360	7
87367	1
87373	2
87375	1
87376	3
87383	1
87396	2
87404	1
87405	1
87408	2
87430	1
87435	2
87440	2
87460	1
87464	1
87465	2
87468	1
87472	1
87480	1
87495	1
87501	1
87514	1
87515	1
87520	1
87528	1
87530	1
87532	1
87552	2
87561	1
87575	1
87581	1
87584	1
87600	5
87605	1
87616	3
87636	2
87639	1
87640	3
87641	1
87644	1
87645	1
87647	1
87670	1
87672	1
87688	2
87689	1
87695	1
87696	4
87699	1
87701	1
87720	1
87724	1
87744	2
87760	1
87761	1
87780	2
87796	1
87797	1
87806	1
87808	2
87811	1
87814	1
87816	1
87822	1
87824	1
87840	1
87852	1
87855	1
87856	1
87857	1
87859	2
87864	1
87869	2
87876	1
87899	1
87900	1
87902	1
87913	1
87924	1
87930	1
87931	1
87936	1
87939	1
87941	2
87942	1
87957	1
87966	1
87972	1
87984	2
87999	1
88000	1
88004	1
88011	2
88013	1
88029	1
88039	1
88043	1
88044	1
88053	1
88059	1
88060	1
88069	1
88072	1
88074	1
88075	1
88076	1
88077	1
88080	1
88088	1
88096	1
88104	1
88106	1
88111	1
88125	1
88128	3
88137	1
88140	1
88141	1
88151	1
88174	2
88176	1
88187	1
88189	1
88192	3
88200	3
88204	1
88205	1
88214	2
88220	1
88236	1
88239	1
88240	1
88251	1
88256	1
88272	2
88274	2
88279	1
88284	1
88285	3
88295	1
88296	2
88300	1
88317	1
88319	1
88320	4
88325	1
88331	1
88340	2
88354	1
88356	1
88358	1
88362	1
88368	1
88372	1
88375	1
88377	1
88381	1
88392	1
88394	1
88396	3
88397	1
88403	2
88405	1
88412	2
88414	1
88419	2
88421	2
88425	1
88428	1
88440	2
88475	2
88480	2
88481	1
88488	1
88500	1
88514	1
88516	1
88523	2
88533	1
88536	1
88538	1
88543	1
88550	1
88555	1
88560	2
88575	1
88580	1
88583	1
88592	1
88596	1
88600	2
88607	1
88611	1
88620	3
88624	1
88638	1
88642	1
88650	1
88652	1
88655	1
88659	1
88663	1
88664	1
88694	1
88704	1
88705	1
88710	1
88719	1
88720	1
88722	1
88725	2
88736	1
88740	2
88748	1
88749	1
88763	1
88786	1
88795	1
88800	1
88806	1
88808	1
88810	1
88820	1
88823	2
88824	2
88835	1
88836	1
88837	1
88840	3
88848	1
88857	1
88860	1
88865	1
88881	1
88896	2
88901	1
88907	1
88923	1
88939	2
88944	1
88952	1
88960	2
88965	1
88971	1
88985	1
88992	1
88994	1
89011	1
89021	1
89033	1
89039	1
89040	3
89044	1
89045	1
89053	1
89056	1
89071	1
89075	2
89076	1
89098	1
89100	1
89104	2
89115	1
89120	1
89121	1
89125	1
89136	1
89145	1
89154	1
89159	1
89160	1
89162	1
89164	1
89171	1
89175	1
89180	2
89187	1
89196	3
89215	1
89224	2
89232	1
89236	1
89260	1
89264	1
89265	1
89280	2
89292	1
89296	1
89306	1
89315	1
89320	1
89324	2
89328	1
89340	1
89344	1
89352	1
89355	1
89356	1
89360	2
89376	4
89381	1
89390	1
89401	2
89416	1
89424	2
89432	1
89436	1
89439	1
89440	1
89451	1
89452	2
89471	1
89472	1
89484	2
89488	1
89496	1
89499	3
89500	1
89501	1
89511	1
89516	1
89560	1
89568	1
89579	2
89580	1
89592	1
89600	3
89609	1
89610	1
89616	2
89627	1
89628	1
89637	1
89640	2
89648	1
89649	1
89652	1
89661	1
89664	2
89670	1
89675	1
89676	2
89680	1
89688	1
89692	3
89696	1
89700	4
89712	3
89719	1
89723	3
89724	1
89728	4
89739	1
89741	1
89742	1
89747	1
89750	1
89755	1
89760	4
89770	1
89776	1
89784	1
89786	1
89787	1
89795	1
89797	2
89806	1
89811	1
89813	2
89825	1
89831	1
89832	1
89838	1
89845	1
89856	4
89864	1
89866	1
89871	1
89880	1
89883	1
89890	1
89892	1
89898	1
89903	1
89908	1
89913	1
89915	1
89917	1
89920	1
89921	1
89926	1
89938	1
89940	1
89941	1
89960	1
89963	1
89964	1
89965	1
89971	1
89973	1
89974	1
89976	1
89979	1
89980	2
89984	1
89991	1
89996	1
90000	2
90009	1
90011	1
90012	1
90020	1
90022	1
90034	1
90047	1
90048	5
90051	1
90055	4
90057	1
90060	1
90072	1
90074	1
90075	1
90087	1
90089	1
90091	1
90096	3
90098	1
90110	1
90112	1
90120	1
90144	1
90153	2
90159	1
90160	4
90171	1
90179	1
90180	2
90190	1
90192	1
90195	1
90200	1
90207	1
90219	1
90228	1
90230	1
90240	1
90248	1
90266	1
90272	1
90288	1
90311	1
90315	1
90316	1
90335	1
90345	1
90360	1
90365	1
90384	1
90396	2
90400	1
90412	1
90432	1
90440	1
90449	1
90456	1
90461	1
90476	1
90496	2
90503	1
90509	1
90516	3
90525	1
90528	1
90531	1
90540	1
90551	1
90552	1
90560	1
90572	1
90576	1
90580	1
90581	1
90592	1
90595	1
90600	1
90615	1
90619	1
90624	1
90625	1
90629	1
90636	3
90640	1
90672	1
90686	1
90688	1
90706	1
90720	5
90724	1
90732	1
90735	1
90744	2
90747	1
90755	1
90756	1
90765	2
90768	1
90774	1
90784	1
90799	3
90816	3
90821	1
90827	2
90832	5
90835	2
90843	1
90846	1
90851	1
90852	2
90860	1
90869	2
90875	1
90880	2
90895	3
90912	2
90915	1
90920	2
90941	1
90944	1
90955	1
90957	1
90972	1
90984	1
90995	1
90996	1
90997	1
91010	1
91025	1
91034	1
91035	3
91039	1
91045	1
91056	3
91060	2
91061	1
91067	1
91083	1
91085	1
91086	1
91106	1
91117	1
91119	1
91124	1
91125	1
91128	1
91131	2
91135	1
91139	1
91140	1
91149	1
91158	1
91166	1
91177	1
91179	1
91180	1
91181	1
91184	3
91187	1
91195	1
91200	4
91203	1
91204	1
91212	1
91217	1
91225	1
91248	1
91256	1
91260	1
91267	1
91271	3
91275	1
91280	3
91285	1
91287	1
91294	1
91296	1
91307	1
91316	1
91320	1
91323	1
91327	1
91330	1
91334	1
91343	1
91344	1
91348	1
91353	1
91368	1
91380	1
91385	1
91389	1
91390	1
91392	4
91411	1
91416	1
91426	1
91436	3
91442	1
91448	1
91452	1
91459	1
91462	1
91463	1
91476	2
91490	1
91498	1
91511	1
91512	2
91515	2
91532	2
91536	1
91539	2
91540	1
91552	1
91567	1
91571	1
91584	2
91596	1
91599	1
91602	1
91607	1
91609	1
91613	1
91622	1
91632	1
91644	1
91656	1
91665	1
91668	1
91669	1
91670	1
91714	2
91718	1
91728	3
91737	1
91740	1
91746	1
91756	1
91764	2
91765	1
91784	2
91787	1
91798	2
91800	2
91805	1
91840	2
91844	1
91864	1
91872	1
91875	2
91881	1
91901	1
91905	1
91908	2
91910	2
91916	1
91925	1
91934	1
91936	1
91956	1
91959	1
91960	2
91980	2
92000	1
92030	1
92045	1
92071	1
92076	2
92085	3
92088	1
92089	1
92099	2
92104	1
92110	1
92112	1
92115	3
92117	1
92120	2
92155	1
92160	4
92165	2
92175	2
92176	4
92180	1
92181	1
92189	1
92192	1
92200	1
92208	1
92220	1
92224	2
92225	1
92236	1
92240	2
92251	1
92255	1
92295	1
92304	2
92340	2
92348	1
92352	3
92360	2
92364	2
92368	2
92373	1
92379	1
92387	1
92392	1
92395	1
92397	1
92400	8
92416	3
92428	1
92435	2
92448	1
92460	2
92480	2
92484	1
92496	1
92500	1
92504	1
92510	1
92512	2
92513	1
92519	1
92520	1
92523	1
92532	1
92544	1
92548	1
92555	1
92557	1
92563	3
92567	1
92568	1
92577	1
92580	1
92583	1
92596	1
92611	1
92612	2
92616	1
92619	1
92620	1
92624	2
92631	1
92632	1
92638	1
92640	1
92650	1
92663	1
92664	1
92669	1
92672	1
92673	1
92675	1
92676	1
92684	3
92698	1
92708	1
92715	2
92719	1
92722	1
92728	1
92733	1
92736	4
92743	1
92748	2
92756	1
92772	1
92778	2
92790	1
92792	1
92794	2
92795	1
92799	3
92800	1
92808	1
92811	1
92812	2
92815	1
92817	1
92819	1
92820	1
92832	1
92833	1
92835	1
92838	1
92848	2
92856	1
92865	1
92875	1
92885	1
92888	2
92890	1
92891	1
92899	1
92910	1
92911	1
92912	1
92916	2
92917	1
92926	2
92927	1
92928	3
92930	1
92935	2
92944	2
92953	1
92966	1
92970	1
92971	1
92975	1
92976	2
92979	1
92988	1
93005	1
93009	1
93014	1
93021	1
93022	1
93024	1
93029	1
93043	1
93054	1
93060	1
93065	1
93085	1
93086	1
93096	1
93100	1
93102	1
93104	1
93108	1
93120	1
93146	1
93147	1
93168	1
93178	1
93215	1
93219	1
93224	1
93236	1
93261	1
93288	1
93302	1
93312	4
93324	1
93360	2
93392	1
93432	1
93445	1
93456	3
93469	1
93471	1
93474	1
93480	1
93488	1
93492	1
93505	1
93520	3
93537	1
93555	1
93576	1
93581	2
93583	1
93590	1
93592	1
93596	1
93600	2
93604	1
93611	1
93612	1
93625	1
93629	1
93637	1
93639	1
93651	1
93660	2
93664	1
93676	1
93684	1
93686	1
93700	1
93703	1
93712	2
93716	1
93720	2
93721	1
93744	4
93750	1
93757	2
93765	1
93778	1
93803	1
93804	3
93811	1
93817	2
93820	2
93825	1
93826	1
93835	2
93836	1
93840	2
93843	1
93861	1
93864	1
93868	1
93875	2
93893	1
93897	1
93916	1
93917	1
93933	1
93936	1
93940	1
93952	1
93960	2
93970	1
93988	1
93996	1
94000	1
94020	1
94024	1
94032	1
94038	1
94043	1
94044	1
94047	1
94064	2
94070	1
94073	1
94080	7
94112	2
94115	1
94116	1
94117	1
94119	1
94120	1
94130	1
94140	2
94154	2
94158	1
94165	1
94194	1
94224	1
94236	1
94246	1
94248	1
94253	1
94254	1
94260	1
94276	2
94284	1
94296	1
94315	1
94320	1
94325	1
94326	1
94338	1
94339	1
94341	1
94360	1
94380	1
94395	1
94400	1
94402	1
94428	1
94464	2
94472	1
94491	1
94500	3
94507	1
94512	1
94515	1
94560	2
94570	1
94584	1
94596	1
94608	1
94616	1
94640	1
94656	1
94660	1
94683	1
94690	1
94692	1
94715	1
94731	1
94734	1
94752	2
94780	1
94785	1
94800	1
94805	1
94815	1
94820	1
94836	1
94846	1
94848	2
94864	1
94896	2
94946	1
94978	1
95021	1
95040	4
95045	1
95056	1
95085	1
95088	2
95097	1
95115	1
95116	2
95120	1
95140	1
95148	1
95164	1
95184	1
95196	1
95244	1
95248	1
95256	1
95294	1
95296	1
95312	1
95313	1
95323	1
95328	1
95340	2
95360	1
95392	4
95400	1
95401	1
95410	1
95418	1
95421	1
95424	1
95436	1
95440	1
95472	1
95485	1
95489	1
95515	1
95520	2
95524	1
95550	1
95555	1
95570	1
95580	2
95584	3
95603	1
95616	1
95625	1
95648	1
95655	1
95664	2
95676	1
95680	1
95700	1
95704	1
95716	1
95730	1
95743	1
95746	2
95751	1
95760	2
95772	1
95778	1
95782	1
95795	1
95804	1
95827	1
95832	2
95851	1
95904	1
95914	1
95915	1
95918	1
95927	1
95931	1
95937	1
95963	1
95967	1
95971	1
95976	1
95991	1
96000	1
96040	4
96044	1
96063	1
96084	1
96096	1
96110	1
96111	1
96120	1
96124	1
96173	1
96208	1
96240	1
96275	1
96280	2
96288	1
96291	1
96300	1
96309	1
96320	1
96336	1
96363	1
96460	6
96462	1
96480	1
96523	1
96537	1
96544	1
96552	1
96556	1
96564	1
96573	1
96585	1
96600	1
96607	1
96630	1
96639	1
96640	1
96643	1
96645	1
96660	3
96661	1
96678	1
96684	2
96688	1
96696	2
96705	1
96748	1
96760	2
96768	5
96775	1
96796	1
96832	1
96836	1
96840	1
96844	2
96880	1
96903	1
96937	1
96939	1
96941	1
96944	1
96960	2
96968	1
96976	1
96979	1
96985	1
96996	1
97003	1
97008	1
97011	1
97015	1
97020	2
97021	1
97024	2
97025	1
97033	1
97035	1
97056	1
97100	1
97104	2
97111	1
97112	1
97140	1
97144	1
97152	1
97157	1
97179	1
97187	1
97190	1
97195	1
97200	1
97209	2
97224	1
97235	1
97243	1
97261	1
97264	1
97266	2
97267	1
97284	1
97293	1
97318	1
97344	1
97347	1
97392	1
97405	1
97422	1
97433	1
97440	3
97475	2
97488	1
97500	1
97504	1
97524	2
97527	1
97534	1
97540	1
97565	1
97665	1
97704	2
97716	1
97740	1
97774	1
97776	1
97792	1
97803	1
97812	1
97832	1
97840	1
97848	1
97860	1
97867	1
97869	1
97872	1
97920	2
97936	1
97950	1
97968	1
97977	1
97995	1
97996	1
98000	1
98025	1
98049	1
98056	1
98064	2
98096	1
98112	1
98120	1
98125	1
98131	1
98157	1
98160	1
98189	2
98196	1
98220	1
98245	1
98256	1
98264	1
98280	2
98306	1
98325	1
98343	1
98397	1
98428	1
98441	1
98451	1
98496	2
98515	1
98525	1
98532	3
98540	1
98560	4
98580	1
98595	2
98608	1
98610	1
98623	1
98631	1
98640	1
98670	1
98688	1
98700	4
98730	1
98736	1
98739	2
98770	1
98775	1
98784	1
98795	1
98818	1
98832	1
98838	1
98860	1
98867	1
98879	1
98880	1
98920	1
98925	1
98928	1
98946	1
98993	1
99008	1
99025	1
99036	1
99064	1
99117	1
99176	2
99189	1
99200	1
99216	1
99225	1
99232	1
99252	2
99264	1
99280	1
99293	1
99328	2
99360	1
99400	1
99405	1
99428	1
99468	1
99515	1
99540	1
99552	1
99643	1
99660	1
99664	1
99666	1
99687	1
99696	1
99762	1
99808	1
99811	1
99820	1
99840	2
99859	1
99860	1
99872	1
99876	1
99916	1
99940	1
99949	1
99960	2
100000	1
100048	1
100050	1
100057	2
100080	1
100082	1
100116	1
100128	1
100156	1
100179	1
100200	1
100208	1
100219	1
100224	1
100240	2
100275	1
100296	1
100313	1
100344	1
100398	1
100411	1
100416	2
100440	2
100464	1
100480	1
100521	1
100528	1
100533	1
100563	1
100632	1
100639	1
100695	1
100696	1
100752	1
100800	5
100809	2
100832	1
100881	1
100919	1
100941	1
100944	1
101019	1
101026	1
101029	1
101059	1
101068	2
101080	1
101088	2
101115	1
101163	1
101170	1
101190	1
101193	1
101200	1
101246	1
101248	1
101259	1
101304	1
101308	1
101352	1
101362	1
101368	1
101376	2
101383	1
101395	1
101403	1
101412	1
101421	1
101425	1
101427	1
101430	2
101434	1
101451	1
101473	1
101479	1
101529	1
101535	1
101536	1
101568	1
101572	1
101586	1
101595	1
101619	1
101632	2
101633	1
101640	1
101664	1
101676	1
101700	1
101734	1
101779	1
101784	1
101808	2
101809	1
101827	1
101844	1
101859	1
101888	1
101920	2
101944	1
101952	1
101970	1
102002	1
102032	1
102048	2
102060	1
102064	1
102065	1
102080	1
102133	1
102142	1
102144	3
102160	1
102165	2
102172	1
102200	1
102235	1
102258	1
102283	1
102284	1
102289	1
102290	1
102305	1
102312	1
102325	1
102336	1
102352	1
102357	1
102384	1
102432	1
102455	1
102465	1
102480	1
102508	2
102540	1
102582	1
102592	1
102594	1
102616	1
102635	1
102648	1
102672	1
102748	1
102756	1
102793	1
102795	1
102816	1
102868	1
102872	1
102900	3
102907	1
102912	1
102915	2
102936	1
102960	1
103020	2
103059	1
103068	1
103075	2
103095	1
103104	1
103117	1
103120	1
103124	1
103140	2
103170	1
103203	1
103227	1
103235	1
103248	1
103255	1
103264	1
103273	1
103275	1
103280	1
103284	1
103302	1
103312	2
103320	1
103344	1
103383	1
103392	1
103400	1
103401	1
103420	1
103426	1
103434	1
103435	1
103470	1
103494	1
103496	1
103507	1
103509	1
103512	1
103536	1
103537	1
103552	2
103564	1
103579	1
103584	2
103602	1
103618	1
103632	1
103642	1
103648	1
103651	1
103659	1
103663	1
103680	4
103704	1
103707	1
103728	1
103740	1
103744	1
103757	1
103758	1
103771	1
103788	2
103807	1
103872	1
103882	1
103896	1
103906	1
103936	1
103966	1
103983	1
103995	1
103999	1
104000	1
104013	2
104048	1
104052	1
104056	1
104094	1
104104	1
104112	1
104125	2
104139	1
104160	1
104170	1
104190	1
104203	1
104220	2
104235	1
104267	1
104272	3
104274	1
104337	1
104364	1
104368	1
104377	1
104400	3
104405	1
104434	1
104440	1
104443	1
104448	1
104451	1
104544	1
104560	1
104562	1
104571	1
104608	2
104640	2
104664	1
104701	1
104704	1
104706	1
104713	1
104715	1
104720	1
104727	1
104766	1
104784	1
104795	1
104800	3
104805	1
104835	1
104860	1
104868	1
104875	1
104883	1
104895	1
104896	1
104899	1
104907	1
104912	1
104931	1
104932	1
104944	2
104947	1
104949	1
104958	1
104979	1
104985	1
104986	1
104994	1
105000	1
105021	1
105024	1
105066	1
105088	1
105097	1
105120	1
105124	1
105154	1
105155	1
105160	1
105164	1
105175	1
105189	1
105202	1
105204	1
105216	1
105261	1
105264	3
105273	1
105280	2
105291	1
105300	1
105304	1
105315	1
105324	1
105376	1
105408	1
105420	4
105449	1
105461	1
105464	1
105467	1
105472	1
105475	1
105483	1
105515	1
105516	1
105552	2
105560	1
105600	2
105616	3
105643	1
105648	1
105689	1
105696	1
105714	1
105728	1
105737	1
105744	1
105777	1
105814	1
105816	1
105835	1
105840	6
105867	1
105870	1
105896	1
105904	1
105915	1
105920	1
105931	1
105960	2
105984	2
106000	1
106041	1
106057	1
106066	1
106068	1
106080	1
106128	1
106134	1
106140	2
106162	1
106175	1
106192	1
106195	1
106200	1
106219	1
106220	2
106236	1
106240	1
106243	1
106272	1
106277	1
106284	1
106287	1
106288	1
106352	3
106368	1
106372	4
106379	1
106382	1
106386	1
106392	1
106400	1
106408	1
106416	1
106434	1
106448	1
106455	1
106459	1
106464	1
106473	1
106475	1
106482	2
106500	2
106512	1
106515	1
106523	1
106528	1
106536	1
106540	1
106544	1
106553	1
106560	1
106576	1
106583	1
106599	1
106605	1
106621	1
106624	2
106627	1
106664	1
106665	1
106672	1
106685	1
106701	1
106704	2
106711	1
106720	2
106722	1
106749	1
106752	2
106768	1
106771	1
106774	1
106776	1
106785	1
106800	1
106825	1
106836	1
106850	1
106852	1
106855	1
106859	1
106861	1
106880	1
106890	1
106904	1
106921	1
106932	1
106960	1
106968	1
107001	1
107016	2
107059	1
107079	1
107115	2
107124	2
107128	1
107134	1
107136	2
107244	1
107247	1
107251	1
107296	2
107320	1
107324	1
107331	1
107340	2
107341	1
107380	1
107395	1
107436	1
107440	3
107443	1
107474	1
107491	1
107508	2
107520	4
107539	1
107541	1
107544	1
107571	1
107595	1
107604	1
107640	1
107647	1
107648	1
107674	1
107688	1
107691	1
107695	1
107700	1
107712	1
107728	1
107755	1
107759	1
107768	1
107793	1
107800	2
107803	1
107816	1
107835	1
107845	1
107856	1
107858	1
107872	1
107880	1
107888	1
107901	1
107904	3
107914	1
107919	1
107920	2
107940	1
107947	2
107968	1
107986	1
107991	1
108008	1
108015	1
108016	1
108027	1
108032	1
108051	1
108060	1
108064	1
108073	1
108075	1
108082	1
108096	1
108104	1
108108	1
108113	1
108115	3
108120	4
108123	1
108129	1
108136	1
108144	2
108156	1
108160	1
108178	2
108180	1
108186	1
108201	1
108204	1
108220	1
108221	1
108226	1
108242	1
108256	2
108266	1
108267	1
108276	2
108292	2
108300	1
108304	2
108336	1
108338	1
108355	1
108360	1
108361	1
108370	1
108379	1
108388	2
108416	1
108427	1
108441	1
108444	1
108448	1
108456	2
108463	1
108468	1
108499	1
108500	1
108508	1
108528	1
108530	1
108535	2
108544	1
108559	1
108562	1
108566	1
108576	1
108577	1
108581	1
108594	1
108633	1
108646	1
108664	1
108674	1
108675	1
108688	1
108708	1
108720	2
108727	1
108744	1
108745	1
108752	2
108759	1
108761	1
108790	1
108800	3
108864	5
108878	1
108882	2
108920	1
108923	1
108944	1
108948	1
109003	1
109025	1
109044	2
109051	1
109053	1
109056	1
109080	1
109083	1
109092	1
109109	1
109110	1
109115	1
109120	1
109144	1
109177	1
109179	1
109180	1
109195	1
109198	1
109200	2
109207	1
109224	1
109235	1
109242	1
109275	1
109291	1
109312	1
109321	1
109340	2
109344	1
109351	1
109368	1
109380	1
109417	1
109420	2
109440	3
109455	1
109464	2
109475	1
109480	4
109482	1
109487	1
109503	1
109512	1
109515	2
109520	1
109536	1
109560	2
109572	1
109573	1
109585	1
109602	1
109648	1
109650	1
109656	1
109668	1
109675	1
109700	1
109704	1
109705	1
109723	1
109725	1
109728	1
109741	1
109743	1
109746	1
109760	4
109770	1
109780	1
109785	1
109795	2
109800	2
109816	1
109826	1
109835	1
109840	1
109848	1
109872	1
109875	1
109886	1
109890	1
109928	1
109935	1
109939	1
109944	1
109957	1
109960	1
109978	1
109980	1
109987	1
109991	1
110005	1
110013	2
110016	2
110019	1
110028	2
110038	1
110040	1
110044	1
110078	1
110080	2
110089	1
110092	2
110104	1
110115	1
110119	1
110120	1
110126	1
110131	1
110152	1
110160	2
110171	1
110176	1
110180	1
110185	1
110187	1
110201	1
110203	1
110208	3
110216	1
110219	1
110244	1
110256	1
110272	1
110277	1
110281	1
110285	2
110339	1
110362	1
110363	1
110364	1
110371	1
110400	1
110419	1
110429	1
110443	1
110454	1
110466	1
110475	2
110515	2
110517	1
110518	1
110523	1
110531	1
110539	1
110544	1
110575	1
110577	1
110582	1
110592	3
110616	1
110640	4
110656	1
110659	1
110671	1
110675	1
110683	1
110684	1
110688	1
110700	1
110719	1
110738	1
110740	3
110745	1
110754	1
110755	1
110770	1
110784	1
110795	2
110799	1
110824	2
110835	1
110845	1
110847	1
110852	1
110864	1
110880	3
110888	1
110894	1
110896	2
110900	1
110913	1
110928	2
110936	1
110939	1
110964	1
110968	1
110976	1
110980	1
110985	2
110987	1
111008	1
111013	1
111021	1
111024	1
111036	1
111061	1
111072	1
111083	1
111085	1
111163	1
111168	3
111176	1
111180	1
111186	1
111195	1
111196	1
111200	1
111202	1
111204	2
111216	1
111224	1
111232	1
111244	1
111259	1
111275	1
111276	1
111293	1
111318	1
111321	1
111322	1
111328	2
111331	1
111340	1
111348	1
111349	1
111360	5
111384	2
111419	1
111435	1
111444	1
111454	2
111464	1
111475	1
111476	1
111504	1
111513	1
111516	1
111520	2
111524	1
111529	1
111533	1
111552	1
111555	1
111559	1
111564	1
111580	1
111588	5
111602	1
111616	2
111619	1
111620	1
111645	1
111648	1
111651	1
111657	1
111662	1
111673	1
111696	1
111737	1
111744	1
111769	1
111780	3
111816	1
111826	1
111862	1
111864	1
111874	1
111876	1
111883	1
111888	1
111897	1
111900	2
111910	1
111915	1
111930	1
111933	1
111940	1
111951	1
111972	3
111976	1
111980	3
111986	1
112000	5
112006	1
112020	2
112029	1
112035	1
112050	1
112051	1
112063	1
112105	1
112120	1
112128	1
112140	2
112155	1
112160	1
112161	1
112163	1
112175	2
112176	2
112201	1
112206	1
112210	1
112219	1
112220	1
112224	2
112225	1
112240	2
112257	1
112264	1
112288	1
112308	2
112309	1
112316	1
112320	2
112363	1
112376	1
112381	1
112386	1
112387	1
112395	1
112400	1
112424	2
112425	1
112427	1
112428	1
112434	1
112443	1
112448	1
112462	1
112464	2
112471	1
112475	1
112476	1
112480	1
112512	1
112535	1
112608	2
112619	1
112626	1
112627	1
112644	1
112665	1
112666	1
112672	1
112704	1
112710	1
112722	1
112736	1
112740	1
112750	1
112751	1
112752	1
112755	1
112763	1
112765	1
112772	1
112780	2
112784	1
112791	1
112796	1
112809	1
112812	2
112840	1
112847	1
112854	1
112858	1
112866	2
112868	2
112875	1
112879	1
112890	1
112896	2
112899	1
112907	1
112920	1
112933	1
112936	2
112941	1
112954	1
112968	1
112980	1
112995	1
113010	2
113011	1
113015	1
113016	2
113024	1
113025	1
113028	2
113035	1
113040	2
113061	1
113064	1
113071	2
113072	1
113073	1
113074	1
113080	1
113087	1
113088	1
113090	1
113097	1
113103	2
113104	2
113113	2
113124	1
113125	1
113134	1
113149	2
113152	2
113168	1
113175	1
113182	1
113190	1
113192	1
113200	1
113211	1
113214	1
113221	1
113223	1
113224	1
113225	1
113248	1
113256	1
113260	1
113280	1
113330	1
113331	1
113337	1
113346	1
113350	1
113351	1
113355	2
113361	1
113373	1
113376	1
113389	1
113395	1
113428	1
113433	1
113435	1
113437	1
113440	1
113452	1
113459	1
113472	1
113475	1
113476	1
113477	1
113485	1
113499	1
113505	1
113515	1
113520	5
113529	1
113536	1
113555	1
113568	1
113592	1
113600	2
113611	1
113630	1
113645	1
113648	1
113653	1
113672	1
113676	1
113680	5
113689	1
113707	1
113734	1
113740	1
113741	1
113757	1
113764	1
113771	1
113805	1
113820	2
113827	1
113839	1
113841	1
113846	2
113848	1
113856	2
113860	1
113870	1
113872	1
113880	1
113885	1
113904	1
113907	1
113915	1
113919	1
113923	1
113925	2
113927	1
113985	1
113988	2
113996	1
114000	1
114011	1
114015	1
114043	1
114048	1
114063	1
114072	2
114075	1
114076	1
114096	1
114115	1
114143	1
114144	4
114152	1
114160	2
114162	2
114172	1
114173	2
114184	1
114192	1
114240	10
114247	1
114253	1
114261	1
114275	1
114276	1
114283	1
114291	1
114300	1
114306	1
114315	1
114321	1
114333	1
114345	1
114347	1
114352	1
114360	1
114361	1
114379	2
114394	1
114395	1
114403	1
114405	1
114415	2
114421	1
114426	1
114444	1
114448	1
114450	1
114453	1
114455	1
114456	1
114464	1
114478	1
114480	1
114504	1
114516	1
114532	1
114535	1
114536	1
114565	1
114570	1
114582	1
114583	1
114586	1
114590	1
114598	1
114609	1
114619	1
114624	2
114636	1
114643	1
114655	1
114660	4
114661	1
114675	1
114688	2
114690	1
114696	1
114716	1
114719	1
114720	1
114724	1
114730	1
114736	1
114741	1
114744	1
114769	1
114793	1
114795	1
114802	1
114807	1
114808	1
114815	1
114816	2
114825	1
114829	1
114840	3
114843	1
114847	1
114849	1
114852	2
114865	1
114880	2
114884	1
114897	1
114898	1
114908	1
114912	3
114920	1
114936	1
114944	1
114963	1
114968	1
114980	1
114982	1
114996	3
115000	1
115012	2
115017	1
115019	1
115027	1
115042	1
115044	1
115051	1
115056	1
115061	1
115072	1
115080	1
115082	1
115105	1
115115	2
115116	1
115136	1
115200	4
115208	1
115210	1
115215	2
115216	2
115220	1
115221	1
115230	1
115234	1
115236	2
115240	1
115241	1
115248	2
115257	1
115260	1
115282	1
115283	1
115284	1
115285	1
115291	1
115297	1
115300	1
115304	1
115320	2
115328	1
115344	1
115347	1
115362	1
115366	1
115371	1
115374	1
115411	1
115416	1
115428	1
115462	1
115476	1
115479	1
115500	6
115502	1
115505	1
115507	2
115515	2
115518	2
115521	1
115542	1
115561	1
115572	1
115576	1
115578	1
115579	1
115580	2
115584	1
115605	2
115608	1
115611	1
115625	1
115668	1
115675	3
115689	1
115699	1
115701	1
115710	1
115712	1
115720	1
115731	1
115736	1
115740	2
115745	1
115752	1
115766	1
115768	1
115776	2
115801	1
115819	1
115824	3
115826	1
115830	1
115836	1
115867	1
115872	1
115875	1
115884	1
115885	1
115920	2
115932	1
115953	1
115960	1
115965	1
115979	1
115989	2
115992	1
115998	1
116016	2
116032	3
116040	1
116054	1
116075	1
116076	2
116083	1
116095	1
116096	1
116105	1
116114	1
116118	1
116120	1
116136	1
116148	1
116155	1
116176	1
116179	1
116195	1
116198	1
116203	1
116207	1
116208	1
116225	1
116228	2
116229	1
116235	1
116243	1
116250	1
116272	1
116280	1
116293	1
116306	1
116319	1
116320	1
116340	2
116344	1
116347	1
116361	1
116367	1
116368	1
116376	1
116395	2
116400	1
116418	1
116433	1
116443	1
116448	1
116459	1
116480	2
116496	2
116513	1
116523	1
116528	1
116531	1
116532	1
116538	1
116565	1
116580	1
116584	1
116592	1
116599	2
116616	1
116656	1
116660	1
116675	1
116676	1
116683	2
116692	1
116704	1
116706	1
116717	1
116736	3
116755	1
116760	1
116762	1
116769	1
116774	1
116776	1
116795	1
116800	5
116821	2
116822	1
116832	1
116844	1
116847	1
116848	1
116856	2
116865	1
116868	1
116874	1
116875	1
116893	2
116899	1
116900	1
116908	1
116913	1
116928	3
116935	2
116940	2
116946	2
116970	1
116991	2
116996	1
117000	1
117008	1
117012	1
117015	1
117024	1
117026	1
117030	1
117036	1
117040	3
117055	1
117057	1
117067	1
117075	1
117087	1
117090	1
117096	1
117103	1
117109	1
117115	1
117116	1
117120	1
117136	1
117138	1
117144	1
117175	1
117180	2
117196	1
117204	1
117210	1
117217	1
117224	1
117243	1
117244	1
117256	1
117261	1
117264	1
117295	1
117334	2
117349	1
117355	3
117360	1
117376	2
117390	1
117416	1
117418	1
117428	1
117451	1
117480	1
117496	1
117500	1
117504	3
117510	1
117516	2
117520	1
117530	2
117535	1
117552	1
117560	1
117611	1
117625	1
117635	1
117645	1
117660	2
117667	1
117668	1
117680	1
117691	2
117731	1
117737	1
117740	3
117763	1
117764	1
117768	1
117770	1
117775	2
117786	1
117792	1
117808	1
117810	1
117811	1
117834	1
117836	1
117837	1
117845	1
117852	1
117856	2
117859	1
117868	2
117912	3
117913	1
117915	3
117916	1
117931	1
117936	3
117951	1
117952	1
117957	1
117972	1
117992	1
118007	1
118008	1
118011	1
118017	1
118020	1
118030	1
118031	1
118035	1
118038	1
118055	2
118056	1
118080	3
118099	2
118104	1
118119	1
118128	2
118129	1
118160	1
118161	1
118175	1
118177	1
118184	1
118189	1
118200	1
118211	1
118224	1
118228	1
118252	1
118272	1
118279	1
118291	1
118300	1
118302	1
118310	2
118320	1
118335	1
118380	2
118394	1
118395	1
118421	1
118440	1
118447	1
118448	1
118464	1
118476	1
118480	1
118490	1
118494	1
118496	1
118500	1
118507	1
118508	1
118519	1
118524	1
118528	1
118545	1
118555	1
118594	1
118596	2
118603	1
118611	1
118656	2
118664	1
118668	1
118671	1
118675	1
118676	1
118680	1
118696	2
118700	1
118713	1
118715	1
118720	1
118723	1
118740	1
118763	1
118764	1
118782	1
118800	1
118834	1
118837	1
118842	1
118843	1
118848	1
118860	6
118862	1
118886	1
118902	1
118904	1
118910	1
118911	1
118917	1
118920	1
118939	1
118944	1
118947	1
118952	1
118955	1
118965	1
119000	2
119003	2
119012	2
119021	1
119025	1
119026	1
119035	2
119040	2
119045	1
119049	2
119056	1
119063	1
119075	1
119076	1
119090	1
119091	1
119097	1
119104	1
119107	1
119116	1
119119	1
119120	1
119126	1
119136	2
119140	1
119144	1
119145	1
119163	1
119167	1
119172	1
119175	1
119177	1
119188	1
119201	1
119205	1
119218	1
119220	1
119224	1
119232	4
119240	1
119243	1
119250	1
119265	1
119280	4
119282	1
119286	1
119296	1
119299	1
119301	1
119310	1
119315	1
119328	2
119332	1
119336	1
119340	1
119347	2
119351	1
119359	1
119364	2
119371	1
119376	1
119385	1
119392	1
119414	1
119416	1
119424	1
119425	1
119435	3
119436	2
119437	1
119460	1
119474	1
119476	2
119485	1
119487	1
119491	1
119520	1
119556	1
119560	3
119567	1
119595	1
119600	1
119604	2
119609	1
119638	1
119652	2
119666	1
119680	2
119694	1
119699	1
119700	1
119707	1
119731	1
119736	1
119741	1
119756	1
119779	1
119780	1
119784	2
119791	1
119796	1
119800	1
119807	1
119808	2
119820	3
119844	1
119850	2
119863	1
119868	2
119875	3
119884	2
119896	1
119899	1
119910	1
119945	2
119952	4
119958	1
119964	1
119995	1
120000	1
120001	1
120003	1
120016	2
120043	1
120045	1
120059	1
120064	4
120072	2
120075	1
120080	1
120096	1
120116	1
120120	4
120121	1
120141	1
120164	1
120171	1
120184	1
120190	1
120192	2
120201	1
120220	1
120234	1
120240	3
120261	1
120276	1
120284	2
120285	1
120288	2
120291	1
120294	1
120296	1
120299	1
120300	1
120304	1
120306	1
120325	2
120330	1
120339	1
120344	1
120359	1
120372	1
120393	1
120400	2
120435	1
120445	1
120451	3
120458	1
120462	1
120467	1
120507	1
120515	1
120522	1
120528	1
120540	2
120544	1
120558	1
120576	1
120584	1
120594	1
120608	1
120623	1
120624	3
120630	1
120637	2
120655	1
120659	2
120661	1
120680	1
120688	1
120697	1
120700	1
120712	1
120715	2
120729	1
120745	1
120764	1
120766	1
120768	2
120778	1
120780	1
120781	1
120784	1
120789	1
120795	1
120805	1
120808	1
120820	1
120829	1
120841	1
120848	1
120856	1
120858	1
120861	2
120889	1
120900	1
120903	1
120920	1
120926	1
120931	1
120936	1
120940	3
120950	1
120957	1
120960	5
120978	1
120994	1
120995	1
121002	1
121015	1
121026	1
121032	1
121035	1
121056	1
121065	1
121066	1
121080	1
121092	1
121099	1
121104	2
121136	2
121163	1
121171	1
121181	1
121190	2
121191	1
121195	1
121216	2
121224	1
121235	1
121240	1
121251	1
121255	1
121256	2
121260	2
121261	1
121266	1
121267	1
121268	1
121275	1
121296	1
121308	1
121317	1
121322	1
121325	1
121329	1
121334	1
121336	1
121355	2
121360	1
121366	1
121380	3
121399	1
121401	1
121421	1
121459	1
121465	1
121471	1
121500	3
121504	1
121506	1
121507	1
121511	1
121520	1
121536	2
121555	4
121562	1
121591	1
121600	1
121605	1
121620	1
121625	1
121628	1
121632	1
121651	1
121655	1
121660	2
121675	1
121680	3
121686	1
121688	1
121705	1
121747	1
121751	1
121752	2
121760	1
121765	1
121771	1
121780	1
121786	1
121800	4
121801	1
121824	2
121826	1
121830	1
121832	1
121835	1
121856	2
121864	1
121867	1
121875	1
121891	1
121914	1
121920	1
121933	1
121940	1
121944	1
121955	1
121956	1
121968	1
121982	1
121998	1
122016	2
122018	1
122038	1
122052	1
122059	2
122061	1
122075	1
122080	1
122087	1
122094	1
122099	1
122104	2
122108	1
122110	1
122112	1
122148	1
122149	1
122156	1
122160	1
122161	1
122176	1
122185	1
122196	1
122199	2
122200	1
122206	1
122208	1
122214	1
122224	1
122240	1
122248	1
122261	1
122264	2
122275	1
122280	1
122295	1
122301	1
122304	2
122316	1
122320	1
122325	1
122329	1
122332	1
122340	1
122348	1
122362	1
122376	1
122379	1
122409	1
122424	1
122444	1
122451	1
122462	1
122469	1
122472	1
122496	1
122500	1
122515	1
122521	1
122523	1
122525	1
122531	1
122539	1
122544	1
122551	1
122575	1
122586	1
122587	1
122607	1
122619	1
122633	1
122640	3
122644	1
122647	2
122664	1
122672	1
122675	1
122696	1
122705	1
122738	1
122755	1
122768	1
122796	1
122800	2
122808	2
122815	1
122852	2
122859	1
122861	1
122866	1
122876	2
122877	1
122880	4
122892	2
122910	1
122920	1
122929	1
122935	1
122940	2
122944	1
122950	1
122959	1
122960	1
122962	1
122964	1
122971	1
122979	1
122991	1
123001	1
123025	2
123036	1
123044	1
123051	1
123060	1
123073	1
123075	1
123091	1
123093	1
123095	1
123115	1
123120	1
123125	1
123136	1
123165	2
123172	1
123176	1
123180	1
123182	1
123187	1
123190	1
123200	3
123211	1
123255	1
123261	1
123264	1
123280	1
123300	1
123312	1
123314	1
123340	2
123346	1
123348	1
123349	1
123351	1
123355	1
123375	2
123376	2
123379	1
123384	1
123386	1
123396	1
123398	1
123400	1
123410	2
123419	1
123420	1
123430	1
123436	1
123456	1
123467	1
123475	1
123480	1
123487	1
123500	1
123516	1
123521	1
123551	1
123564	1
123568	1
123571	2
123585	1
123589	1
123620	1
123636	2
123648	3
123656	1
123696	2
123700	1
123704	2
123725	1
123760	1
123784	1
123795	2
123816	1
123821	1
123859	1
123868	1
123876	1
123880	1
123888	2
123895	1
123896	1
123900	1
123915	1
123918	1
123936	2
123944	1
123956	1
123957	1
123960	1
123984	2
123995	1
123996	1
124014	1
124019	1
124040	1
124044	2
124051	1
124056	1
124060	1
124075	1
124080	1
124117	1
124122	1
124140	1
124144	1
124149	1
124171	1
124179	1
124194	1
124200	1
124215	1
124224	1
124236	3
124259	1
124268	1
124286	1
124300	2
124302	1
124304	1
124308	1
124312	1
124320	2
124332	1
124336	1
124339	1
124344	1
124355	2
124369	1
124370	1
124376	2
124379	1
124380	1
124396	1
124404	1
124416	7
124425	1
124428	1
124439	1
124440	4
124444	1
124452	2
124456	1
124460	1
124464	1
124475	1
124476	1
124480	1
124509	1
124523	1
124539	1
124544	1
124546	1
124552	1
124555	1
124560	2
124572	1
124573	1
124576	1
124579	1
124584	1
124592	1
124597	1
124608	2
124620	1
124624	1
124639	1
124640	1
124656	1
124658	1
124664	1
124675	1
124679	1
124680	1
124681	1
124704	1
124705	1
124706	1
124707	3
124711	1
124740	1
124758	1
124761	1
124763	1
124765	1
124766	1
124767	1
124775	2
124776	2
124789	1
124795	1
124800	4
124809	1
124816	2
124824	1
124831	1
124836	1
124852	1
124861	1
124875	1
124877	1
124880	1
124882	1
124886	1
124900	1
124908	1
124932	1
124940	2
124941	1
124944	1
124946	2
124950	1
124964	1
124968	1
124992	1
124996	1
125000	1
125009	1
125024	1
125029	1
125041	1
125057	1
125090	1
125110	1
125115	2
125136	1
125144	1
125152	1
125155	1
125183	1
125184	1
125204	1
125232	1
125239	1
125248	1
125253	1
125265	1
125280	1
125316	1
125327	1
125335	1
125342	1
125380	1
125412	1
125419	1
125424	1
125426	1
125435	1
125440	3
125480	1
125485	1
125540	1
125545	1
125560	1
125568	2
125575	1
125580	2
125593	1
125635	1
125652	1
125657	1
125664	6
125665	1
125675	1
125680	2
125695	1
125700	1
125712	1
125721	1
125748	1
125755	1
125771	1
125779	1
125826	1
125855	1
125856	1
125876	1
125881	2
125891	1
125896	1
125899	1
125902	1
125904	1
125913	1
125929	1
125944	2
125947	1
125948	1
125952	1
125976	1
126000	6
126016	2
126064	1
126070	2
126084	1
126105	1
126111	1
126128	1
126132	1
126151	1
126155	1
126163	1
126179	1
126184	1
126191	1
126192	1
126200	2
126208	1
126211	2
126224	2
126225	1
126235	1
126252	1
126256	1
126259	1
126284	1
126285	1
126288	1
126307	2
126310	1
126331	1
126333	1
126336	2
126339	1
126344	1
126360	1
126371	2
126380	4
126387	1
126408	1
126412	2
126420	3
126438	1
126443	1
126456	1
126469	1
126492	1
126495	1
126511	1
126515	1
126528	1
126535	1
126536	3
126540	1
126549	1
126560	3
126564	1
126570	1
126574	1
126620	1
126625	1
126630	1
126631	1
126632	1
126655	1
126672	1
126681	1
126690	1
126695	1
126700	1
126701	1
126716	1
126720	4
126723	1
126735	1
126759	1
126780	1
126784	1
126796	1
126798	1
126803	1
126814	1
126816	2
126823	1
126826	1
126835	1
126852	1
126861	1
126867	1
126868	1
126875	2
126889	1
126896	3
126899	1
126903	1
126948	1
126956	1
126989	1
127003	1
127004	1
127008	1
127019	1
127029	1
127042	1
127049	1
127059	1
127071	1
127075	2
127076	1
127080	1
127097	2
127113	3
127115	1
127120	2
127124	1
127128	1
127169	1
127171	1
127178	1
127179	1
127192	1
127200	2
127213	1
127225	1
127242	1
127249	1
127260	1
127275	1
127280	1
127281	1
127286	1
127288	1
127296	1
127320	1
127326	1
127340	1
127347	1
127360	1
127370	1
127393	1
127400	1
127414	1
127416	1
127427	1
127430	1
127435	2
127449	1
127461	1
127475	1
127484	1
127500	5
127526	1
127535	1
127555	1
127561	2
127568	2
127575	1
127596	1
127609	1
127616	1
127656	1
127660	2
127686	1
127696	1
127697	1
127704	1
127715	1
127736	1
127775	1
127787	1
127799	1
127800	1
127830	1
127836	2
127840	1
127875	1
127890	1
127920	1
127928	1
127939	2
127943	1
127948	1
127950	1
127955	2
127961	1
128000	1
128010	2
128011	1
128022	1
128064	1
128071	1
128075	1
128076	2
128090	1
128100	2
128110	1
128112	1
128122	1
128131	1
128140	1
128156	1
128160	1
128179	2
128180	1
128192	1
128206	1
128216	1
128220	1
128244	1
128251	1
128255	1
128267	1
128274	1
128280	2
128293	1
128298	1
128299	1
128300	1
128304	1
128310	1
128314	1
128320	1
128332	1
128339	1
128340	2
128345	1
128351	1
128363	1
128370	1
128371	2
128384	1
128395	1
128396	1
128418	1
128428	1
128436	1
128447	1
128448	1
128459	1
128471	1
128479	1
128480	1
128493	1
128499	1
128514	2
128519	1
128520	2
128524	1
128527	1
128535	1
128536	1
128550	1
128554	1
128555	1
128564	1
128571	1
128575	2
128576	1
128580	1
128584	1
128596	1
128599	1
128601	1
128612	1
128625	2
128627	1
128628	2
128634	1
128636	2
128640	2
128648	1
128656	1
128659	1
128667	1
128671	1
128674	1
128675	1
128676	1
128681	1
128682	1
128684	1
128689	2
128690	1
128695	2
128699	1
128700	1
128712	1
128725	1
128736	3
128737	1
128744	2
128749	2
128754	2
128769	1
128779	1
128792	2
128796	1
128800	3
128803	1
128815	2
128832	2
128842	1
128849	1
128865	1
128869	1
128870	1
128871	1
128874	1
128879	1
128880	1
128905	2
128907	1
128919	1
128951	1
128952	1
128954	1
128961	2
128967	1
128970	1
128975	1
128976	1
128980	1
128989	1
128999	1
129000	1
129024	4
129026	1
129030	1
129031	1
129035	1
129039	2
129045	1
129050	1
129054	1
129068	1
129077	1
129080	1
129084	1
129093	1
129109	1
129115	1
129116	1
129122	1
129136	1
129156	1
129195	1
129206	1
129215	1
129217	1
129241	1
129270	1
129276	1
129281	1
129304	1
129312	1
129329	1
129336	2
129340	2
129360	3
129384	1
129388	1
129397	1
129408	1
129409	1
129420	1
129429	1
129432	1
129438	1
129444	1
129450	1
129472	2
129486	1
129492	1
129500	1
129515	1
129516	4
129536	1
129576	1
129577	1
129580	1
129600	2
129601	1
129605	2
129635	1
129636	1
129676	1
129691	1
129692	1
129696	3
129724	1
129731	1
129744	2
129745	1
129792	2
129801	1
129808	1
129816	1
129828	1
129840	2
129856	1
129859	1
129864	1
129875	1
129876	1
129897	1
129900	2
129913	1
129920	1
129931	1
129941	1
129947	1
129955	1
129956	1
129959	1
129971	1
129983	1
130000	2
130011	1
130019	1
130032	1
130039	1
130055	1
130068	2
130074	1
130075	1
130092	1
130096	1
130109	1
130137	1
130139	2
130146	1
130160	1
130166	1
130171	1
130176	1
130200	2
130211	1
130216	3
130224	1
130248	1
130272	1
130273	1
130279	1
130280	2
130291	1
130293	1
130299	1
130305	1
130309	1
130319	1
130321	1
130326	1
130335	2
130340	1
130341	1
130344	2
130355	1
130368	2
130374	2
130376	1
130381	1
130384	1
130396	1
130400	2
130410	1
130424	2
130429	1
130439	1
130475	1
130477	1
130480	1
130509	2
130524	1
130542	1
130550	1
130560	2
130592	1
130594	1
130608	2
130614	1
130617	1
130652	1
130704	2
130752	1
130790	1
130796	2
130800	1
130816	1
130823	1
130825	1
130832	1
130844	1
130848	1
130872	1
130904	1
130907	1
130917	1
130928	2
130952	1
130969	1
130972	1
130988	1
130999	1
131005	1
131026	1
131028	1
131036	1
131040	2
131075	2
131092	1
131095	1
131124	1
131138	1
131149	1
131155	1
131160	1
131168	1
131180	1
131195	1
131196	2
131201	1
131208	3
131220	2
131240	1
131250	1
131268	1
131280	1
131291	1
131316	1
131328	2
131334	1
131340	1
131345	1
131348	2
131355	2
131358	1
131364	2
131369	1
131376	5
131404	1
131414	1
131424	1
131425	1
131440	1
131453	1
131475	1
131481	1
131520	2
131525	1
131532	1
131535	1
131536	1
131544	1
131550	1
131556	1
131558	1
131585	1
131593	1
131600	1
131616	1
131651	1
131712	1
131750	2
131775	1
131796	1
131800	1
131832	1
131835	1
131910	1
131960	2
131964	1
131976	1
131979	1
132000	1
132011	1
132024	1
132030	1
132048	1
132055	1
132080	1
132096	2
132104	1
132108	1
132120	1
132132	1
132151	1
132153	1
132156	2
132160	2
132192	1
132195	2
132204	1
132211	1
132224	1
132288	2
132300	2
132307	1
132335	2
132352	2
132379	1
132384	1
132385	1
132395	1
132396	1
132414	1
132427	1
132451	1
132456	1
132476	1
132480	1
132484	1
132496	2
132500	1
132505	1
132511	1
132514	1
132519	1
132524	3
132528	1
132552	1
132553	1
132556	1
132563	1
132575	1
132591	1
132595	1
132596	1
132601	1
132619	1
132624	1
132638	1
132642	1
132649	1
132651	1
132656	1
132694	1
132699	1
132704	1
132707	1
132708	1
132720	3
132721	1
132727	1
132731	1
132741	1
132748	2
132764	1
132775	1
132779	1
132817	1
132825	2
132830	1
132834	1
132847	1
132864	2
132877	1
132887	1
132890	1
132911	2
132912	1
132923	1
132924	1
132932	1
132936	1
132944	1
132947	1
132948	1
132952	1
132959	1
132963	1
132966	1
132975	1
132999	1
133000	1
133006	1
133025	1
133081	1
133089	1
133091	1
133115	1
133119	1
133139	1
133142	1
133144	1
133161	1
133178	1
133196	1
133211	1
133216	1
133240	1
133241	1
133245	1
133259	1
133260	4
133274	1
133276	1
133285	1
133334	2
133377	1
133385	1
133409	1
133415	1
133461	1
133476	1
133480	1
133545	1
133548	1
133560	2
133584	1
133632	1
133660	2
133680	1
133731	1
133770	1
133788	1
133804	1
133824	1
133835	2
133836	1
133875	1
133888	1
133893	1
133896	1
133900	1
133911	1
133920	1
133960	2
133980	4
134040	2
134044	1
134059	3
134064	2
134080	1
134100	1
134113	1
134124	1
134136	1
134147	1
134155	1
134175	1
134196	1
134208	1
134219	1
134220	2
134234	1
134236	2
134239	1
134243	1
134266	1
134275	1
134280	1
134281	1
134284	2
134295	1
134296	2
134328	2
134330	1
134380	1
134387	1
134388	1
134395	1
134400	3
134402	1
134404	1
134444	1
134456	3
134459	2
134460	1
134464	2
134471	2
134475	1
134502	1
134504	1
134519	1
134531	1
134541	1
134550	1
134554	1
134556	1
134568	1
134576	2
134579	1
134580	1
134622	1
134629	2
134640	6
134646	1
134656	1
134676	1
134684	1
134699	1
134726	1
134736	1
134750	1
134755	1
134761	1
134767	1
134771	1
134784	2
134785	1
134805	1
134814	1
134819	1
134820	2
134876	1
134880	1
134891	1
134892	1
134931	1
134940	2
134941	1
134970	1
134976	1
135020	1
135035	1
135040	1
135044	2
135048	2
135072	3
135095	1
135128	1
135136	1
135145	1
135168	1
135200	1
135216	2
135219	1
135240	1
135340	1
135373	1
135404	1
135436	1
135464	2
135465	1
135467	1
135480	1
135485	1
135502	1
135515	1
135520	1
135536	1
135540	1
135568	1
135576	1
135580	1
135596	1
135600	1
135611	1
135625	1
135652	1
135691	1
135744	1
135755	1
135760	1
135821	1
135825	1
135835	1
135851	1
135856	1
135865	1
135880	1
135888	1
135921	1
135923	1
135936	1
135955	1
135975	1
135985	1
135996	1
136000	2
136013	1
136044	1
136046	1
136080	2
136086	1
136091	1
136104	2
136120	1
136161	1
136192	1
136224	2
136320	1
136399	1
136404	1
136416	2
136462	1
136465	1
136500	1
136512	2
136535	1
136539	1
136556	1
136560	1
136588	1
136591	1
136620	2
136644	1
136656	1
136683	1
136700	1
136731	2
136800	1
136815	1
136819	1
136863	1
136867	1
136868	1
136880	2
136900	2
136956	1
136976	2
136980	1
136990	1
137008	1
137011	1
137015	1
137016	1
137036	2
137075	2
137088	1
137104	1
137120	1
137130	1
137136	2
137139	1
137182	1
137186	1
137193	1
137199	1
137200	1
137207	1
137235	1
137248	1
137258	1
137264	1
137271	1
137280	1
137287	1
137311	1
137318	1
137322	1
137324	1
137333	1
137360	2
137368	2
137375	1
137384	1
137391	1
137447	1
137449	1
137500	1
137507	1
137514	1
137515	1
137516	1
137543	1
137556	1
137577	1
137580	1
137592	1
137630	1
137736	1
137760	1
137802	1
137860	1
137883	1
137889	1
137904	2
137921	1
137935	2
137944	1
137956	1
137984	1
137997	1
138000	1
138012	1
138075	1
138132	1
138141	1
138156	3
138180	3
138184	1
138228	1
138272	1
138285	1
138300	2
138304	1
138313	1
138315	1
138359	1
138364	1
138384	1
138399	1
138412	1
138425	1
138432	2
138444	1
138495	2
138496	1
138499	1
138504	1
138508	1
138539	1
138587	1
138635	2
138644	1
138648	1
138670	1
138671	1
138672	1
138684	1
138688	1
138700	1
138720	1
138731	1
138765	1
138767	1
138779	1
138787	1
138814	1
138816	1
138820	2
138824	1
138852	1
138854	1
138859	2
138875	1
138880	1
138890	1
138894	1
138915	1
138942	1
138951	1
138960	2
138991	1
138996	1
139026	1
139034	1
139079	1
139084	2
139113	1
139117	1
139248	1
139321	1
139360	1
139392	1
139440	1
139572	1
139596	1
139680	3
139715	1
139725	1
139776	2
139780	1
139797	1
139804	1
139824	1
139860	1
139908	1
139932	1
139944	1
139955	1
139968	2
140040	1
140056	1
140070	1
140080	2
140119	1
140140	1
140175	2
140211	1
140236	1
140239	1
140275	1
140283	1
140352	1
140385	1
140400	3
140409	1
140454	1
140496	1
140526	1
140544	3
140616	1
140625	1
140745	1
140760	1
140800	1
140875	1
140928	1
140940	1
141120	6
141168	1
141180	1
141204	1
141240	1
141273	1
141280	1
141299	1
141372	1
141450	1
141487	1
141504	1
141520	1
141575	1
141596	1
141597	1
141623	1
141666	1
141680	1
141696	2
141700	1
141712	1
141740	1
141801	1
141810	1
141865	1
141942	1
141950	1
141952	1
141988	1
142000	1
142002	1
142027	1
142037	1
142051	1
142153	1
142296	1
142380	1
142432	1
142524	1
142620	1
142695	2
142731	1
142848	1
142896	1
142956	2
143025	1
143031	2
143040	1
143080	1
143115	1
143168	1
143227	1
143255	1
143259	1
143308	1
143343	1
143344	1
143347	1
143392	1
143431	1
143440	1
143479	1
143520	1
143556	1
143650	1
143689	1
143737	1
143748	1
143920	2
143964	1
144045	1
144060	2
144081	1
144144	1
144160	1
144180	1
144204	1
144208	1
144217	1
144228	2
144288	1
144305	1
144334	1
144448	1
144484	1
144529	1
144558	1
144585	1
144592	1
144594	1
144615	1
144622	1
144686	1
144747	1
144755	1
144760	3
144768	1
144795	1
144840	1
144892	1
144955	1
144960	2
144976	1
144992	1
145111	1
145152	7
145200	1
145401	1
145408	1
145440	1
145593	1
145625	1
145716	1
145728	1
145775	1
145792	1
145840	1
145908	1
145920	1
145952	1
145980	1
146015	1
146016	1
146056	1
146080	1
146115	1
146140	1
146160	3
146167	1
146224	1
146256	1
146259	1
146265	1
146272	1
146367	1
146371	1
146464	1
146496	1
146503	1
146556	2
146568	1
146587	1
146601	1
146649	1
146664	1
146688	1
146808	1
146907	1
147000	2
147078	1
147151	1
147186	1
147217	1
147396	1
147400	1
147405	1
147441	1
147456	1
147520	3
147721	1
147744	3
147760	1
147817	1
147835	1
147840	1
147987	1
148174	1
148176	1
148224	1
148240	1
148272	1
148288	1
148366	1
148368	1
148380	1
148480	2
148516	1
148592	1
148596	3
148597	1
148625	1
148635	2
148644	1
148645	1
148665	2
148672	1
148704	1
148707	1
148784	1
148815	1
148878	1
148960	1
148992	1
149037	1
149040	1
149065	1
149079	1
149088	1
149156	1
149184	1
149200	2
149544	1
149632	2
149733	1
149744	1
149947	1
149961	1
149968	1
150120	1
150169	1
150196	1
150276	2
150288	1
150300	2
150320	1
150345	1
150385	1
150416	2
150444	1
150457	1
150499	1
150511	1
150516	1
150528	1
150541	1
150601	1
150633	1
150635	1
150660	1
150688	2
150715	1
150720	3
150739	1
150768	1
150780	1
150805	1
150857	1
150858	1
150886	1
150898	1
150912	1
150955	1
151003	1
151008	1
151044	1
151122	1
151168	1
151221	1
151248	1
151300	2
151316	1
151317	1
151360	2
151528	1
151568	1
151630	1
151632	1
151757	1
151785	1
151872	1
151897	1
151949	1
151956	1
151965	1
152128	1
152244	1
152275	1
152320	5
152352	1
152400	1
152415	1
152421	1
152460	1
152488	1
152523	1
152584	1
152592	1
152635	2
152676	1
152688	1
152715	1
152754	1
152761	1
152782	1
152809	1
152832	1
152880	2
152916	1
152929	1
153025	1
153049	1
153076	1
153124	2
153136	1
153166	1
153216	3
153252	1
153288	1
153313	1
153315	1
153321	1
153328	1
153334	1
153387	1
153405	1
153424	1
153451	1
153490	1
153504	1
153543	1
153580	2
153598	1
153600	1
153612	1
153648	1
153664	2
153692	1
153720	1
153754	1
153769	1
153805	1
153825	1
153883	1
153909	1
153924	1
153972	1
154000	1
154035	1
154056	1
154070	1
154089	1
154171	1
154198	1
154215	1
154224	4
154315	1
154320	2
154336	1
154368	1
154405	1
154432	1
154530	1
154537	1
154576	1
154649	1
154656	1
154665	1
154720	1
154721	1
154768	2
154800	1
154848	1
154891	1
154896	2
154944	1
154945	1
154964	1
154969	1
155000	1
155016	1
155040	1
155088	1
155097	1
155113	2
155124	1
155145	1
155168	1
155200	2
155259	1
155260	2
155305	2
155328	2
155335	1
155337	1
155340	1
155379	1
155424	1
155431	1
155440	1
155469	1
155474	1
155479	1
155488	1
155491	1
155520	1
155620	1
155648	1
155673	1
155680	1
155689	1
155808	2
155826	1
155835	1
155844	1
155876	1
155877	1
155880	1
155904	4
155979	1
155995	1
156060	1
156084	1
156087	1
156136	1
156161	1
156192	1
156240	1
156317	1
156331	1
156375	1
156400	1
156600	2
156660	2
156672	2
156681	1
156688	1
156736	2
156771	1
156772	4
156784	1
156800	1
156840	1
156864	1
156880	2
156889	1
156910	1
156960	1
156978	1
157017	1
157024	1
157045	1
157056	2
157074	1
157113	1
157115	1
157136	1
157216	2
157225	1
157236	1
157239	1
157243	1
157248	1
157257	1
157260	1
157276	1
157296	1
157341	1
157356	1
157360	2
157395	1
157401	1
157408	1
157414	1
157451	1
157474	1
157536	1
157561	1
157579	1
157600	1
157604	1
157618	2
157665	1
157684	1
157689	1
157704	1
157723	1
157792	1
157794	1
157824	1
157836	1
157840	1
157912	1
157920	1
157987	1
158128	2
158196	1
158208	2
158212	1
158233	1
158235	2
158249	1
158254	1
158355	1
158400	2
158410	1
158413	1
158443	1
158480	1
158532	1
158542	1
158544	1
158560	1
158565	1
158678	1
158683	1
158697	1
158755	1
158760	1
158763	1
158795	1
158809	1
158815	1
158816	1
158862	1
158865	1
158877	1
158905	1
158914	1
158925	1
158949	1
158950	1
158976	5
158998	1
159040	2
159048	1
159051	1
159075	1
159081	1
159103	1
159120	1
159132	1
159145	1
159152	2
159187	1
159195	1
159248	1
159396	1
159435	1
159444	1
159481	2
159600	1
159604	1
159621	1
159664	1
159696	3
159712	1
159721	1
159732	1
159748	2
159760	1
159761	1
159792	1
159804	1
159822	1
159824	1
159840	1
159865	1
159906	1
159936	4
159939	1
159976	1
159979	1
159985	1
159993	1
160000	1
160020	1
160041	1
160045	1
160096	2
160104	1
160126	1
160128	1
160134	1
160135	1
160153	1
160164	1
160181	2
160195	1
160237	1
160270	1
160272	1
160315	1
160320	2
160370	1
160386	1
160400	1
160425	1
160426	1
160452	1
160465	1
160477	1
160545	1
160651	1
160692	1
160704	1
160713	2
160719	1
160720	3
160752	1
160768	1
160795	1
160834	1
160860	1
160920	1
160921	1
160975	2
160978	1
161003	1
161055	1
161068	1
161154	1
161160	1
161161	1
161200	1
161253	1
161262	1
161280	3
161301	1
161302	1
161316	1
161336	1
161364	1
161376	1
161391	1
161472	1
161515	1
161530	1
161568	3
161585	1
161590	1
161595	1
161622	1
161652	2
161657	1
161680	1
161700	5
161711	1
161721	1
161737	1
161745	1
161770	1
161784	1
161840	1
161847	1
161856	2
161874	1
161875	2
161892	1
162000	2
162010	1
162024	1
162036	2
162040	1
162043	1
162048	1
162091	1
162108	1
162144	1
162178	1
162203	1
162208	1
162225	1
162226	1
162235	1
162239	1
162240	1
162249	1
162288	1
162312	1
162313	1
162324	1
162344	1
162384	3
162400	1
162427	1
162432	1
162456	2
162505	1
162540	1
162544	1
162560	1
162568	1
162608	1
162688	2
162699	1
162715	2
162744	1
162864	1
162874	1
162880	1
162928	1
162953	2
162981	1
162996	2
163120	1
163129	1
163140	1
163168	1
163200	2
163294	1
163296	1
163303	1
163317	1
163345	1
163364	1
163431	1
163441	1
163459	1
163520	3
163533	1
163534	1
163548	1
163584	2
163605	1
163611	1
163625	1
163647	1
163659	1
163660	1
163708	1
163716	2
163731	1
163744	1
163800	1
163808	1
163821	1
163834	1
163849	1
163856	3
163875	1
163894	1
163905	1
163915	1
163948	1
164009	1
164016	1
164077	1
164094	1
164151	1
164251	1
164269	1
164274	1
164275	1
164292	1
164304	2
164346	1
164356	2
164425	2
164500	1
164505	1
164514	1
164569	1
164625	1
164628	1
164724	2
164928	1
164937	1
164940	1
164980	1
165009	1
165015	1
165074	1
165081	1
165097	1
165115	1
165120	2
165133	1
165139	1
165163	1
165165	1
165168	1
165177	1
165200	1
165249	1
165264	1
165277	1
165280	1
165312	2
165328	1
165337	1
165348	1
165375	1
165384	1
165385	1
165392	1
165394	1
165408	1
165412	1
165432	2
165445	1
165475	1
165480	2
165490	1
165499	1
165520	1
165550	1
165595	1
165600	1
165620	1
165625	1
165634	2
165648	2
165665	1
165675	1
165708	1
165760	1
165792	1
165802	1
165833	1
165842	1
165872	1
165886	2
165888	5
165895	1
165899	1
165912	1
165920	3
165936	2
165963	2
165968	1
165989	1
166075	1
166080	1
166097	1
166112	1
166145	1
166162	1
166201	1
166236	1
166264	1
166308	1
166320	2
166336	1
166369	1
166404	2
166421	1
166428	1
166439	1
166464	1
166488	1
166489	1
166500	2
166521	1
166544	1
166564	2
166600	1
166608	2
166624	1
166633	1
166635	3
166649	1
166685	1
166686	1
166705	1
166777	1
166803	1
166836	1
166848	1
166851	1
166870	1
166892	1
166901	1
166912	1
166915	1
166931	1
166955	1
166959	1
166966	1
167040	1
167041	1
167064	1
167075	1
167076	2
167099	1
167131	1
167195	1
167200	1
167209	1
167240	1
167253	1
167266	1
167337	1
167359	1
167384	1
167392	1
167424	3
167433	1
167475	1
167510	1
167520	1
167533	1
167552	2
167579	1
167580	1
167616	1
167662	1
167664	2
167680	1
167728	1
167737	1
167740	1
167746	1
167748	2
167772	1
167808	1
167825	2
167869	1
167872	1
167899	1
167968	1
167993	1
167995	1
168000	4
168027	1
168055	1
168064	1
168082	1
168105	1
168112	1
168115	1
168124	2
168168	1
168180	1
168295	1
168305	1
168336	2
168385	1
168420	1
168432	1
168474	1
168480	1
168489	1
168540	1
168544	1
168560	1
168564	2
168595	1
168606	1
168620	1
168636	3
168658	1
168709	1
168713	1
168715	1
168742	2
168756	3
168790	1
168799	1
168808	1
168912	1
168929	1
168938	1
168948	1
168960	2
168976	1
168980	1
168985	1
168997	1
169024	1
169043	1
169048	1
169066	1
169082	1
169104	1
169114	1
169116	1
169129	1
169155	1
169171	1
169200	1
169242	1
169248	1
169260	3
169267	2
169270	1
169294	1
169316	3
169321	1
169330	1
169332	1
169344	2
169388	2
169421	1
169440	1
169449	1
169491	1
169533	1
169600	1
169620	1
169624	1
169680	1
169694	2
169728	1
169729	1
169764	1
169840	2
169860	1
169904	1
169932	1
170000	1
170024	1
170051	1
170064	1
170091	1
170100	1
170121	1
170137	1
170155	1
170179	1
170185	1
170224	1
170229	1
170275	3
170283	1
170304	2
170305	1
170317	1
170352	1
170387	1
170395	1
170425	1
170448	1
170484	1
170492	1
170520	1
170530	1
170539	1
170563	1
170616	1
170620	1
170625	1
170675	1
170737	1
170752	1
170755	1
170768	1
170775	1
170779	1
170784	2
170836	1
170848	1
170856	1
170857	1
170880	1
170886	1
170898	1
170905	1
170912	1
170931	1
170944	1
170959	1
170991	1
170992	1
170995	2
171024	1
171067	1
171080	2
171090	1
171099	1
171193	1
171195	1
171213	1
171216	2
171248	1
171264	1
171276	2
171304	1
171307	1
171316	1
171331	1
171340	2
171360	1
171368	1
171420	1
171444	1
171449	1
171500	1
171504	1
171506	1
171520	2
171521	1
171523	1
171544	1
171648	1
171684	1
171696	1
171745	1
171835	1
171862	1
171876	1
171920	1
171990	1
171995	1
172032	5
172076	1
172088	1
172095	1
172104	1
172159	2
172171	1
172174	1
172205	1
172212	1
172224	1
172260	2
172305	1
172324	1
172349	1
172361	1
172368	2
172404	1
172416	1
172441	1
172461	1
172462	1
172480	2
172500	2
172508	1
172515	1
172540	1
172558	1
172560	1
172569	1
172576	1
172584	1
172592	1
172620	1
172640	1
172663	1
172676	2
172688	2
172720	1
172725	1
172755	1
172760	1
172765	1
172768	1
172774	1
172777	1
172800	3
172824	3
172843	1
172845	1
172848	1
172864	1
172872	1
172909	1
172942	1
172980	1
172992	1
173019	1
173083	1
173088	1
173101	2
173104	1
173106	1
173115	1
173129	1
173179	1
173200	2
173225	1
173234	1
173259	1
173264	1
173266	1
173280	1
173313	1
173355	1
173394	1
173419	1
173424	1
173425	1
173460	1
173475	1
173481	1
173483	1
173497	1
173515	1
173520	1
173549	1
173568	1
173580	1
173594	1
173632	1
173664	1
173684	1
173723	1
173740	3
173796	1
173801	1
173820	1
173824	1
173899	1
173909	1
173971	1
174000	1
174020	1
174034	1
174048	3
174055	1
174074	1
174097	1
174103	1
174105	1
174116	1
174137	2
174214	1
174216	1
174233	1
174272	1
174286	1
174291	1
174312	1
174363	1
174400	1
174464	1
174468	1
174473	1
174484	1
174516	2
174531	1
174540	1
174545	1
174564	1
174583	1
174631	1
174640	1
174685	2
174713	1
174720	3
174800	1
174840	1
174846	1
174865	1
174928	1
174956	1
174960	1
174984	1
175003	1
175024	1
175044	1
175075	1
175080	1
175088	1
175104	1
175119	1
175120	1
175136	1
175152	1
175161	1
175168	2
175195	1
175201	1
175232	1
175240	1
175243	1
175266	1
175300	1
175338	1
175364	1
175369	1
175371	1
175380	1
175408	1
175521	1
175524	2
175532	1
175560	1
175609	2
175616	1
175644	1
175728	1
175743	1
175756	1
175776	1
175780	2
175784	1
175819	1
175849	1
175896	1
175908	1
175915	1
175920	2
175931	1
175933	1
175945	1
175952	1
175955	1
175980	1
176032	1
176064	1
176086	1
176095	1
176105	1
176124	1
176128	1
176157	1
176160	1
176184	1
176197	1
176208	1
176214	1
176217	1
176221	1
176244	1
176256	2
176260	1
176269	1
176280	1
176340	1
176342	1
176347	1
176349	1
176359	1
176361	1
176395	1
176400	5
176426	1
176435	1
176452	1
176457	1
176459	1
176464	1
176505	1
176512	1
176524	1
176528	1
176550	1
176566	1
176594	1
176601	1
176608	1
176612	1
176617	1
176620	1
176640	1
176676	1
176680	1
176692	1
176699	1
176715	2
176732	1
176736	1
176766	1
176786	1
176825	1
176832	1
176857	1
176889	1
176909	1
176911	1
176914	1
176932	3
176960	1
176988	1
177010	1
177072	1
177106	1
177115	1
177149	1
177152	1
177156	1
177216	1
177226	1
177300	1
177444	1
177497	1
177519	1
177555	1
177625	3
177646	1
177650	1
177653	1
177680	1
177715	1
177732	1
177744	1
177780	1
177793	1
177804	1
177823	1
177835	1
177840	2
177879	1
177888	1
177891	1
177924	2
177931	1
177936	1
177955	1
177961	1
177968	2
177984	1
177989	1
178009	1
178024	1
178042	1
178052	1
178059	1
178063	1
178064	1
178075	1
178080	3
178110	1
178176	2
178180	1
178185	1
178207	1
178227	1
178240	1
178249	1
178283	1
178315	1
178348	2
178356	2
178360	1
178366	1
178384	1
178409	1
178422	1
178448	1
178449	1
178451	1
178464	1
178465	1
178472	1
178488	1
178500	1
178513	1
178526	1
178528	1
178530	1
178532	1
178536	1
178540	3
178549	1
178560	1
178584	1
178605	1
178617	1
178618	1
178624	1
178628	1
178633	1
178640	2
178675	1
178683	1
178691	2
178696	1
178701	1
178715	1
178724	1
178729	1
178738	1
178755	1
178756	1
178765	1
178836	1
178848	1
178850	1
178852	1
178875	2
178920	1
178928	1
178929	1
178930	1
178948	2
178976	1
178992	1
179003	1
179025	1
179026	1
179046	1
179088	1
179090	1
179094	1
179104	1
179124	1
179137	1
179161	1
179170	1
179179	1
179184	2
179200	1
179211	1
179214	1
179280	1
179299	1
179307	1
179314	1
179359	1
179508	1
179520	2
179534	1
179568	1
179634	1
179683	1
179712	2
179753	1
179760	3
179767	1
179830	1
179833	1
179844	1
179849	1
179856	1
179868	1
179875	1
179920	1
179928	2
179935	1
179998	1
180000	1
180005	1
180024	2
180070	1
180084	1
180096	6
180103	1
180132	1
180145	1
180173	1
180180	1
180240	1
180276	1
180288	1
180300	3
180307	1
180320	4
180336	1
180339	1
180341	1
180355	1
180363	1
180408	1
180427	1
180432	1
180440	1
180451	1
180475	1
180481	1
180483	1
180504	1
180565	1
180572	1
180595	1
180596	1
180600	2
180619	1
180642	1
180648	1
180670	1
180712	1
180747	1
180761	1
180763	1
180772	1
180792	1
180800	2
180836	1
180840	1
180852	1
180889	1
180901	1
180950	1
181075	2
181076	2
181125	1
181138	1
181248	1
181252	1
181284	3
181321	1
181380	1
181428	1
181440	3
181450	1
181453	1
181459	1
181477	1
181529	1
181584	1
181615	1
181620	1
181632	1
181636	1
181657	1
181685	1
181692	1
181716	1
181720	1
181740	1
181819	1
181860	2
181872	1
181875	1
181891	1
181909	1
181915	2
181937	1
181947	1
181956	1
181959	1
181989	1
182000	2
182016	1
182041	1
182045	1
182057	1
182071	1
182077	1
182080	2
182091	1
182105	1
182125	1
182126	1
182140	1
182148	1
182155	1
182160	1
182192	1
182208	1
182233	1
182290	1
182297	1
182315	1
182374	1
182376	1
182385	1
182392	2
182395	1
182400	1
182435	2
182551	1
182592	1
182655	1
182700	1
182715	2
182716	2
182736	2
182775	1
182848	1
182861	1
182974	1
183024	2
183040	1
183120	1
183156	2
183168	1
183175	1
183284	1
183312	1
183344	1
183356	1
183440	1
183456	2
183505	1
183514	1
183519	1
183531	1
183536	1
183540	1
183596	1
183612	1
183673	1
183701	1
183711	1
183715	1
183732	1
183744	1
183759	1
183766	1
183768	1
183771	1
183774	1
183780	1
183781	1
183840	1
183843	1
183844	1
183865	1
183872	2
183876	1
183897	1
183916	1
183919	1
183949	1
183955	1
183958	1
183976	1
184000	1
184004	1
184009	1
184016	1
184033	1
184036	1
184052	1
184065	1
184081	1
184091	1
184124	1
184128	1
184139	1
184140	3
184149	1
184161	1
184172	1
184180	1
184208	2
184219	1
184240	2
184254	1
184264	1
184271	1
184292	2
184304	1
184318	1
184320	2
184331	1
184344	1
184353	1
184372	1
184374	1
184381	1
184400	1
184416	1
184429	1
184450	1
184464	1
184466	1
184485	1
184502	1
184520	1
184537	1
184544	1
184555	2
184592	1
184617	1
184619	1
184626	1
184674	1
184701	1
184704	1
184711	1
184715	1
184740	1
184744	2
184800	2
184842	1
184848	1
184850	1
184864	1
184896	1
184932	1
184960	1
184975	2
185028	2
185100	2
185136	1
185220	2
185266	1
185269	1
185275	1
185395	1
185402	1
185415	1
185472	1
185479	1
185484	1
185500	2
185556	2
185580	1
185599	1
185616	1
185633	1
185660	1
185664	1
185676	3
185724	1
185760	1
185775	1
185780	1
185791	1
185794	1
185808	1
185835	1
185844	1
185904	1
185920	1
185950	1
185955	4
185959	1
185971	1
186012	1
186069	1
186096	1
186116	1
186128	1
186135	1
186139	2
186165	1
186188	2
186199	1
186200	1
186204	1
186235	1
186240	3
186244	1
186252	1
186284	1
186288	1
186310	1
186315	1
186325	1
186368	1
186380	2
186430	1
186445	1
186468	1
186475	1
186480	2
186513	1
186515	1
186536	1
186544	1
186555	1
186564	3
186571	1
186591	1
186599	1
186611	1
186615	1
186621	1
186624	4
186683	1
186703	1
186715	1
186725	1
186748	1
186781	2
186786	1
186795	1
186800	2
186816	1
186843	1
186849	1
186856	2
186859	1
186865	1
186919	1
186984	1
186996	1
187052	1
187117	1
187124	1
187152	1
187165	1
187200	1
187224	1
187309	1
187327	1
187369	1
187376	1
187392	1
187421	1
187425	1
187484	1
187488	1
187500	1
187543	1
187544	1
187568	1
187572	2
187584	1
187596	1
187722	1
187740	2
187749	1
187759	1
187764	1
187812	1
187817	1
187820	1
187845	1
187854	1
187855	1
187908	2
187915	2
187920	1
187945	1
187985	1
188020	1
188035	1
188097	1
188121	1
188128	1
188140	3
188153	1
188155	2
188160	1
188181	1
188188	1
188220	1
188231	1
188265	2
188275	1
188323	1
188326	1
188366	1
188370	1
188412	1
188457	1
188462	1
188496	5
188657	1
188672	1
188805	1
188864	1
188900	1
188916	2
188928	1
188958	1
189056	1
189060	1
189072	1
189175	2
189219	1
189236	1
189280	1
189296	1
189336	1
189361	1
189420	1
189464	1
189476	1
189492	1
189504	2
189548	1
189551	1
189584	2
189608	1
189609	1
189651	1
189660	1
189684	2
189721	1
189724	1
189735	1
189739	1
189750	1
189770	1
189796	2
189805	1
189812	2
189840	3
189861	1
189875	2
189903	1
189909	1
189912	1
189916	1
189920	2
189955	1
189966	1
189975	1
189976	1
189979	1
190020	1
190039	1
190041	2
190045	1
190052	2
190057	1
190064	2
190080	2
190102	1
190109	1
190154	1
190155	1
190171	1
190176	1
190193	1
190211	2
190214	1
190221	1
190231	1
190232	1
190245	1
190269	1
190275	1
190284	1
190297	1
190337	1
190354	1
190365	1
190379	1
190387	1
190400	2
190423	2
190425	1
190427	1
190464	1
190500	1
190515	1
190549	1
190575	1
190583	1
190590	1
190594	2
190645	1
190656	1
190663	1
190665	1
190740	2
190800	1
190821	1
190828	1
190834	1
190951	1
191004	1
191100	1
191184	2
191240	1
191268	1
191275	1
191424	1
191429	1
191436	1
191496	1
191599	1
191604	2
191660	5
191676	1
191735	1
191744	1
191748	1
191760	1
191779	1
191839	1
191875	1
191900	2
191905	2
191915	1
191928	1
191936	1
191983	1
192000	2
192012	1
192015	1
192040	1
192079	1
192080	1
192085	1
192096	1
192103	1
192115	1
192154	1
192155	1
192164	1
192167	1
192168	1
192183	1
192192	1
192215	1
192228	1
192235	2
192255	1
192272	1
192285	1
192295	1
192325	1
192355	1
192384	1
192396	1
192403	1
192408	1
192453	1
192475	2
192480	1
192508	2
192521	1
192523	1
192527	1
192539	1
192589	1
192597	1
192780	1
192789	1
192864	1
192950	1
193004	1
193020	1
193104	1
193109	1
193196	1
193200	1
193284	1
193305	1
193375	1
193388	1
193440	1
193452	1
193536	2
193620	2
193641	1
193692	1
193740	3
193795	1
193824	1
193889	1
193893	1
193920	2
193932	1
193980	1
194035	1
194085	1
194089	1
194138	1
194208	1
194304	1
194348	1
194352	1
194360	1
194446	1
194481	1
194540	2
194544	2
194611	1
194640	1
194688	1
194709	1
194941	1
195216	1
195300	1
195324	2
195372	2
195424	1
195488	1
195552	1
195601	1
195611	1
195624	1
195636	2
195692	2
195751	1
195764	1
195780	1
195816	1
195840	1
195875	1
195895	1
195943	1
195989	1
196000	1
196016	2
196056	1
196076	1
196080	1
196101	1
196112	2
196185	1
196188	1
196192	1
196196	1
196212	1
196224	1
196245	2
196248	1
196268	1
196308	1
196315	1
196365	1
196385	1
196400	1
196431	1
196444	1
196490	1
196521	1
196554	1
196560	1
196567	1
196569	1
196629	1
196636	1
196682	1
196689	1
196875	1
196992	1
197043	1
197100	1
197120	1
197136	2
197225	1
197568	1
197628	1
197684	1
197724	1
197736	1
197760	1
197772	1
197936	1
197964	1
197984	1
197988	1
198030	1
198045	1
198128	2
198191	1
198192	1
198200	1
198204	1
198205	1
198239	1
198272	1
198288	1
198319	1
198320	1
198336	1
198371	2
198375	1
198380	2
198477	1
198484	1
198534	1
198564	1
198571	1
198575	1
198613	1
198720	1
198730	1
198739	1
198743	1
198759	1
198832	1
198871	1
198913	1
198919	1
198924	1
199036	2
199152	1
199260	1
199500	1
199644	1
199773	1
199875	1
199920	1
200060	1
200064	2
200076	1
200179	1
200208	1
200235	2
200315	1
200384	1
200415	1
200419	1
200455	1
200460	2
200490	1
200551	1
200565	1
200635	2
200805	1
200880	2
200960	1
200997	1
201420	1
201488	1
201564	1
201600	2
201684	1
201840	2
202015	1
202016	1
202140	1
202160	1
202176	3
202315	1
202335	1
202356	1
202461	1
202544	1
202601	1
202604	1
202653	1
202663	1
202664	1
202713	1
202736	1
202776	1
202972	1
202992	1
203095	1
203150	1
203280	2
203568	1
203616	1
203760	1
203875	2
204021	1
204120	2
204156	1
204165	1
204176	1
204288	1
204318	1
204363	1
204372	1
204404	1
204421	1
204426	1
204561	1
204584	1
204596	2
204624	1
204669	1
204672	1
204732	1
204767	1
204771	1
204899	1
204903	1
205040	1
205088	1
205344	1
205500	1
205632	1
205800	2
206124	1
206268	1
206360	1
206364	1
206400	1
206435	1
206448	2
206528	3
206535	1
206544	1
206604	1
206640	1
206688	1
206719	1
206820	1
206832	1
206894	1
206969	1
207111	1
207120	1
207246	1
207360	1
207765	1
207792	1
207872	2
207900	1
207990	1
208008	1
208075	1
208089	1
208140	1
208341	1
208537	1
208544	1
208880	1
209205	1
209280	1
209365	1
209408	1
209648	1
209680	1
209808	1
209952	1
210080	1
210125	1
210276	1
210357	1
210420	1
210432	2
210448	1
210600	1
210627	1
210727	1
210889	1
210935	1
211200	2
211337	1
211376	1
211392	1
211680	1
211968	2
212496	1
212528	1
212544	1
212625	1
212853	1
212928	4
212976	1
213120	1
213174	1
213185	1
213248	2
213282	1
213294	1
213360	1
213381	1
213444	1
213468	1
213600	1
213609	1
213689	2
213696	1
213768	1
213801	1
213840	1
214056	1
214480	1
214605	1
214767	1
215040	2
215088	1
215312	1
215325	1
215424	1
215460	1
215536	1
215600	1
215649	1
215808	2
215856	1
215877	1
216041	1
216048	2
216087	1
216167	1
216416	1
216432	1
216512	2
216528	1
216608	1
216846	1
216954	1
217000	1
217230	1
217328	1
217364	1
217520	1
217527	1
217600	1
217629	1
217728	2
217971	1
218064	1
218085	1
218112	3
218169	1
218178	1
218393	1
218484	1
218505	1
218925	3
218960	1
219072	1
219084	1
219152	1
219168	1
219240	1
219456	1
219504	1
219566	1
219632	1
219783	1
219801	1
219881	1
219920	1
220160	1
220164	1
220212	2
220248	1
220304	1
220464	1
220512	1
220640	2
220782	1
220944	1
221184	3
221248	1
221529	1
221616	1
221685	1
221760	2
221805	1
221952	1
222000	3
222144	2
222150	1
222216	1
222313	1
222341	1
222414	1
222480	1
222495	1
222530	1
222681	1
222705	1
222752	1
222768	1
222800	1
222873	1
223209	1
223380	2
223440	1
223447	1
223603	1
223677	1
223696	1
223744	1
223776	3
223785	1
223992	1
224000	1
224082	1
224125	1
224233	1
224397	1
224441	1
224448	3
224560	1
224720	1
224721	1
224752	1
224759	1
224800	1
224802	1
224848	1
224942	1
224985	1
225008	4
225204	1
225288	1
225303	1
225365	2
225477	1
225488	1
225600	3
225680	1
225776	1
225792	1
225965	1
226005	1
226074	1
226080	1
226121	1
226140	1
226152	1
226230	1
226240	1
226356	1
226380	1
226437	1
226480	1
226512	1
226625	1
226752	1
226800	2
226845	1
226856	1
226896	1
226944	1
227161	1
227289	1
227292	2
227312	1
227406	1
227457	1
227556	1
227577	1
227801	1
227840	1
227856	1
227862	1
227940	1
228032	1
228352	2
228375	1
228480	1
228512	1
228528	1
228592	1
228624	1
228718	1
228843	1
228888	1
228903	1
228912	1
229047	1
229129	1
229149	1
229236	1
229248	1
229296	1
229320	1
229376	1
229425	1
229472	1
229481	1
229600	1
229635	1
229680	2
229736	1
229932	1
229985	1
230000	1
230112	1
230117	1
230160	1
230256	1
230259	1
230400	2
230423	1
230432	2
230725	1
230916	1
230972	1
231021	1
231120	1
231129	1
231161	1
231200	1
231280	1
231336	2
231360	2
231426	1
231440	1
231495	1
231497	1
231525	1
231609	1
231660	1
231728	1
231762	1
231767	1
231770	1
231840	2
232000	1
232032	1
232047	1
232057	1
232064	1
232073	1
232199	1
232201	1
232224	1
232288	1
232329	1
232505	1
232617	1
232688	1
232720	1
232791	1
233240	1
233289	1
233392	1
233472	1
233505	1
233520	2
233604	1
233637	1
233646	1
233737	1
233760	1
233820	1
233840	1
233844	1
233877	1
233905	1
233957	1
233966	1
234080	1
234117	1
234136	1
234165	1
234192	2
234201	1
234204	1
234254	1
234276	1
234360	1
234465	1
234478	1
234495	1
234560	2
234577	1
234588	1
234612	1
234713	1
234777	1
234794	1
234836	1
234912	1
234960	1
235001	1
235008	2
235022	1
235040	1
235107	1
235200	3
235277	1
235445	1
235455	1
235520	1
235536	1
235613	1
235872	1
235956	1
236033	1
236061	1
236185	1
236187	1
236201	1
236288	1
236304	1
236556	1
236592	1
236713	1
236829	1
236857	1
236880	2
236904	1
236936	1
236955	1
236964	1
237015	1
237040	1
237072	1
237120	2
237129	1
237144	1
237171	1
237232	1
237248	1
237285	1
237312	1
237360	1
237440	1
237463	1
237776	2
237808	1
237888	1
237920	1
237984	1
238112	1
238308	1
238374	1
238385	2
238422	1
238464	1
238473	1
238572	1
238656	1
238676	1
238875	1
238878	1
238884	1
238896	1
238945	1
238999	1
239001	1
239028	1
239085	3
239227	1
239292	1
239353	1
239512	1
239560	1
239568	1
239616	1
239680	1
239760	1
239876	2
239920	1
240000	1
240112	1
240128	3
240170	1
240174	1
240176	1
240320	1
240400	2
240405	1
240544	1
240569	1
240622	1
240672	1
240720	1
240786	1
240793	1
240800	1
240849	1
240864	1
240917	1
241056	1
241085	1
241136	1
241397	1
241476	1
241509	1
241556	1
241664	1
241692	1
241696	1
241703	1
241712	2
241740	1
241820	1
241822	1
241839	1
241841	1
241904	1
241920	3
241966	1
242144	1
242153	1
242256	1
242272	1
242352	1
242361	1
242379	1
242382	1
242409	1
242480	1
242571	1
242596	1
242676	1
242865	1
242921	1
242990	1
243012	1
243060	2
243225	1
243236	3
243285	1
243540	1
243600	2
243648	3
243816	2
244032	4
244080	1
244109	1
244116	1
244160	1
244208	1
244224	1
244334	1
244353	1
244356	1
244404	1
244416	2
244466	1
244473	1
244496	1
244569	1
244608	2
244640	1
244659	1
244695	1
244697	1
244720	1
244781	1
244805	1
244809	1
244816	1
244928	1
244944	1
244956	1
244976	1
244992	1
245024	1
245031	1
245035	1
245040	1
245105	1
245120	2
245168	1
245417	1
245420	1
245426	1
245472	1
245520	1
245575	1
245595	1
245700	2
245712	1
245760	1
245792	1
245993	1
246123	1
246164	1
246464	1
246507	1
246605	1
246617	1
246645	1
246792	1
246948	1
246960	3
247009	1
247044	1
247056	1
247065	1
247135	1
247170	1
247182	1
247200	1
247224	1
247296	1
247373	1
247440	1
247452	1
247488	2
247561	1
247568	2
247616	1
247662	1
247680	4
247744	1
247785	1
247835	1
247961	1
247993	1
248016	1
248045	1
248160	1
248217	1
248220	1
248336	1
248405	1
248577	1
248630	1
248640	2
248675	1
248729	1
248752	1
248801	1
248832	2
248945	1
248948	2
248969	1
248976	2
249044	1
249053	1
249142	1
249184	1
249298	1
249325	1
249389	1
249396	2
249466	1
249533	1
249536	1
249622	1
249627	1
249641	1
249696	1
249704	1
249732	1
249769	1
249778	1
249928	1
249937	1
249956	3
249984	1
250000	1
250047	1
250084	1
250096	1
250128	1
250145	1
250201	2
250320	1
250416	1
250425	1
250745	1
250852	2
250960	1
250965	1
250980	1
250985	1
251088	2
251136	1
251160	1
251285	1
251328	4
251364	1
251592	1
251664	2
251669	1
251745	1
251751	1
251825	2
251844	1
251865	1
251888	1
251904	1
251919	1
251984	2
251993	1
252080	1
252096	1
252140	1
252197	1
252219	1
252276	1
252306	1
252313	1
252334	1
252343	1
252400	1
252420	2
252455	1
252474	1
252489	1
252559	1
252560	1
252649	1
252651	1
252656	1
252672	1
252688	1
252724	1
252795	1
252804	2
252834	1
252840	1
252865	1
252912	1
253017	1
253120	2
253161	1
253181	1
253216	1
253360	1
253440	1
253505	2
253575	1
253860	1
254016	4
254093	1
254184	1
254261	1
254364	1
254400	4
254436	1
254437	1
254625	1
254660	2
254672	1
254724	1
254760	1
254766	1
254784	1
254800	2
254834	1
254912	2
254994	1
255001	1
255024	1
255090	1
255101	1
255156	1
255161	1
255241	1
255248	1
255255	1
255321	1
255328	2
255337	1
255339	1
255360	1
255380	1
255409	1
255419	1
255456	1
255472	1
255568	1
255657	1
255659	1
255664	1
255680	1
255769	1
255780	1
255801	2
255904	1
255991	1
256000	3
256009	1
256016	1
256128	1
256224	1
256256	1
256320	1
256329	1
256445	1
256464	1
256515	1
256537	1
256544	1
256620	2
256865	1
256956	1
257040	2
257052	1
257110	1
257124	1
257129	1
257200	1
257201	2
257360	1
257364	1
257376	1
257439	1
257472	1
257516	2
257523	2
257600	1
257605	1
257640	1
257675	1
257754	1
257796	1
257868	1
257915	1
257920	2
257934	1
257936	2
257952	1
258011	1
258048	1
258075	1
258160	1
258169	1
258171	1
258230	1
258244	1
258249	1
258256	1
258320	2
258336	1
258377	1
258409	1
258411	1
258414	1
258432	2
258489	1
258576	1
258640	1
258720	1
258965	1
259080	1
259140	2
259200	1
259325	1
259385	1
259553	1
259577	1
259581	1
259584	1
259600	1
259661	1
259700	1
259735	1
259745	1
259764	1
259913	1
259924	1
259973	1
259980	2
260004	1
260069	1
260155	1
260169	1
260211	1
260244	1
260260	1
260265	1
260288	1
260304	2
260333	1
260337	1
260368	1
260400	1
260432	1
260479	1
260496	1
260498	1
260521	1
260589	1
260594	1
260704	1
260729	1
260736	1
260785	1
260794	1
260832	1
260834	1
260841	1
260855	1
260932	2
260937	1
261040	1
261072	2
261120	1
261177	1
261216	1
261256	1
261401	1
261433	1
261616	1
261664	1
261744	1
261769	1
261960	1
262073	1
262080	1
262224	1
262260	2
262272	1
262405	1
262500	1
262584	1
262591	1
262596	1
262650	1
262675	1
262704	1
262800	1
262820	2
262829	1
262836	1
262841	1
262848	3
262902	1
262990	1
262993	1
263040	1
263064	1
263065	1
263081	1
263084	1
263156	1
263165	1
263175	1
263184	1
263200	2
263228	1
263245	1
263249	1
263273	1
263346	1
263353	1
263376	1
263396	3
263401	1
263424	1
263425	1
263497	1
263504	1
263505	1
263506	1
263581	1
263586	1
263604	1
263632	1
263670	1
263689	2
263696	1
263835	1
263858	1
263908	3
263915	1
263929	1
263940	1
263968	1
263984	1
264025	2
264073	1
264153	1
264249	1
264272	1
264384	1
264696	1
264768	1
264845	2
264960	2
265200	1
265272	1
265340	1
265425	1
265440	1
265524	3
265529	1
265536	2
265650	1
265680	1
265685	1
265760	1
265776	2
265825	3
265846	1
265860	1
265916	1
265921	1
265932	1
266007	1
266079	1
266089	1
266098	1
266100	2
266192	1
266244	2
266254	1
266276	1
266288	1
266329	1
266385	1
266725	1
266752	1
266768	1
266805	1
267120	1
267177	1
267179	1
267540	2
267648	1
267736	1
267785	1
267840	3
268135	1
268164	1
268180	1
268324	2
268345	1
268429	1
268464	2
268469	1
268537	1
268625	1
268644	1
268681	1
268800	1
268821	1
268879	1
268919	1
268940	1
269017	1
269115	1
269120	3
269122	1
269129	1
269280	2
269520	1
269529	1
269568	1
269641	1
269892	1
270000	1
270228	1
270420	1
270480	2
270641	1
270660	2
270725	1
270744	1
270816	1
271068	1
271092	1
271169	1
271176	1
271200	2
271225	1
271236	3
271284	1
271320	1
271421	1
271425	1
271428	1
271488	1
271584	1
271609	1
271664	1
271666	1
271670	1
271680	1
271707	1
271764	1
271776	1
271780	1
271824	1
271860	1
272013	1
272020	1
272041	2
272104	1
272114	1
272121	1
272160	3
272205	1
272212	1
272281	1
272356	2
272361	1
272496	1
272619	1
272626	1
272850	1
272857	1
273168	1
273300	1
273348	1
273413	1
273744	1
273920	1
274000	1
274100	1
274104	1
274116	1
274164	1
274176	1
274225	1
274253	1
274400	1
274414	1
274417	1
274501	1
274601	1
274669	1
274676	1
274743	1
274746	1
274832	1
274841	1
274856	1
274861	1
274868	1
274911	1
274969	1
274976	1
275024	1
275094	1
275099	1
275128	1
275152	1
275204	2
275211	1
275264	2
275332	2
275449	1
275625	2
275760	1
275940	1
276048	1
276360	1
276480	1
276864	1
276925	1
276955	1
277032	1
277044	1
277056	1
277100	2
277116	1
277200	1
277263	1
277275	1
277284	1
277345	1
277365	1
277520	1
277524	1
277689	1
278880	1
279180	1
279300	1
279600	1
279744	1
279825	1
279876	1
279936	2
280084	1
280112	1
280185	1
280245	1
280276	1
280304	1
280320	1
280329	1
280368	1
280381	1
280441	1
280528	1
280581	1
280633	1
280644	1
280686	1
280704	1
280791	1
280825	1
280882	1
280889	1
280935	1
280942	1
280992	1
281065	1
281072	1
281127	1
281232	2
281303	1
281875	1
282240	2
282324	1
282576	2
282740	1
282756	1
282821	1
282936	1
282996	1
283069	1
283124	1
283184	1
283188	1
283241	1
283316	1
283328	1
283351	1
283369	1
283376	1
283424	2
283500	1
283556	1
283561	2
283904	1
284592	1
284624	1
284688	1
284832	1
285012	1
285264	2
285360	1
285425	2
285500	1
285504	1
285684	1
285831	1
287280	2
287700	1
287744	1
288120	1
288576	1
288704	1
288900	1
288904	1
288927	1
289009	1
289149	1
289296	1
289328	1
289520	1
289536	1
289548	1
289593	1
289656	1
290304	1
290816	1
291060	1
291305	1
291396	1
291456	1
291600	1
291756	1
291896	1
292599	1
292608	2
292887	1
293111	1
293552	1
293760	1
293904	1
294066	1
294175	1
294912	2
295200	1
295245	1
295488	1
295680	2
296000	1
296192	1
296288	1
296352	1
296640	1
297432	1
297639	1
297675	1
297783	1
298368	1
299079	1
300240	1
300272	1
300800	2
301104	1
301212	1
301320	1
301455	1
301520	1
301644	1
301808	1
302400	1
302528	1
303056	1
303264	1
303507	1
303808	1
303920	1
304640	1
304832	1
304919	1
305136	1
305271	1
305319	1
305648	1
305664	1
306396	1
306495	2
307125	1
307152	1
307200	1
307287	1
307395	1
307888	1
308016	1
308448	1
308480	1
308880	1
309504	1
309632	1
310151	1
310359	1
310800	1
311328	1
311360	1
311472	1
311634	1
311792	1
311877	1
312012	1
312368	1
312732	2
312816	1
313280	1
313344	2
313600	1
313775	1
313884	1
314048	1
314608	1
314640	1
314720	1
314928	1
315045	1
315072	1
315511	1
315840	1
315872	1
315900	1
316160	1
316169	1
316407	1
317079	1
317115	1
317184	2
317520	2
317583	1
317628	1
317735	1
317744	1
317745	1
317952	1
318051	1
318512	1
318704	1
319116	1
319680	2
319725	1
320652	2
320784	1
320949	1
320960	1
321048	1
321084	1
321440	1
321527	1
321552	1
321824	1
321968	1
322245	1
322256	1
322560	1
323015	1
323136	1
323712	1
324016	1
324135	1
324720	1
324800	1
324837	1
324864	1
325079	1
325088	1
325440	1
325632	1
325646	1
325808	1
325872	1
325888	1
325934	1
325935	1
326400	1
326592	2
326700	1
326907	1
326928	2
327420	2
327600	1
327680	1
327696	1
327987	1
328104	1
328293	2
329056	1
329408	1
329728	1
329799	1
329805	1
329936	1
329984	1
330240	3
330372	1
330480	1
330588	1
330624	1
330687	1
330993	1
331092	2
331319	1
331398	1
331605	1
331776	1
331968	2
332010	1
332199	1
332519	1
332528	1
333095	1
334080	1
334260	2
334425	1
334557	1
334640	1
334719	2
334784	1
334848	1
335052	1
335063	1
335384	1
335495	1
335552	1
335664	2
335792	1
335888	1
335918	1
336128	1
336368	1
336560	1
336951	1
337365	1
337617	1
337725	1
337920	1
337932	1
338130	1
338436	1
338480	1
338688	3
338885	1
338912	2
339011	1
339152	1
339200	2
339317	1
339534	1
339632	1
339680	1
339687	1
340208	1
340284	2
340416	1
340515	1
340599	1
341040	1
341079	1
341388	1
341511	1
341595	1
341802	1
341901	1
341952	1
342009	1
342160	1
342295	1
342720	1
342727	1
343049	1
343168	2
343728	1
343824	1
343980	3
344448	1
344576	1
344604	2
344925	1
345036	1
345116	2
345168	1
345351	1
345431	1
345440	1
345557	1
345600	1
345674	1
345744	1
345780	1
345872	1
345891	1
345998	1
346080	1
346115	1
346343	1
346352	1
346640	1
346766	2
346784	1
347072	3
347760	1
347967	1
348096	2
348425	1
348516	1
348705	1
348840	1
348876	1
348965	1
349055	1
349181	1
349200	1
349351	1
349397	1
349416	1
349605	1
349632	2
349680	1
349696	1
349712	1
349799	1
349877	1
350000	1
350112	1
350128	1
350448	1
350464	1
350720	1
350912	1
351168	1
351456	1
351472	1
351531	1
351540	2
351624	1
351799	1
351920	1
352512	1
352555	1
352611	1
352711	1
352800	1
352818	1
352996	1
353024	2
353280	2
353360	1
353465	1
353591	1
353600	1
353696	1
353736	1
353808	1
353925	1
354023	1
354032	3
354048	2
354144	1
354254	1
354368	1
354471	1
354480	1
354576	1
354800	2
354992	1
355404	3
356085	1
356141	1
356160	4
356184	1
356307	1
356316	1
356405	1
356631	1
356640	1
356720	1
356729	1
356846	1
356946	1
356965	1
357072	1
357084	1
357120	1
357161	1
357200	1
357273	1
357415	1
357532	1
357552	1
358560	1
358704	1
359121	1
359520	1
359856	3
359921	1
359975	1
360000	3
360080	1
360304	1
360311	1
360544	1
360560	1
360647	1
360668	1
360677	1
360745	1
360880	1
360992	1
361081	1
361088	2
361148	1
361157	1
361239	1
361305	1
361454	1
361456	1
361568	1
361648	2
361712	1
361760	1
362016	1
362112	1
362352	1
362432	1
362480	1
362880	3
363216	2
363629	1
363660	1
363734	1
363825	1
363860	2
363972	2
363996	1
364085	1
364104	1
364224	2
364320	2
364400	1
364430	1
364464	1
364500	1
364560	1
364649	1
364814	1
364889	1
364985	1
364992	3
365216	1
365328	1
365472	1
365488	1
365552	1
366183	1
366744	1
366912	1
367332	1
367488	1
367668	1
367745	1
367829	1
367920	1
367990	1
368057	1
368064	2
368146	1
368263	1
368431	1
368480	2
368585	1
368587	1
368795	1
368832	1
369138	1
369392	1
369408	1
369486	1
369488	1
370032	1
370125	1
370440	1
370783	1
370956	1
371261	1
371280	1
371476	1
371595	1
371693	1
371840	2
371849	1
372005	1
372064	1
372075	1
372164	2
372240	1
372320	1
372329	1
372576	1
372649	1
372800	1
373168	1
373248	1
374256	1
374556	1
374580	1
374885	1
374976	3
375120	1
375396	2
375492	1
375504	1
376075	1
376080	1
376089	1
376096	1
376320	2
376329	1
376336	1
376432	1
376439	1
376516	1
376768	3
377008	1
377024	1
377031	1
377175	1
377248	1
377328	1
377353	1
377360	1
377460	1
377504	1
377584	1
377817	1
378000	2
378432	1
379008	1
379015	1
379169	1
379337	1
379584	1
379610	1
379680	1
379776	1
379788	1
379995	1
380009	1
380016	1
380105	1
380117	1
380160	1
380208	1
380249	1
380324	2
380345	1
380352	3
380441	1
380480	1
380672	2
380679	1
380912	1
381024	2
382620	1
382776	1
382788	1
382865	1
383040	1
383285	2
383292	1
383600	1
383760	1
385236	1
385875	1
385920	1
386064	1
386904	1
387072	1
387499	1
387604	1
387695	1
387737	1
387856	1
387940	2
388080	1
388185	1
388196	1
388283	1
388361	1
388416	1
388434	1
388441	1
388528	1
388539	1
388608	1
388624	1
388697	1
388704	1
388777	1
388800	1
388953	1
388960	1
389008	1
390144	1
390432	1
390528	1
390852	1
391044	1
391181	1
391296	1
391380	1
391433	1
391440	1
391620	2
391625	1
391632	1
391680	1
391755	1
391865	1
391872	1
393216	1
393984	2
394128	1
394308	1
394560	1
394625	1
396576	1
396900	1
399595	1
399700	1
400128	1
400144	1
400201	1
400320	1
400393	1
401616	1
402192	2
402780	1
402948	1
403140	1
403440	1
405648	1
406848	1
408240	2
408528	1
411845	1
412164	1
412672	1
413280	1
413424	1
414315	1
414400	1
414720	1
416745	1
417792	2
418512	1
419520	1
419904	2
420336	1
421848	1
422091	1
422912	1
423360	1
423936	1
425088	1
425488	1
427536	1
427712	1
428265	1
428736	1
429975	1
430320	1
430353	1
431616	1
433755	1
433920	1
434484	1
435456	1
435600	1
435744	1
435904	1
436928	1
439587	1
440320	1
440640	1
440832	1
441063	1
442260	1
442368	1
442624	1
443475	1
444528	1
445440	1
445680	1
445842	1
446464	1
446736	1
447552	2
448092	1
448335	1
451143	1
451584	1
451980	2
453600	1
453888	2
454455	1
454617	1
454896	1
455184	1
456960	1
458235	1
458640	1
458802	1
459108	1
459207	1
459351	1
459472	1
460048	1
461727	1
462240	1
462672	2
464247	1
465168	1
465465	1
465600	1
465888	1
466176	1
466560	1
466992	2
467658	1
467775	1
467964	2
468720	1
469143	1
469287	1
471040	1
471744	1
472064	1
472311	1
472716	1
472815	1
472923	1
473440	1
473872	2
473895	1
474439	1
474880	2
475088	1
476096	1
476112	1
476280	1
476721	1
478080	2
478272	2
478359	1
478704	1
478830	1
479271	1
479353	1
479559	1
480000	3
481572	1
482652	2
482895	1
483084	1
483525	1
483840	1
484092	1
484288	1
484880	1
485296	1
485328	1
485472	1
485632	1
485760	1
486000	1
486080	1
486656	1
487104	1
487503	1
487795	1
488070	1
488551	1
488565	1
488583	1
488988	2
489216	2
489335	1
489783	1
489984	1
490224	1
490752	1
492156	3
492255	1
493068	1
493824	1
493920	1
494158	1
494167	1
494608	1
495040	1
495392	1
495815	1
496125	1
497664	2
498204	1
498213	1
498519	1
498771	1
498967	1
499008	1
499125	1
499392	1
499431	1
499440	1
499557	1
499863	1
499895	1
499968	1
500160	1
500528	1
500656	1
500672	1
501440	1
501760	1
501984	1
502740	1
503271	1
503280	1
503580	1
504000	1
504336	1
504576	2
505015	1
505344	1
506368	1
506384	1
506736	1
507136	1
508032	3
508963	1
509287	1
509355	1
509404	2
509719	1
510062	1
510160	1
510279	1
510300	1
510368	1
510384	1
510503	1
510510	1
510711	1
510720	1
511056	1
511680	1
513480	1
513648	1
513765	1
513804	1
514080	1
514236	2
514551	1
514560	1
517104	1
518076	1
518175	1
518400	1
518616	1
520135	1
520576	2
520704	1
521070	1
521136	1
521255	1
521392	1
521399	1
521696	1
521728	1
521840	1
521847	1
521920	1
522160	1
522176	1
522496	1
524349	1
524748	1
524839	1
525189	1
525312	2
525408	1
525497	1
525504	2
525744	1
525751	1
526071	1
526080	2
528444	1
529200	2
529356	1
532656	1
536011	1
536256	1
536599	1
536690	1
536848	1
536855	1
536928	1
537040	1
537184	1
537191	1
537264	1
537520	1
537920	1
540225	1
540540	1
540624	1
540864	2
540876	1
541200	1
541205	1
544320	2
544644	1
551232	1
552475	1
552727	1
552960	1
552976	1
553049	1
555660	1
556416	1
557056	1
559872	2
560448	1
566784	1
571536	1
573760	1
575488	1
580041	1
580608	1
583200	1
587520	1
587776	1
589824	1
593920	1
594864	1
602640	1
603369	1
607257	1
612144	1
612360	1
615033	1
620865	1
621108	1
622656	1
623952	1
628155	1
628992	2
629721	1
630288	1
632772	2
635040	1
637696	1
637875	1
638272	1
640000	1
640548	1
641277	1
641529	1
643536	1
644112	1
646380	1
647460	1
648432	1
649305	1
652288	1
653184	2
654885	1
656208	2
656370	1
656425	1
657424	1
658432	1
660555	1
660960	1
662256	1
663552	2
664848	1
665344	1
666792	1
668745	1
669312	2
670185	1
670752	1
670761	1
671440	1
672448	1
672768	1
673792	1
674163	1
674676	1
675243	1
675648	2
677376	1
680400	1
683424	1
683991	1
684640	1
684649	1
685072	1
685648	1
686080	1
689157	1
689472	1
690030	1
690039	1
690336	1
690768	1
691200	1
694575	1
695088	1
699664	1
699840	1
700416	1
700672	1
701440	1
703836	1
704592	1
704935	1
705159	2
705367	1
705376	1
705600	1
705808	1
709884	1
710208	2
710640	1
710649	1
714420	1
719271	1
719950	1
720391	1
720720	1
720832	1
721152	1
721168	1
721600	1
725004	1
725445	1
725760	3
726103	1
726192	1
730620	1
734832	1
740880	1
741321	1
741559	1
741888	1
741895	1
746172	1
746496	2
755712	1
774144	1
816480	1
820125	1
828144	1
838656	1
839808	1
843696	1
849285	1
851472	1
857304	1
862407	1
863280	1
864576	1
866781	1
870912	1
878688	1
879417	1
883008	1
884736	1
886464	1
887193	1
893025	1
899568	1
900864	1
903168	1
904932	1
906633	2
912708	1
919296	1
921600	1
924777	1
925650	1
926217	1
926784	1
932148	1
933120	3
944784	1
945945	1
946512	1
946944	1
947520	1
952560	2
953127	1
953433	1
959364	1
966672	1
967680	1
972405	1
973728	1
974160	1
974169	1
979776	1
994455	1
994896	1
995328	2
1000188	1
1119744	1
1135296	1
1148175	1
1161216	1
1165671	1
1181952	1
1188999	1
1198476	1
1216215	1
1216944	1
1224720	1
1225449	1
1242864	1
1244160	1
1250235	1
1251936	1
1259712	1
1270080	1
1278585	1
1279152	1
1285956	1
1305801	1
1306368	1
1333584	1
1492992	1
1574640	1
1597968	1
1607445	1
1632960	1
1643895	1
1653372	1
1678887	1
1679616	1
1714608	1
1750329	1
2099520	1
2125764	1
2158569	1
2204496	1
2250423	1
2834352	1
2893401	1
3720087	1
4782969	1
